[INFO] Scanning for projects...
[INFO] Inspecting build with total of 22 modules
[INFO] Installing Central Publishing features
[INFO] ------------------------------------------------------------------------
[INFO] Reactor Build Order:
[INFO] 
[INFO] Telicent Smart Caches - Parent                                     [pom]
[INFO] Telicent Smart Caches - Configuration API                          [jar]
[INFO] Telicent Smart Caches - Observability Core API                     [jar]
[INFO] Telicent Smart Caches - Projectors - Core API                      [jar]
[INFO] Telicent Smart Caches - Event Sources                              [pom]
[INFO] Telicent Smart Caches - Event Sources - Core API                   [jar]
[INFO] Telicent Smart Caches - Projectors - Driver                        [jar]
[INFO] Telicent Smart Caches - Event Sources - Kafka                      [jar]
[INFO] Telicent Smart Caches - Event Sources - File                       [jar]
[INFO] Telicent Smart Caches - JWT Authentication                         [jar]
[INFO] Telicent Smart Caches - Distribution Lifecycle                     [jar]
[INFO] Telicent Smart Caches - Data Security Plugins - Parent             [pom]
[INFO] Telicent Smart Caches - Data Security Plugins - Plugin API         [jar]
[INFO] Telicent Smart Caches - JAX-RS Base Server                         [jar]
[INFO] Telicent Smart Caches - CLI                                        [pom]
[INFO] Telicent Smart Caches - CLI - Health Probe Server                  [jar]
[INFO] Telicent Smart Caches - Action Tracker                             [jar]
[INFO] Telicent Smart Caches - CLI - Core API                             [jar]
[INFO] Telicent Smart Caches - CLI - Debug Tools                          [jar]
[INFO] Telicent Smart Caches - Data Security Plugins - RDF ABAC Implementation [jar]
[INFO] Telicent Smart Caches - Data Security Plugins - RDF ABAC Registration [jar]
[INFO] Telicent Smart Caches - Core Benchmarks                            [jar]
[INFO] 
[INFO] ------------------< io.telicent.smart-caches:parent >-------------------
[INFO] Building Telicent Smart Caches - Parent 1.3.3-SNAPSHOT            [1/22]
[INFO]   from pom.xml
[INFO] --------------------------------[ pom ]---------------------------------
[INFO] 
[INFO] --- clean:3.2.0:clean (default-clean) @ parent ---
[INFO] Deleting /Users/paulgallagher/Code/smart-caches-core/target
[INFO] 
[INFO] --- enforcer:3.6.3:enforce (enforce-versions) @ parent ---
[INFO] Rule 0: org.apache.maven.enforcer.rules.version.RequireMavenVersion passed
[INFO] Rule 1: org.apache.maven.enforcer.rules.version.RequireJavaVersion passed
[INFO] 
[INFO] --- license:5.1.2:check (check-licenses) @ parent ---
[INFO] Checking licenses...
[WARNING] Unknown file extension: /Users/paulgallagher/Code/smart-caches-core/docs/data-security/label-ingest-flow.mmd
[WARNING] Unknown file extension: /Users/paulgallagher/Code/smart-caches-core/docs/data-security/label-data-access-flow.mmd
[WARNING] Unknown file extension: /Users/paulgallagher/Code/smart-caches-core/lombok.config
[INFO] License check: 10 file(s) checked (OK: 7, Missing: 0, Unknown: 3)
[WARNING] Unable to find a comment style definition for some files. You may want to add a custom mapping for the relevant file extensions.
[INFO] 
[INFO] --- lombok:1.18.20.0:delombok (default) @ parent ---
[WARNING] Skipping Delombok; no source to process.
[INFO] 
[INFO] --- buildnumber:3.3.0:create-metadata (default) @ parent ---
[INFO] 
[INFO] --- jar:3.5.1:test-jar (create-test-jar) @ parent ---
[INFO] Skipping packaging of the test-jar
[INFO] 
[INFO] >>> source:3.4.0:jar (attach-sources) > generate-sources @ parent >>>
[INFO] 
[INFO] --- enforcer:3.6.3:enforce (enforce-versions) @ parent ---
[INFO] 
[INFO] --- license:5.1.2:check (check-licenses) @ parent ---
[INFO] Checking licenses...
[WARNING] Unknown file extension: /Users/paulgallagher/Code/smart-caches-core/lombok.config
[WARNING] Unknown file extension: /Users/paulgallagher/Code/smart-caches-core/docs/data-security/label-data-access-flow.mmd
[WARNING] Unknown file extension: /Users/paulgallagher/Code/smart-caches-core/docs/data-security/label-ingest-flow.mmd
[INFO] License check: 10 file(s) checked (OK: 7, Missing: 0, Unknown: 3)
[WARNING] Unable to find a comment style definition for some files. You may want to add a custom mapping for the relevant file extensions.
[INFO] 
[INFO] --- lombok:1.18.20.0:delombok (default) @ parent ---
[WARNING] Skipping Delombok; no source to process.
[INFO] 
[INFO] <<< source:3.4.0:jar (attach-sources) < generate-sources @ parent <<<
[INFO] 
[INFO] 
[INFO] --- source:3.4.0:jar (attach-sources) @ parent ---
[INFO] 
[INFO] >>> source:3.4.0:test-jar (attach-test-sources) > generate-sources @ parent >>>
[INFO] 
[INFO] --- enforcer:3.6.3:enforce (enforce-versions) @ parent ---
[INFO] 
[INFO] --- license:5.1.2:check (check-licenses) @ parent ---
[INFO] Checking licenses...
[WARNING] Unknown file extension: /Users/paulgallagher/Code/smart-caches-core/lombok.config
[WARNING] Unknown file extension: /Users/paulgallagher/Code/smart-caches-core/docs/data-security/label-data-access-flow.mmd
[WARNING] Unknown file extension: /Users/paulgallagher/Code/smart-caches-core/docs/data-security/label-ingest-flow.mmd
[INFO] License check: 10 file(s) checked (OK: 7, Missing: 0, Unknown: 3)
[WARNING] Unable to find a comment style definition for some files. You may want to add a custom mapping for the relevant file extensions.
[INFO] 
[INFO] --- lombok:1.18.20.0:delombok (default) @ parent ---
[WARNING] Skipping Delombok; no source to process.
[INFO] 
[INFO] <<< source:3.4.0:test-jar (attach-test-sources) < generate-sources @ parent <<<
[INFO] 
[INFO] 
[INFO] --- source:3.4.0:test-jar (attach-test-sources) @ parent ---
[INFO] Skipping source per configuration.
[INFO] 
[INFO] --- javadoc:3.12.0:jar (default) @ parent ---
[INFO] Not executing Javadoc as the project is not a Java classpath-capable package
[INFO] 
[INFO] --- cyclonedx:2.9.3:makeAggregateBom (build-sbom-cyclonedx) @ parent ---
[INFO] CycloneDX: Resolving Aggregated Dependencies
Downloading from apache-snapshots: https://repository.apache.org/content/repositories/snapshots/io/telicent/smart-caches/configurator/1.3.3-SNAPSHOT/maven-metadata.xml
Downloading from apache-snapshots: https://repository.apache.org/content/repositories/snapshots/io/telicent/smart-caches/observability-core/1.3.3-SNAPSHOT/maven-metadata.xml
Downloading from apache-snapshots: https://repository.apache.org/content/repositories/snapshots/io/telicent/smart-caches/projectors-core/1.3.3-SNAPSHOT/maven-metadata.xml
Downloading from apache-snapshots: https://repository.apache.org/content/repositories/snapshots/io/telicent/smart-caches/event-sources-core/1.3.3-SNAPSHOT/maven-metadata.xml
Downloading from apache-snapshots: https://repository.apache.org/content/repositories/snapshots/io/telicent/smart-caches/event-source-kafka/1.3.3-SNAPSHOT/maven-metadata.xml
Downloading from apache-snapshots: https://repository.apache.org/content/repositories/snapshots/io/telicent/smart-caches/projector-driver/1.3.3-SNAPSHOT/maven-metadata.xml
Downloading from apache-snapshots: https://repository.apache.org/content/repositories/snapshots/io/telicent/smart-caches/jwt-auth-common/1.3.3-SNAPSHOT/maven-metadata.xml
Downloading from apache-snapshots: https://repository.apache.org/content/repositories/snapshots/io/telicent/smart-caches/distribution-lifecycle/1.3.3-SNAPSHOT/maven-metadata.xml
Downloading from apache-snapshots: https://repository.apache.org/content/repositories/snapshots/io/telicent/smart-caches/jwt-auth-common/1.3.3-SNAPSHOT/jwt-auth-common-1.3.3-SNAPSHOT.jar
Downloading from apache-snapshots: https://repository.apache.org/content/repositories/snapshots/io/telicent/smart-caches/distribution-lifecycle/1.3.3-SNAPSHOT/distribution-lifecycle-1.3.3-SNAPSHOT.jar
Downloading from apache-snapshots: https://repository.apache.org/content/repositories/snapshots/io/telicent/smart-caches/data-security-core/1.3.3-SNAPSHOT/maven-metadata.xml
Downloading from apache-snapshots: https://repository.apache.org/content/repositories/snapshots/io/telicent/smart-caches/data-security-core/1.3.3-SNAPSHOT/data-security-core-1.3.3-SNAPSHOT.jar
Downloading from apache-snapshots: https://repository.apache.org/content/repositories/snapshots/io/telicent/smart-caches/jaxrs-base-server/1.3.3-SNAPSHOT/maven-metadata.xml
Downloading from apache-snapshots: https://repository.apache.org/content/repositories/snapshots/io/telicent/smart-caches/jaxrs-base-server/1.3.3-SNAPSHOT/jaxrs-base-server-1.3.3-SNAPSHOT.jar
Downloading from apache-snapshots: https://repository.apache.org/content/repositories/snapshots/io/telicent/smart-caches/jaxrs-base-server/1.3.3-SNAPSHOT/jaxrs-base-server-1.3.3-SNAPSHOT-tests.jar
Downloading from apache-snapshots: https://repository.apache.org/content/repositories/snapshots/io/telicent/smart-caches/event-source-file/1.3.3-SNAPSHOT/maven-metadata.xml
Downloading from apache-snapshots: https://repository.apache.org/content/repositories/snapshots/io/telicent/smart-caches/cli-probe-server/1.3.3-SNAPSHOT/maven-metadata.xml
Downloading from apache-snapshots: https://repository.apache.org/content/repositories/snapshots/io/telicent/smart-caches/action-tracker/1.3.3-SNAPSHOT/maven-metadata.xml
Downloading from apache-snapshots: https://repository.apache.org/content/repositories/snapshots/io/telicent/smart-caches/event-source-file/1.3.3-SNAPSHOT/event-source-file-1.3.3-SNAPSHOT.jar
Downloading from apache-snapshots: https://repository.apache.org/content/repositories/snapshots/io/telicent/smart-caches/cli-probe-server/1.3.3-SNAPSHOT/cli-probe-server-1.3.3-SNAPSHOT.jar
Downloading from apache-snapshots: https://repository.apache.org/content/repositories/snapshots/io/telicent/smart-caches/action-tracker/1.3.3-SNAPSHOT/action-tracker-1.3.3-SNAPSHOT.jar
Downloading from apache-snapshots: https://repository.apache.org/content/repositories/snapshots/io/telicent/smart-caches/distribution-lifecycle/1.3.3-SNAPSHOT/distribution-lifecycle-1.3.3-SNAPSHOT-tests.jar
Downloading from apache-snapshots: https://repository.apache.org/content/repositories/snapshots/io/telicent/smart-caches/cli-core/1.3.3-SNAPSHOT/maven-metadata.xml
Downloading from apache-snapshots: https://repository.apache.org/content/repositories/snapshots/io/telicent/smart-caches/cli-core/1.3.3-SNAPSHOT/cli-core-1.3.3-SNAPSHOT.jar
Downloading from apache-snapshots: https://repository.apache.org/content/repositories/snapshots/io/telicent/smart-caches/cli-core/1.3.3-SNAPSHOT/cli-core-1.3.3-SNAPSHOT-tests.jar
Downloading from apache-snapshots: https://repository.apache.org/content/repositories/snapshots/io/telicent/smart-caches/data-security-core/1.3.3-SNAPSHOT/data-security-core-1.3.3-SNAPSHOT-tests.jar
Downloading from apache-snapshots: https://repository.apache.org/content/repositories/snapshots/io/telicent/smart-caches/data-security-plugin-rdf-abac/1.3.3-SNAPSHOT/maven-metadata.xml
Downloading from apache-snapshots: https://repository.apache.org/content/repositories/snapshots/io/telicent/smart-caches/data-security-plugin-rdf-abac/1.3.3-SNAPSHOT/data-security-plugin-rdf-abac-1.3.3-SNAPSHOT.jar
[WARNING] BOM dependency listed but is not depended upon: pkg:maven/com.google.errorprone/error_prone_annotations@2.49.0?type=jar
[WARNING] BOM dependency listed but is not depended upon: pkg:maven/io.telicent.smart-caches/projector-driver@1.2.2?type=jar
[INFO] CycloneDX: Creating BOM version 1.6 with 187 component(s)
[INFO] CycloneDX: Writing and validating BOM (JSON): /Users/paulgallagher/Code/smart-caches-core/target/parent-1.3.3-SNAPSHOT-bom.json
[WARNING] Unknown keyword meta:enum - you should define your own Meta Schema. If the keyword is irrelevant for validation, just use a NonValidationKeyword or if it should generate annotations AnnotationKeyword
[WARNING] Unknown keyword deprecated - you should define your own Meta Schema. If the keyword is irrelevant for validation, just use a NonValidationKeyword or if it should generate annotations AnnotationKeyword
[INFO]            attaching as parent-1.3.3-SNAPSHOT-cyclonedx.json
[INFO] 
[INFO] --- gpg:3.2.8:sign (default) @ parent ---
[INFO] Signer 'gpg' is signing 2 files with key default
[INFO] 
[INFO] --- install:3.1.2:install (default-install) @ parent ---
[INFO] Installing /Users/paulgallagher/Code/smart-caches-core/pom.xml to /Users/paulgallagher/.m2/repository/io/telicent/smart-caches/parent/1.3.3-SNAPSHOT/parent-1.3.3-SNAPSHOT.pom
[INFO] Installing /Users/paulgallagher/Code/smart-caches-core/target/parent-1.3.3-SNAPSHOT-bom.json to /Users/paulgallagher/.m2/repository/io/telicent/smart-caches/parent/1.3.3-SNAPSHOT/parent-1.3.3-SNAPSHOT-cyclonedx.json
[INFO] Installing /Users/paulgallagher/Code/smart-caches-core/target/parent-1.3.3-SNAPSHOT.pom.asc to /Users/paulgallagher/.m2/repository/io/telicent/smart-caches/parent/1.3.3-SNAPSHOT/parent-1.3.3-SNAPSHOT.pom.asc
[INFO] Installing /Users/paulgallagher/Code/smart-caches-core/target/parent-1.3.3-SNAPSHOT-bom.json.asc to /Users/paulgallagher/.m2/repository/io/telicent/smart-caches/parent/1.3.3-SNAPSHOT/parent-1.3.3-SNAPSHOT-cyclonedx.json.asc
[INFO] 
[INFO] ---------------< io.telicent.smart-caches:configurator >----------------
[INFO] Building Telicent Smart Caches - Configuration API 1.3.3-SNAPSHOT [2/22]
[INFO]   from configurator/pom.xml
[INFO] --------------------------------[ jar ]---------------------------------
[INFO] 
[INFO] --- clean:3.2.0:clean (default-clean) @ configurator ---
[INFO] Deleting /Users/paulgallagher/Code/smart-caches-core/configurator/target
[INFO] 
[INFO] --- enforcer:3.6.3:enforce (enforce-versions) @ configurator ---
[INFO] 
[INFO] --- license:5.1.2:check (check-licenses) @ configurator ---
[INFO] Checking licenses...
[INFO] License check: 10 file(s) checked (OK: 10, Missing: 0, Unknown: 0)
[INFO] 
[INFO] --- lombok:1.18.20.0:delombok (default) @ configurator ---
[INFO] Delombok complete.
[INFO] 
[INFO] --- buildnumber:3.3.0:create-metadata (default) @ configurator ---
[INFO] 
[INFO] --- resources:3.3.1:resources (default-resources) @ configurator ---
[INFO] skip non existing resourceDirectory /Users/paulgallagher/Code/smart-caches-core/configurator/src/main/resources
[INFO] Copying 1 resource from target/generated/build-metadata to target/classes
[INFO] 
[INFO] --- compiler:3.15.0:compile (default-compile) @ configurator ---
[INFO] Recompiling the module because of changed source code.
[INFO] Compiling 6 source files with javac [debug release 21] to target/classes
[INFO] 
[INFO] --- resources:3.3.1:testResources (default-testResources) @ configurator ---
[INFO] Copying 2 resources from src/test/resources to target/test-classes
[INFO] 
[INFO] --- compiler:3.15.0:testCompile (default-testCompile) @ configurator ---
[INFO] Recompiling the module because of changed dependency.
[INFO] Compiling 2 source files with javac [debug release 21] to target/test-classes
[INFO] 
[INFO] --- jacoco:0.8.15:prepare-agent (prepare-agent) @ configurator ---
[INFO] argLine set to -javaagent:/Users/paulgallagher/.m2/repository/org/jacoco/org.jacoco.agent/0.8.15/org.jacoco.agent-0.8.15-runtime.jar=destfile=/Users/paulgallagher/Code/smart-caches-core/configurator/target/jacoco.exec,append=true
[INFO] 
[INFO] --- surefire:3.2.5:test (default-test) @ configurator ---
[INFO] Using auto detected provider org.apache.maven.surefire.testng.TestNGProvider
[INFO] 
[INFO] -------------------------------------------------------
[INFO]  T E S T S
[INFO] -------------------------------------------------------
[INFO] Running TestSuite
[INFO] Tests run: 29, Failures: 0, Errors: 0, Skipped: 0, Time elapsed: 0.574 s -- in TestSuite
[INFO] 
[INFO] Results:
[INFO] 
[INFO] Tests run: 29, Failures: 0, Errors: 0, Skipped: 0
[INFO] 
[INFO] 
[INFO] --- jar:3.5.1:jar (default-jar) @ configurator ---
[INFO] Building jar: /Users/paulgallagher/Code/smart-caches-core/configurator/target/configurator-1.3.3-SNAPSHOT.jar
[INFO] 
[INFO] --- jar:3.5.1:test-jar (create-test-jar) @ configurator ---
[INFO] Skipping packaging of the test-jar
[INFO] 
[INFO] >>> source:3.4.0:jar (attach-sources) > generate-sources @ configurator >>>
[INFO] 
[INFO] --- enforcer:3.6.3:enforce (enforce-versions) @ configurator ---
[INFO] 
[INFO] --- license:5.1.2:check (check-licenses) @ configurator ---
[INFO] Checking licenses...
[INFO] License check: 10 file(s) checked (OK: 10, Missing: 0, Unknown: 0)
[INFO] 
[INFO] --- lombok:1.18.20.0:delombok (default) @ configurator ---
[INFO] Delombok complete.
[INFO] 
[INFO] <<< source:3.4.0:jar (attach-sources) < generate-sources @ configurator <<<
[INFO] 
[INFO] 
[INFO] --- source:3.4.0:jar (attach-sources) @ configurator ---
[INFO] Building jar: /Users/paulgallagher/Code/smart-caches-core/configurator/target/configurator-1.3.3-SNAPSHOT-sources.jar
[INFO] 
[INFO] >>> source:3.4.0:test-jar (attach-test-sources) > generate-sources @ configurator >>>
[INFO] 
[INFO] --- enforcer:3.6.3:enforce (enforce-versions) @ configurator ---
[INFO] 
[INFO] --- license:5.1.2:check (check-licenses) @ configurator ---
[INFO] Checking licenses...
[INFO] License check: 10 file(s) checked (OK: 10, Missing: 0, Unknown: 0)
[INFO] 
[INFO] --- lombok:1.18.20.0:delombok (default) @ configurator ---
[INFO] Delombok complete.
[INFO] 
[INFO] <<< source:3.4.0:test-jar (attach-test-sources) < generate-sources @ configurator <<<
[INFO] 
[INFO] 
[INFO] --- source:3.4.0:test-jar (attach-test-sources) @ configurator ---
[INFO] Skipping source per configuration.
[INFO] 
[INFO] --- javadoc:3.12.0:jar (default) @ configurator ---
[INFO] Building jar: /Users/paulgallagher/Code/smart-caches-core/configurator/target/configurator-1.3.3-SNAPSHOT-javadoc.jar
[INFO] 
[INFO] --- cyclonedx:2.9.3:makeAggregateBom (build-sbom-cyclonedx) @ configurator ---
[INFO] CycloneDX: Resolving Dependencies
[INFO] CycloneDX: Creating BOM version 1.6 with 1 component(s)
[INFO] CycloneDX: Writing and validating BOM (JSON): /Users/paulgallagher/Code/smart-caches-core/configurator/target/configurator-1.3.3-SNAPSHOT-bom.json
[INFO]            attaching as configurator-1.3.3-SNAPSHOT-cyclonedx.json
[INFO] 
[INFO] --- gpg:3.2.8:sign (default) @ configurator ---
[INFO] Signer 'gpg' is signing 5 files with key default
[INFO] 
[INFO] --- jacoco:0.8.15:report (report) @ configurator ---
[INFO] Loading execution data file /Users/paulgallagher/Code/smart-caches-core/configurator/target/jacoco.exec
[INFO] Analyzed bundle 'Telicent Smart Caches - Configuration API' with 6 classes
[INFO] 
[INFO] --- jacoco:0.8.15:check (require-test-coverage) @ configurator ---
[INFO] Loading execution data file /Users/paulgallagher/Code/smart-caches-core/configurator/target/jacoco.exec
[INFO] Analyzed bundle 'configurator' with 6 classes
[INFO] All coverage checks have been met.
[INFO] 
[INFO] --- install:3.1.2:install (default-install) @ configurator ---
[INFO] Installing /Users/paulgallagher/Code/smart-caches-core/configurator/pom.xml to /Users/paulgallagher/.m2/repository/io/telicent/smart-caches/configurator/1.3.3-SNAPSHOT/configurator-1.3.3-SNAPSHOT.pom
[INFO] Installing /Users/paulgallagher/Code/smart-caches-core/configurator/target/configurator-1.3.3-SNAPSHOT.jar to /Users/paulgallagher/.m2/repository/io/telicent/smart-caches/configurator/1.3.3-SNAPSHOT/configurator-1.3.3-SNAPSHOT.jar
[INFO] Installing /Users/paulgallagher/Code/smart-caches-core/configurator/target/configurator-1.3.3-SNAPSHOT-sources.jar to /Users/paulgallagher/.m2/repository/io/telicent/smart-caches/configurator/1.3.3-SNAPSHOT/configurator-1.3.3-SNAPSHOT-sources.jar
[INFO] Installing /Users/paulgallagher/Code/smart-caches-core/configurator/target/configurator-1.3.3-SNAPSHOT-javadoc.jar to /Users/paulgallagher/.m2/repository/io/telicent/smart-caches/configurator/1.3.3-SNAPSHOT/configurator-1.3.3-SNAPSHOT-javadoc.jar
[INFO] Installing /Users/paulgallagher/Code/smart-caches-core/configurator/target/configurator-1.3.3-SNAPSHOT-bom.json to /Users/paulgallagher/.m2/repository/io/telicent/smart-caches/configurator/1.3.3-SNAPSHOT/configurator-1.3.3-SNAPSHOT-cyclonedx.json
[INFO] Installing /Users/paulgallagher/Code/smart-caches-core/configurator/target/configurator-1.3.3-SNAPSHOT.jar.asc to /Users/paulgallagher/.m2/repository/io/telicent/smart-caches/configurator/1.3.3-SNAPSHOT/configurator-1.3.3-SNAPSHOT.jar.asc
[INFO] Installing /Users/paulgallagher/Code/smart-caches-core/configurator/target/configurator-1.3.3-SNAPSHOT.pom.asc to /Users/paulgallagher/.m2/repository/io/telicent/smart-caches/configurator/1.3.3-SNAPSHOT/configurator-1.3.3-SNAPSHOT.pom.asc
[INFO] Installing /Users/paulgallagher/Code/smart-caches-core/configurator/target/configurator-1.3.3-SNAPSHOT-sources.jar.asc to /Users/paulgallagher/.m2/repository/io/telicent/smart-caches/configurator/1.3.3-SNAPSHOT/configurator-1.3.3-SNAPSHOT-sources.jar.asc
[INFO] Installing /Users/paulgallagher/Code/smart-caches-core/configurator/target/configurator-1.3.3-SNAPSHOT-javadoc.jar.asc to /Users/paulgallagher/.m2/repository/io/telicent/smart-caches/configurator/1.3.3-SNAPSHOT/configurator-1.3.3-SNAPSHOT-javadoc.jar.asc
[INFO] Installing /Users/paulgallagher/Code/smart-caches-core/configurator/target/configurator-1.3.3-SNAPSHOT-bom.json.asc to /Users/paulgallagher/.m2/repository/io/telicent/smart-caches/configurator/1.3.3-SNAPSHOT/configurator-1.3.3-SNAPSHOT-cyclonedx.json.asc
[INFO] 
[INFO] ------------< io.telicent.smart-caches:observability-core >-------------
[INFO] Building Telicent Smart Caches - Observability Core API 1.3.3-SNAPSHOT [3/22]
[INFO]   from observability-core/pom.xml
[INFO] --------------------------------[ jar ]---------------------------------
[INFO] 
[INFO] --- clean:3.2.0:clean (default-clean) @ observability-core ---
[INFO] Deleting /Users/paulgallagher/Code/smart-caches-core/observability-core/target
[INFO] 
[INFO] --- enforcer:3.6.3:enforce (enforce-versions) @ observability-core ---
[INFO] 
[INFO] --- license:5.1.2:check (check-licenses) @ observability-core ---
[INFO] Checking licenses...
[INFO] License check: 41 file(s) checked (OK: 41, Missing: 0, Unknown: 0)
[INFO] 
[INFO] --- dependency:3.11.0:properties (properties) @ observability-core ---
[INFO] 
[INFO] --- lombok:1.18.20.0:delombok (default) @ observability-core ---
[INFO] Delombok complete.
[INFO] 
[INFO] --- buildnumber:3.3.0:create-metadata (default) @ observability-core ---
[INFO] 
[INFO] --- resources:3.3.1:resources (default-resources) @ observability-core ---
[INFO] skip non existing resourceDirectory /Users/paulgallagher/Code/smart-caches-core/observability-core/src/main/resources
[INFO] Copying 1 resource from target/generated/build-metadata to target/classes
[INFO] 
[INFO] --- compiler:3.15.0:compile (default-compile) @ observability-core ---
[INFO] Recompiling the module because of changed dependency.
[INFO] Compiling 26 source files with javac [debug release 21] to target/classes
[INFO] 
[INFO] --- resources:3.3.1:testResources (default-testResources) @ observability-core ---
[INFO] Copying 5 resources from src/test/resources to target/test-classes
[INFO] 
[INFO] --- compiler:3.15.0:testCompile (default-testCompile) @ observability-core ---
[INFO] Recompiling the module because of changed dependency.
[INFO] Compiling 13 source files with javac [debug release 21] to target/test-classes
[INFO] 
[INFO] --- jacoco:0.8.15:prepare-agent (prepare-agent) @ observability-core ---
[INFO] argLine set to -javaagent:/Users/paulgallagher/.m2/repository/org/jacoco/org.jacoco.agent/0.8.15/org.jacoco.agent-0.8.15-runtime.jar=destfile=/Users/paulgallagher/Code/smart-caches-core/observability-core/target/jacoco.exec,append=true
[INFO] 
[INFO] --- surefire:3.5.6:test (default-test) @ observability-core ---
[INFO] Using auto detected provider org.apache.maven.surefire.testng.TestNGProvider
[INFO] 
[INFO] -------------------------------------------------------
[INFO]  T E S T S
[INFO] -------------------------------------------------------
[INFO] Running TestSuite
[INFO] Tests run: 67, Failures: 0, Errors: 0, Skipped: 0, Time elapsed: 2.023 s -- in TestSuite
[INFO] 
[INFO] Results:
[INFO] 
[INFO] Tests run: 67, Failures: 0, Errors: 0, Skipped: 0
[INFO] 
[INFO] 
[INFO] --- jar:3.5.1:jar (default-jar) @ observability-core ---
[INFO] Building jar: /Users/paulgallagher/Code/smart-caches-core/observability-core/target/observability-core-1.3.3-SNAPSHOT.jar
[INFO] 
[INFO] --- jar:3.5.1:test-jar (create-test-jar) @ observability-core ---
[INFO] Building jar: /Users/paulgallagher/Code/smart-caches-core/observability-core/target/observability-core-1.3.3-SNAPSHOT-tests.jar
[INFO] 
[INFO] >>> source:3.4.0:jar (attach-sources) > generate-sources @ observability-core >>>
[INFO] 
[INFO] --- enforcer:3.6.3:enforce (enforce-versions) @ observability-core ---
[INFO] 
[INFO] --- license:5.1.2:check (check-licenses) @ observability-core ---
[INFO] Checking licenses...
[INFO] License check: 41 file(s) checked (OK: 41, Missing: 0, Unknown: 0)
[INFO] 
[INFO] --- dependency:3.11.0:properties (properties) @ observability-core ---
[INFO] 
[INFO] --- lombok:1.18.20.0:delombok (default) @ observability-core ---
[INFO] Delombok complete.
[INFO] 
[INFO] <<< source:3.4.0:jar (attach-sources) < generate-sources @ observability-core <<<
[INFO] 
[INFO] 
[INFO] --- source:3.4.0:jar (attach-sources) @ observability-core ---
[INFO] Building jar: /Users/paulgallagher/Code/smart-caches-core/observability-core/target/observability-core-1.3.3-SNAPSHOT-sources.jar
[INFO] 
[INFO] >>> source:3.4.0:test-jar (attach-test-sources) > generate-sources @ observability-core >>>
[INFO] 
[INFO] --- enforcer:3.6.3:enforce (enforce-versions) @ observability-core ---
[INFO] 
[INFO] --- license:5.1.2:check (check-licenses) @ observability-core ---
[INFO] Checking licenses...
[INFO] License check: 41 file(s) checked (OK: 41, Missing: 0, Unknown: 0)
[INFO] 
[INFO] --- dependency:3.11.0:properties (properties) @ observability-core ---
[INFO] 
[INFO] --- lombok:1.18.20.0:delombok (default) @ observability-core ---
[INFO] Delombok complete.
[INFO] 
[INFO] <<< source:3.4.0:test-jar (attach-test-sources) < generate-sources @ observability-core <<<
[INFO] 
[INFO] 
[INFO] --- source:3.4.0:test-jar (attach-test-sources) @ observability-core ---
[INFO] Building jar: /Users/paulgallagher/Code/smart-caches-core/observability-core/target/observability-core-1.3.3-SNAPSHOT-test-sources.jar
[INFO] 
[INFO] --- javadoc:3.12.0:jar (default) @ observability-core ---
[INFO] Building jar: /Users/paulgallagher/Code/smart-caches-core/observability-core/target/observability-core-1.3.3-SNAPSHOT-javadoc.jar
[INFO] 
[INFO] --- cyclonedx:2.9.3:makeAggregateBom (build-sbom-cyclonedx) @ observability-core ---
[INFO] CycloneDX: Resolving Dependencies
[INFO] CycloneDX: Creating BOM version 1.6 with 7 component(s)
[INFO] CycloneDX: Writing and validating BOM (JSON): /Users/paulgallagher/Code/smart-caches-core/observability-core/target/observability-core-1.3.3-SNAPSHOT-bom.json
[INFO]            attaching as observability-core-1.3.3-SNAPSHOT-cyclonedx.json
[INFO] 
[INFO] --- gpg:3.2.8:sign (default) @ observability-core ---
[INFO] Signer 'gpg' is signing 7 files with key default
[INFO] 
[INFO] --- jacoco:0.8.15:report (report) @ observability-core ---
[INFO] Loading execution data file /Users/paulgallagher/Code/smart-caches-core/observability-core/target/jacoco.exec
[INFO] Analyzed bundle 'Telicent Smart Caches - Observability Core API' with 17 classes
[INFO] 
[INFO] --- jacoco:0.8.15:check (require-test-coverage) @ observability-core ---
[INFO] Loading execution data file /Users/paulgallagher/Code/smart-caches-core/observability-core/target/jacoco.exec
[INFO] Analyzed bundle 'observability-core' with 17 classes
[INFO] All coverage checks have been met.
[INFO] 
[INFO] --- dependency:3.11.0:analyze-only (analyze) @ observability-core ---
[INFO] No dependency problems found
[INFO] 
[INFO] --- install:3.1.2:install (default-install) @ observability-core ---
[INFO] Installing /Users/paulgallagher/Code/smart-caches-core/observability-core/pom.xml to /Users/paulgallagher/.m2/repository/io/telicent/smart-caches/observability-core/1.3.3-SNAPSHOT/observability-core-1.3.3-SNAPSHOT.pom
[INFO] Installing /Users/paulgallagher/Code/smart-caches-core/observability-core/target/observability-core-1.3.3-SNAPSHOT.jar to /Users/paulgallagher/.m2/repository/io/telicent/smart-caches/observability-core/1.3.3-SNAPSHOT/observability-core-1.3.3-SNAPSHOT.jar
[INFO] Installing /Users/paulgallagher/Code/smart-caches-core/observability-core/target/observability-core-1.3.3-SNAPSHOT-tests.jar to /Users/paulgallagher/.m2/repository/io/telicent/smart-caches/observability-core/1.3.3-SNAPSHOT/observability-core-1.3.3-SNAPSHOT-tests.jar
[INFO] Installing /Users/paulgallagher/Code/smart-caches-core/observability-core/target/observability-core-1.3.3-SNAPSHOT-sources.jar to /Users/paulgallagher/.m2/repository/io/telicent/smart-caches/observability-core/1.3.3-SNAPSHOT/observability-core-1.3.3-SNAPSHOT-sources.jar
[INFO] Installing /Users/paulgallagher/Code/smart-caches-core/observability-core/target/observability-core-1.3.3-SNAPSHOT-test-sources.jar to /Users/paulgallagher/.m2/repository/io/telicent/smart-caches/observability-core/1.3.3-SNAPSHOT/observability-core-1.3.3-SNAPSHOT-test-sources.jar
[INFO] Installing /Users/paulgallagher/Code/smart-caches-core/observability-core/target/observability-core-1.3.3-SNAPSHOT-javadoc.jar to /Users/paulgallagher/.m2/repository/io/telicent/smart-caches/observability-core/1.3.3-SNAPSHOT/observability-core-1.3.3-SNAPSHOT-javadoc.jar
[INFO] Installing /Users/paulgallagher/Code/smart-caches-core/observability-core/target/observability-core-1.3.3-SNAPSHOT-bom.json to /Users/paulgallagher/.m2/repository/io/telicent/smart-caches/observability-core/1.3.3-SNAPSHOT/observability-core-1.3.3-SNAPSHOT-cyclonedx.json
[INFO] Installing /Users/paulgallagher/Code/smart-caches-core/observability-core/target/observability-core-1.3.3-SNAPSHOT.jar.asc to /Users/paulgallagher/.m2/repository/io/telicent/smart-caches/observability-core/1.3.3-SNAPSHOT/observability-core-1.3.3-SNAPSHOT.jar.asc
[INFO] Installing /Users/paulgallagher/Code/smart-caches-core/observability-core/target/observability-core-1.3.3-SNAPSHOT.pom.asc to /Users/paulgallagher/.m2/repository/io/telicent/smart-caches/observability-core/1.3.3-SNAPSHOT/observability-core-1.3.3-SNAPSHOT.pom.asc
[INFO] Installing /Users/paulgallagher/Code/smart-caches-core/observability-core/target/observability-core-1.3.3-SNAPSHOT-tests.jar.asc to /Users/paulgallagher/.m2/repository/io/telicent/smart-caches/observability-core/1.3.3-SNAPSHOT/observability-core-1.3.3-SNAPSHOT-tests.jar.asc
[INFO] Installing /Users/paulgallagher/Code/smart-caches-core/observability-core/target/observability-core-1.3.3-SNAPSHOT-sources.jar.asc to /Users/paulgallagher/.m2/repository/io/telicent/smart-caches/observability-core/1.3.3-SNAPSHOT/observability-core-1.3.3-SNAPSHOT-sources.jar.asc
[INFO] Installing /Users/paulgallagher/Code/smart-caches-core/observability-core/target/observability-core-1.3.3-SNAPSHOT-test-sources.jar.asc to /Users/paulgallagher/.m2/repository/io/telicent/smart-caches/observability-core/1.3.3-SNAPSHOT/observability-core-1.3.3-SNAPSHOT-test-sources.jar.asc
[INFO] Installing /Users/paulgallagher/Code/smart-caches-core/observability-core/target/observability-core-1.3.3-SNAPSHOT-javadoc.jar.asc to /Users/paulgallagher/.m2/repository/io/telicent/smart-caches/observability-core/1.3.3-SNAPSHOT/observability-core-1.3.3-SNAPSHOT-javadoc.jar.asc
[INFO] Installing /Users/paulgallagher/Code/smart-caches-core/observability-core/target/observability-core-1.3.3-SNAPSHOT-bom.json.asc to /Users/paulgallagher/.m2/repository/io/telicent/smart-caches/observability-core/1.3.3-SNAPSHOT/observability-core-1.3.3-SNAPSHOT-cyclonedx.json.asc
[INFO] 
[INFO] --------------< io.telicent.smart-caches:projectors-core >--------------
[INFO] Building Telicent Smart Caches - Projectors - Core API 1.3.3-SNAPSHOT [4/22]
[INFO]   from projectors-core/pom.xml
[INFO] --------------------------------[ jar ]---------------------------------
[INFO] 
[INFO] --- clean:3.2.0:clean (default-clean) @ projectors-core ---
[INFO] Deleting /Users/paulgallagher/Code/smart-caches-core/projectors-core/target
[INFO] 
[INFO] --- enforcer:3.6.3:enforce (enforce-versions) @ projectors-core ---
[INFO] 
[INFO] --- license:5.1.2:check (check-licenses) @ projectors-core ---
[INFO] Checking licenses...
[INFO] License check: 49 file(s) checked (OK: 49, Missing: 0, Unknown: 0)
[INFO] 
[INFO] --- lombok:1.18.20.0:delombok (default) @ projectors-core ---
[INFO] Delombok complete.
[INFO] 
[INFO] --- buildnumber:3.3.0:create-metadata (default) @ projectors-core ---
[INFO] 
[INFO] --- resources:3.3.1:resources (default-resources) @ projectors-core ---
[INFO] Copying 1 resource from src/main/resources to target/classes
[INFO] Copying 1 resource from target/generated/build-metadata to target/classes
[INFO] 
[INFO] --- compiler:3.15.0:compile (default-compile) @ projectors-core ---
[INFO] Recompiling the module because of changed dependency.
[INFO] Compiling 24 source files with javac [debug release 21] to target/classes
[INFO] 
[INFO] --- resources:3.3.1:testResources (default-testResources) @ projectors-core ---
[INFO] Copying 2 resources from src/test/resources to target/test-classes
[INFO] 
[INFO] --- compiler:3.15.0:testCompile (default-testCompile) @ projectors-core ---
[INFO] Recompiling the module because of changed dependency.
[INFO] Compiling 22 source files with javac [debug release 21] to target/test-classes
[INFO] 
[INFO] --- jacoco:0.8.15:prepare-agent (prepare-agent) @ projectors-core ---
[INFO] argLine set to -javaagent:/Users/paulgallagher/.m2/repository/org/jacoco/org.jacoco.agent/0.8.15/org.jacoco.agent-0.8.15-runtime.jar=destfile=/Users/paulgallagher/Code/smart-caches-core/projectors-core/target/jacoco.exec,append=true
[INFO] 
[INFO] --- surefire:3.2.5:test (default-test) @ projectors-core ---
[INFO] Using auto detected provider org.apache.maven.surefire.testng.TestNGProvider
[INFO] 
[INFO] -------------------------------------------------------
[INFO]  T E S T S
[INFO] -------------------------------------------------------
[INFO] Running TestSuite
Sept 08, 2026 9:26:25 AM io.opentelemetry.sdk.common.internal.ThrottlingLogger doLog
WARNING: CallbackRegistration{instrumentDescriptors=[InstrumentDescriptor{name=items.processing_rate, description=How fast items are being processed, unit=, type=OBSERVABLE_GAUGE, valueType=DOUBLE, advice=Advice{explicitBucketBoundaries=null, attributes=null}}]} has called close() multiple times.
Sept 08, 2026 9:26:31 AM io.opentelemetry.sdk.common.internal.ThrottlingLogger doLog
WARNING: CallbackRegistration{instrumentDescriptors=[InstrumentDescriptor{name=items.processing_rate, description=How fast items are being processed, unit=, type=OBSERVABLE_GAUGE, valueType=DOUBLE, advice=Advice{explicitBucketBoundaries=null, attributes=null}}]} has called close() multiple times.
[INFO] Tests run: 219, Failures: 0, Errors: 0, Skipped: 0, Time elapsed: 25.49 s -- in TestSuite
[INFO] 
[INFO] Results:
[INFO] 
[INFO] Tests run: 219, Failures: 0, Errors: 0, Skipped: 0
[INFO] 
[INFO] 
[INFO] --- jar:3.5.1:jar (default-jar) @ projectors-core ---
[INFO] Building jar: /Users/paulgallagher/Code/smart-caches-core/projectors-core/target/projectors-core-1.3.3-SNAPSHOT.jar
[INFO] 
[INFO] --- jar:3.5.1:test-jar (create-test-jar) @ projectors-core ---
[INFO] Building jar: /Users/paulgallagher/Code/smart-caches-core/projectors-core/target/projectors-core-1.3.3-SNAPSHOT-tests.jar
[INFO] 
[INFO] >>> source:3.4.0:jar (attach-sources) > generate-sources @ projectors-core >>>
[INFO] 
[INFO] --- enforcer:3.6.3:enforce (enforce-versions) @ projectors-core ---
[INFO] 
[INFO] --- license:5.1.2:check (check-licenses) @ projectors-core ---
[INFO] Checking licenses...
[INFO] License check: 49 file(s) checked (OK: 49, Missing: 0, Unknown: 0)
[INFO] 
[INFO] --- lombok:1.18.20.0:delombok (default) @ projectors-core ---
[INFO] Delombok complete.
[INFO] 
[INFO] <<< source:3.4.0:jar (attach-sources) < generate-sources @ projectors-core <<<
[INFO] 
[INFO] 
[INFO] --- source:3.4.0:jar (attach-sources) @ projectors-core ---
[INFO] Building jar: /Users/paulgallagher/Code/smart-caches-core/projectors-core/target/projectors-core-1.3.3-SNAPSHOT-sources.jar
[INFO] 
[INFO] >>> source:3.4.0:test-jar (attach-test-sources) > generate-sources @ projectors-core >>>
[INFO] 
[INFO] --- enforcer:3.6.3:enforce (enforce-versions) @ projectors-core ---
[INFO] 
[INFO] --- license:5.1.2:check (check-licenses) @ projectors-core ---
[INFO] Checking licenses...
[INFO] License check: 49 file(s) checked (OK: 49, Missing: 0, Unknown: 0)
[INFO] 
[INFO] --- lombok:1.18.20.0:delombok (default) @ projectors-core ---
[INFO] Delombok complete.
[INFO] 
[INFO] <<< source:3.4.0:test-jar (attach-test-sources) < generate-sources @ projectors-core <<<
[INFO] 
[INFO] 
[INFO] --- source:3.4.0:test-jar (attach-test-sources) @ projectors-core ---
[INFO] Building jar: /Users/paulgallagher/Code/smart-caches-core/projectors-core/target/projectors-core-1.3.3-SNAPSHOT-test-sources.jar
[INFO] 
[INFO] --- javadoc:3.12.0:jar (default) @ projectors-core ---
[INFO] Building jar: /Users/paulgallagher/Code/smart-caches-core/projectors-core/target/projectors-core-1.3.3-SNAPSHOT-javadoc.jar
[INFO] 
[INFO] --- cyclonedx:2.9.3:makeAggregateBom (build-sbom-cyclonedx) @ projectors-core ---
[INFO] CycloneDX: Resolving Dependencies
[INFO] CycloneDX: Creating BOM version 1.6 with 20 component(s)
[INFO] CycloneDX: Writing and validating BOM (JSON): /Users/paulgallagher/Code/smart-caches-core/projectors-core/target/projectors-core-1.3.3-SNAPSHOT-bom.json
[INFO]            attaching as projectors-core-1.3.3-SNAPSHOT-cyclonedx.json
[INFO] 
[INFO] --- gpg:3.2.8:sign (default) @ projectors-core ---
[INFO] Signer 'gpg' is signing 7 files with key default
[INFO] 
[INFO] --- jacoco:0.8.15:report (report) @ projectors-core ---
[INFO] Loading execution data file /Users/paulgallagher/Code/smart-caches-core/projectors-core/target/jacoco.exec
[INFO] Analyzed bundle 'Telicent Smart Caches - Projectors - Core API' with 33 classes
[INFO] 
[INFO] --- jacoco:0.8.15:check (require-test-coverage) @ projectors-core ---
[INFO] Loading execution data file /Users/paulgallagher/Code/smart-caches-core/projectors-core/target/jacoco.exec
[INFO] Analyzed bundle 'projectors-core' with 33 classes
[INFO] All coverage checks have been met.
[INFO] 
[INFO] --- install:3.1.2:install (default-install) @ projectors-core ---
[INFO] Installing /Users/paulgallagher/Code/smart-caches-core/projectors-core/pom.xml to /Users/paulgallagher/.m2/repository/io/telicent/smart-caches/projectors-core/1.3.3-SNAPSHOT/projectors-core-1.3.3-SNAPSHOT.pom
[INFO] Installing /Users/paulgallagher/Code/smart-caches-core/projectors-core/target/projectors-core-1.3.3-SNAPSHOT.jar to /Users/paulgallagher/.m2/repository/io/telicent/smart-caches/projectors-core/1.3.3-SNAPSHOT/projectors-core-1.3.3-SNAPSHOT.jar
[INFO] Installing /Users/paulgallagher/Code/smart-caches-core/projectors-core/target/projectors-core-1.3.3-SNAPSHOT-tests.jar to /Users/paulgallagher/.m2/repository/io/telicent/smart-caches/projectors-core/1.3.3-SNAPSHOT/projectors-core-1.3.3-SNAPSHOT-tests.jar
[INFO] Installing /Users/paulgallagher/Code/smart-caches-core/projectors-core/target/projectors-core-1.3.3-SNAPSHOT-sources.jar to /Users/paulgallagher/.m2/repository/io/telicent/smart-caches/projectors-core/1.3.3-SNAPSHOT/projectors-core-1.3.3-SNAPSHOT-sources.jar
[INFO] Installing /Users/paulgallagher/Code/smart-caches-core/projectors-core/target/projectors-core-1.3.3-SNAPSHOT-test-sources.jar to /Users/paulgallagher/.m2/repository/io/telicent/smart-caches/projectors-core/1.3.3-SNAPSHOT/projectors-core-1.3.3-SNAPSHOT-test-sources.jar
[INFO] Installing /Users/paulgallagher/Code/smart-caches-core/projectors-core/target/projectors-core-1.3.3-SNAPSHOT-javadoc.jar to /Users/paulgallagher/.m2/repository/io/telicent/smart-caches/projectors-core/1.3.3-SNAPSHOT/projectors-core-1.3.3-SNAPSHOT-javadoc.jar
[INFO] Installing /Users/paulgallagher/Code/smart-caches-core/projectors-core/target/projectors-core-1.3.3-SNAPSHOT-bom.json to /Users/paulgallagher/.m2/repository/io/telicent/smart-caches/projectors-core/1.3.3-SNAPSHOT/projectors-core-1.3.3-SNAPSHOT-cyclonedx.json
[INFO] Installing /Users/paulgallagher/Code/smart-caches-core/projectors-core/target/projectors-core-1.3.3-SNAPSHOT.jar.asc to /Users/paulgallagher/.m2/repository/io/telicent/smart-caches/projectors-core/1.3.3-SNAPSHOT/projectors-core-1.3.3-SNAPSHOT.jar.asc
[INFO] Installing /Users/paulgallagher/Code/smart-caches-core/projectors-core/target/projectors-core-1.3.3-SNAPSHOT.pom.asc to /Users/paulgallagher/.m2/repository/io/telicent/smart-caches/projectors-core/1.3.3-SNAPSHOT/projectors-core-1.3.3-SNAPSHOT.pom.asc
[INFO] Installing /Users/paulgallagher/Code/smart-caches-core/projectors-core/target/projectors-core-1.3.3-SNAPSHOT-tests.jar.asc to /Users/paulgallagher/.m2/repository/io/telicent/smart-caches/projectors-core/1.3.3-SNAPSHOT/projectors-core-1.3.3-SNAPSHOT-tests.jar.asc
[INFO] Installing /Users/paulgallagher/Code/smart-caches-core/projectors-core/target/projectors-core-1.3.3-SNAPSHOT-sources.jar.asc to /Users/paulgallagher/.m2/repository/io/telicent/smart-caches/projectors-core/1.3.3-SNAPSHOT/projectors-core-1.3.3-SNAPSHOT-sources.jar.asc
[INFO] Installing /Users/paulgallagher/Code/smart-caches-core/projectors-core/target/projectors-core-1.3.3-SNAPSHOT-test-sources.jar.asc to /Users/paulgallagher/.m2/repository/io/telicent/smart-caches/projectors-core/1.3.3-SNAPSHOT/projectors-core-1.3.3-SNAPSHOT-test-sources.jar.asc
[INFO] Installing /Users/paulgallagher/Code/smart-caches-core/projectors-core/target/projectors-core-1.3.3-SNAPSHOT-javadoc.jar.asc to /Users/paulgallagher/.m2/repository/io/telicent/smart-caches/projectors-core/1.3.3-SNAPSHOT/projectors-core-1.3.3-SNAPSHOT-javadoc.jar.asc
[INFO] Installing /Users/paulgallagher/Code/smart-caches-core/projectors-core/target/projectors-core-1.3.3-SNAPSHOT-bom.json.asc to /Users/paulgallagher/.m2/repository/io/telicent/smart-caches/projectors-core/1.3.3-SNAPSHOT/projectors-core-1.3.3-SNAPSHOT-cyclonedx.json.asc
[INFO] 
[INFO] ---------------< io.telicent.smart-caches:event-sources >---------------
[INFO] Building Telicent Smart Caches - Event Sources 1.3.3-SNAPSHOT     [5/22]
[INFO]   from event-sources/pom.xml
[INFO] --------------------------------[ pom ]---------------------------------
[INFO] 
[INFO] --- clean:3.2.0:clean (default-clean) @ event-sources ---
[INFO] Deleting /Users/paulgallagher/Code/smart-caches-core/event-sources/target
[INFO] 
[INFO] --- enforcer:3.6.3:enforce (enforce-versions) @ event-sources ---
[INFO] 
[INFO] --- license:5.1.2:check (check-licenses) @ event-sources ---
[INFO] Checking licenses...
[INFO] License check: 0 file(s) checked (OK: 0, Missing: 0, Unknown: 0)
[INFO] 
[INFO] --- lombok:1.18.20.0:delombok (default) @ event-sources ---
[WARNING] Skipping Delombok; no source to process.
[INFO] 
[INFO] --- buildnumber:3.3.0:create-metadata (default) @ event-sources ---
[INFO] 
[INFO] --- jacoco:0.8.15:prepare-agent (prepare-agent) @ event-sources ---
[INFO] argLine set to -javaagent:/Users/paulgallagher/.m2/repository/org/jacoco/org.jacoco.agent/0.8.15/org.jacoco.agent-0.8.15-runtime.jar=destfile=/Users/paulgallagher/Code/smart-caches-core/event-sources/target/jacoco.exec,append=true
[INFO] 
[INFO] --- jar:3.5.1:test-jar (create-test-jar) @ event-sources ---
[INFO] Skipping packaging of the test-jar
[INFO] 
[INFO] >>> source:3.4.0:jar (attach-sources) > generate-sources @ event-sources >>>
[INFO] 
[INFO] --- enforcer:3.6.3:enforce (enforce-versions) @ event-sources ---
[INFO] 
[INFO] --- license:5.1.2:check (check-licenses) @ event-sources ---
[INFO] Checking licenses...
[INFO] License check: 0 file(s) checked (OK: 0, Missing: 0, Unknown: 0)
[INFO] 
[INFO] --- lombok:1.18.20.0:delombok (default) @ event-sources ---
[WARNING] Skipping Delombok; no source to process.
[INFO] 
[INFO] <<< source:3.4.0:jar (attach-sources) < generate-sources @ event-sources <<<
[INFO] 
[INFO] 
[INFO] --- source:3.4.0:jar (attach-sources) @ event-sources ---
[INFO] 
[INFO] >>> source:3.4.0:test-jar (attach-test-sources) > generate-sources @ event-sources >>>
[INFO] 
[INFO] --- enforcer:3.6.3:enforce (enforce-versions) @ event-sources ---
[INFO] 
[INFO] --- license:5.1.2:check (check-licenses) @ event-sources ---
[INFO] Checking licenses...
[INFO] License check: 0 file(s) checked (OK: 0, Missing: 0, Unknown: 0)
[INFO] 
[INFO] --- lombok:1.18.20.0:delombok (default) @ event-sources ---
[WARNING] Skipping Delombok; no source to process.
[INFO] 
[INFO] <<< source:3.4.0:test-jar (attach-test-sources) < generate-sources @ event-sources <<<
[INFO] 
[INFO] 
[INFO] --- source:3.4.0:test-jar (attach-test-sources) @ event-sources ---
[INFO] Skipping source per configuration.
[INFO] 
[INFO] --- javadoc:3.12.0:jar (default) @ event-sources ---
[INFO] Not executing Javadoc as the project is not a Java classpath-capable package
[INFO] 
[INFO] --- cyclonedx:2.9.3:makeAggregateBom (build-sbom-cyclonedx) @ event-sources ---
[INFO] CycloneDX: Resolving Dependencies
[INFO] CycloneDX: Creating BOM version 1.6 with 0 component(s)
[INFO] CycloneDX: Writing and validating BOM (JSON): /Users/paulgallagher/Code/smart-caches-core/event-sources/target/event-sources-1.3.3-SNAPSHOT-bom.json
[INFO]            attaching as event-sources-1.3.3-SNAPSHOT-cyclonedx.json
[INFO] 
[INFO] --- gpg:3.2.8:sign (default) @ event-sources ---
[INFO] Signer 'gpg' is signing 2 files with key default
[INFO] 
[INFO] --- jacoco:0.8.15:report (report) @ event-sources ---
[INFO] Skipping JaCoCo execution due to missing execution data file.
[INFO] 
[INFO] --- jacoco:0.8.15:check (require-test-coverage) @ event-sources ---
[INFO] Skipping JaCoCo execution due to missing execution data file:/Users/paulgallagher/Code/smart-caches-core/event-sources/target/jacoco.exec
[INFO] 
[INFO] --- install:3.1.2:install (default-install) @ event-sources ---
[INFO] Installing /Users/paulgallagher/Code/smart-caches-core/event-sources/pom.xml to /Users/paulgallagher/.m2/repository/io/telicent/smart-caches/event-sources/1.3.3-SNAPSHOT/event-sources-1.3.3-SNAPSHOT.pom
[INFO] Installing /Users/paulgallagher/Code/smart-caches-core/event-sources/target/event-sources-1.3.3-SNAPSHOT-bom.json to /Users/paulgallagher/.m2/repository/io/telicent/smart-caches/event-sources/1.3.3-SNAPSHOT/event-sources-1.3.3-SNAPSHOT-cyclonedx.json
[INFO] Installing /Users/paulgallagher/Code/smart-caches-core/event-sources/target/event-sources-1.3.3-SNAPSHOT.pom.asc to /Users/paulgallagher/.m2/repository/io/telicent/smart-caches/event-sources/1.3.3-SNAPSHOT/event-sources-1.3.3-SNAPSHOT.pom.asc
[INFO] Installing /Users/paulgallagher/Code/smart-caches-core/event-sources/target/event-sources-1.3.3-SNAPSHOT-bom.json.asc to /Users/paulgallagher/.m2/repository/io/telicent/smart-caches/event-sources/1.3.3-SNAPSHOT/event-sources-1.3.3-SNAPSHOT-cyclonedx.json.asc
[INFO] 
[INFO] ------------< io.telicent.smart-caches:event-sources-core >-------------
[INFO] Building Telicent Smart Caches - Event Sources - Core API 1.3.3-SNAPSHOT [6/22]
[INFO]   from event-sources/event-sources-core/pom.xml
[INFO] --------------------------------[ jar ]---------------------------------
[INFO] 
[INFO] --- clean:3.2.0:clean (default-clean) @ event-sources-core ---
[INFO] Deleting /Users/paulgallagher/Code/smart-caches-core/event-sources/event-sources-core/target
[INFO] 
[INFO] --- enforcer:3.6.3:enforce (enforce-versions) @ event-sources-core ---
[INFO] 
[INFO] --- license:5.1.2:check (check-licenses) @ event-sources-core ---
[INFO] Checking licenses...
[INFO] License check: 56 file(s) checked (OK: 56, Missing: 0, Unknown: 0)
[INFO] 
[INFO] --- lombok:1.18.20.0:delombok (default) @ event-sources-core ---
[INFO] Delombok complete.
[INFO] 
[INFO] --- buildnumber:3.3.0:create-metadata (default) @ event-sources-core ---
[INFO] 
[INFO] --- resources:3.3.1:resources (default-resources) @ event-sources-core ---
[INFO] Copying 1 resource from src/main/resources to target/classes
[INFO] Copying 1 resource from target/generated/build-metadata to target/classes
[INFO] 
[INFO] --- compiler:3.15.0:compile (default-compile) @ event-sources-core ---
[INFO] Recompiling the module because of changed dependency.
[INFO] Compiling 27 source files with javac [debug release 21] to target/classes
[INFO] 
[INFO] --- resources:3.3.1:testResources (default-testResources) @ event-sources-core ---
[INFO] Copying 2 resources from src/test/resources to target/test-classes
[INFO] 
[INFO] --- compiler:3.15.0:testCompile (default-testCompile) @ event-sources-core ---
[INFO] Recompiling the module because of changed dependency.
[INFO] Compiling 26 source files with javac [debug release 21] to target/test-classes
[INFO] 
[INFO] --- jacoco:0.8.15:prepare-agent (prepare-agent) @ event-sources-core ---
[INFO] argLine set to -javaagent:/Users/paulgallagher/.m2/repository/org/jacoco/org.jacoco.agent/0.8.15/org.jacoco.agent-0.8.15-runtime.jar=destfile=/Users/paulgallagher/Code/smart-caches-core/event-sources/event-sources-core/target/jacoco.exec,append=true
[INFO] 
[INFO] --- surefire:3.2.5:test (default-test) @ event-sources-core ---
[INFO] Using auto detected provider org.apache.maven.surefire.testng.TestNGProvider
[INFO] 
[INFO] -------------------------------------------------------
[INFO]  T E S T S
[INFO] -------------------------------------------------------
[INFO] Running TestSuite
[WARNING] Tests run: 250, Failures: 0, Errors: 0, Skipped: 16, Time elapsed: 4.100 s -- in TestSuite
[INFO] 
[INFO] Results:
[INFO] 
[WARNING] Tests run: 250, Failures: 0, Errors: 0, Skipped: 16
[INFO] 
[INFO] 
[INFO] --- jar:3.5.1:jar (default-jar) @ event-sources-core ---
[INFO] Building jar: /Users/paulgallagher/Code/smart-caches-core/event-sources/event-sources-core/target/event-sources-core-1.3.3-SNAPSHOT.jar
[INFO] 
[INFO] --- jar:3.5.1:test-jar (create-test-jar) @ event-sources-core ---
[INFO] Building jar: /Users/paulgallagher/Code/smart-caches-core/event-sources/event-sources-core/target/event-sources-core-1.3.3-SNAPSHOT-tests.jar
[INFO] 
[INFO] >>> source:3.4.0:jar (attach-sources) > generate-sources @ event-sources-core >>>
[INFO] 
[INFO] --- enforcer:3.6.3:enforce (enforce-versions) @ event-sources-core ---
[INFO] 
[INFO] --- license:5.1.2:check (check-licenses) @ event-sources-core ---
[INFO] Checking licenses...
[INFO] License check: 56 file(s) checked (OK: 56, Missing: 0, Unknown: 0)
[INFO] 
[INFO] --- lombok:1.18.20.0:delombok (default) @ event-sources-core ---
[INFO] Delombok complete.
[INFO] 
[INFO] <<< source:3.4.0:jar (attach-sources) < generate-sources @ event-sources-core <<<
[INFO] 
[INFO] 
[INFO] --- source:3.4.0:jar (attach-sources) @ event-sources-core ---
[INFO] Building jar: /Users/paulgallagher/Code/smart-caches-core/event-sources/event-sources-core/target/event-sources-core-1.3.3-SNAPSHOT-sources.jar
[INFO] 
[INFO] >>> source:3.4.0:test-jar (attach-test-sources) > generate-sources @ event-sources-core >>>
[INFO] 
[INFO] --- enforcer:3.6.3:enforce (enforce-versions) @ event-sources-core ---
[INFO] 
[INFO] --- license:5.1.2:check (check-licenses) @ event-sources-core ---
[INFO] Checking licenses...
[INFO] License check: 56 file(s) checked (OK: 56, Missing: 0, Unknown: 0)
[INFO] 
[INFO] --- lombok:1.18.20.0:delombok (default) @ event-sources-core ---
[INFO] Delombok complete.
[INFO] 
[INFO] <<< source:3.4.0:test-jar (attach-test-sources) < generate-sources @ event-sources-core <<<
[INFO] 
[INFO] 
[INFO] --- source:3.4.0:test-jar (attach-test-sources) @ event-sources-core ---
[INFO] Building jar: /Users/paulgallagher/Code/smart-caches-core/event-sources/event-sources-core/target/event-sources-core-1.3.3-SNAPSHOT-test-sources.jar
[INFO] 
[INFO] --- javadoc:3.12.0:jar (default) @ event-sources-core ---
[INFO] Building jar: /Users/paulgallagher/Code/smart-caches-core/event-sources/event-sources-core/target/event-sources-core-1.3.3-SNAPSHOT-javadoc.jar
[INFO] 
[INFO] --- cyclonedx:2.9.3:makeAggregateBom (build-sbom-cyclonedx) @ event-sources-core ---
[INFO] CycloneDX: Resolving Dependencies
[INFO] CycloneDX: Creating BOM version 1.6 with 40 component(s)
[INFO] CycloneDX: Writing and validating BOM (JSON): /Users/paulgallagher/Code/smart-caches-core/event-sources/event-sources-core/target/event-sources-core-1.3.3-SNAPSHOT-bom.json
[INFO]            attaching as event-sources-core-1.3.3-SNAPSHOT-cyclonedx.json
[INFO] 
[INFO] --- gpg:3.2.8:sign (default) @ event-sources-core ---
[INFO] Signer 'gpg' is signing 7 files with key default
[INFO] 
[INFO] --- jacoco:0.8.15:report (report) @ event-sources-core ---
[INFO] Loading execution data file /Users/paulgallagher/Code/smart-caches-core/event-sources/event-sources-core/target/jacoco.exec
[INFO] Analyzed bundle 'Telicent Smart Caches - Event Sources - Core API' with 28 classes
[INFO] 
[INFO] --- jacoco:0.8.15:check (require-test-coverage) @ event-sources-core ---
[INFO] Loading execution data file /Users/paulgallagher/Code/smart-caches-core/event-sources/event-sources-core/target/jacoco.exec
[INFO] Analyzed bundle 'event-sources-core' with 28 classes
[INFO] All coverage checks have been met.
[INFO] 
[INFO] --- install:3.1.2:install (default-install) @ event-sources-core ---
[INFO] Installing /Users/paulgallagher/Code/smart-caches-core/event-sources/event-sources-core/pom.xml to /Users/paulgallagher/.m2/repository/io/telicent/smart-caches/event-sources-core/1.3.3-SNAPSHOT/event-sources-core-1.3.3-SNAPSHOT.pom
[INFO] Installing /Users/paulgallagher/Code/smart-caches-core/event-sources/event-sources-core/target/event-sources-core-1.3.3-SNAPSHOT.jar to /Users/paulgallagher/.m2/repository/io/telicent/smart-caches/event-sources-core/1.3.3-SNAPSHOT/event-sources-core-1.3.3-SNAPSHOT.jar
[INFO] Installing /Users/paulgallagher/Code/smart-caches-core/event-sources/event-sources-core/target/event-sources-core-1.3.3-SNAPSHOT-tests.jar to /Users/paulgallagher/.m2/repository/io/telicent/smart-caches/event-sources-core/1.3.3-SNAPSHOT/event-sources-core-1.3.3-SNAPSHOT-tests.jar
[INFO] Installing /Users/paulgallagher/Code/smart-caches-core/event-sources/event-sources-core/target/event-sources-core-1.3.3-SNAPSHOT-sources.jar to /Users/paulgallagher/.m2/repository/io/telicent/smart-caches/event-sources-core/1.3.3-SNAPSHOT/event-sources-core-1.3.3-SNAPSHOT-sources.jar
[INFO] Installing /Users/paulgallagher/Code/smart-caches-core/event-sources/event-sources-core/target/event-sources-core-1.3.3-SNAPSHOT-test-sources.jar to /Users/paulgallagher/.m2/repository/io/telicent/smart-caches/event-sources-core/1.3.3-SNAPSHOT/event-sources-core-1.3.3-SNAPSHOT-test-sources.jar
[INFO] Installing /Users/paulgallagher/Code/smart-caches-core/event-sources/event-sources-core/target/event-sources-core-1.3.3-SNAPSHOT-javadoc.jar to /Users/paulgallagher/.m2/repository/io/telicent/smart-caches/event-sources-core/1.3.3-SNAPSHOT/event-sources-core-1.3.3-SNAPSHOT-javadoc.jar
[INFO] Installing /Users/paulgallagher/Code/smart-caches-core/event-sources/event-sources-core/target/event-sources-core-1.3.3-SNAPSHOT-bom.json to /Users/paulgallagher/.m2/repository/io/telicent/smart-caches/event-sources-core/1.3.3-SNAPSHOT/event-sources-core-1.3.3-SNAPSHOT-cyclonedx.json
[INFO] Installing /Users/paulgallagher/Code/smart-caches-core/event-sources/event-sources-core/target/event-sources-core-1.3.3-SNAPSHOT.jar.asc to /Users/paulgallagher/.m2/repository/io/telicent/smart-caches/event-sources-core/1.3.3-SNAPSHOT/event-sources-core-1.3.3-SNAPSHOT.jar.asc
[INFO] Installing /Users/paulgallagher/Code/smart-caches-core/event-sources/event-sources-core/target/event-sources-core-1.3.3-SNAPSHOT.pom.asc to /Users/paulgallagher/.m2/repository/io/telicent/smart-caches/event-sources-core/1.3.3-SNAPSHOT/event-sources-core-1.3.3-SNAPSHOT.pom.asc
[INFO] Installing /Users/paulgallagher/Code/smart-caches-core/event-sources/event-sources-core/target/event-sources-core-1.3.3-SNAPSHOT-tests.jar.asc to /Users/paulgallagher/.m2/repository/io/telicent/smart-caches/event-sources-core/1.3.3-SNAPSHOT/event-sources-core-1.3.3-SNAPSHOT-tests.jar.asc
[INFO] Installing /Users/paulgallagher/Code/smart-caches-core/event-sources/event-sources-core/target/event-sources-core-1.3.3-SNAPSHOT-sources.jar.asc to /Users/paulgallagher/.m2/repository/io/telicent/smart-caches/event-sources-core/1.3.3-SNAPSHOT/event-sources-core-1.3.3-SNAPSHOT-sources.jar.asc
[INFO] Installing /Users/paulgallagher/Code/smart-caches-core/event-sources/event-sources-core/target/event-sources-core-1.3.3-SNAPSHOT-test-sources.jar.asc to /Users/paulgallagher/.m2/repository/io/telicent/smart-caches/event-sources-core/1.3.3-SNAPSHOT/event-sources-core-1.3.3-SNAPSHOT-test-sources.jar.asc
[INFO] Installing /Users/paulgallagher/Code/smart-caches-core/event-sources/event-sources-core/target/event-sources-core-1.3.3-SNAPSHOT-javadoc.jar.asc to /Users/paulgallagher/.m2/repository/io/telicent/smart-caches/event-sources-core/1.3.3-SNAPSHOT/event-sources-core-1.3.3-SNAPSHOT-javadoc.jar.asc
[INFO] Installing /Users/paulgallagher/Code/smart-caches-core/event-sources/event-sources-core/target/event-sources-core-1.3.3-SNAPSHOT-bom.json.asc to /Users/paulgallagher/.m2/repository/io/telicent/smart-caches/event-sources-core/1.3.3-SNAPSHOT/event-sources-core-1.3.3-SNAPSHOT-cyclonedx.json.asc
[INFO] 
[INFO] -------------< io.telicent.smart-caches:projector-driver >--------------
[INFO] Building Telicent Smart Caches - Projectors - Driver 1.3.3-SNAPSHOT [7/22]
[INFO]   from projector-driver/pom.xml
[INFO] --------------------------------[ jar ]---------------------------------
[INFO] 
[INFO] --- clean:3.2.0:clean (default-clean) @ projector-driver ---
[INFO] Deleting /Users/paulgallagher/Code/smart-caches-core/projector-driver/target
[INFO] 
[INFO] --- enforcer:3.6.3:enforce (enforce-versions) @ projector-driver ---
[INFO] 
[INFO] --- license:5.1.2:check (check-licenses) @ projector-driver ---
[INFO] Checking licenses...
[INFO] License check: 20 file(s) checked (OK: 20, Missing: 0, Unknown: 0)
[INFO] 
[INFO] --- lombok:1.18.20.0:delombok (default) @ projector-driver ---
[INFO] Delombok complete.
[INFO] 
[INFO] --- buildnumber:3.3.0:create-metadata (default) @ projector-driver ---
[INFO] 
[INFO] --- resources:3.3.1:resources (default-resources) @ projector-driver ---
[INFO] Copying 1 resource from src/main/resources to target/classes
[INFO] Copying 1 resource from target/generated/build-metadata to target/classes
[INFO] 
[INFO] --- compiler:3.15.0:compile (default-compile) @ projector-driver ---
[INFO] Recompiling the module because of changed dependency.
[INFO] Compiling 5 source files with javac [debug release 21] to target/classes
[INFO] 
[INFO] --- resources:3.3.1:testResources (default-testResources) @ projector-driver ---
[INFO] Copying 2 resources from src/test/resources to target/test-classes
[INFO] 
[INFO] --- compiler:3.15.0:testCompile (default-testCompile) @ projector-driver ---
[INFO] Recompiling the module because of changed dependency.
[INFO] Compiling 12 source files with javac [debug release 21] to target/test-classes
[INFO] 
[INFO] --- jacoco:0.8.15:prepare-agent (prepare-agent) @ projector-driver ---
[INFO] argLine set to -javaagent:/Users/paulgallagher/.m2/repository/org/jacoco/org.jacoco.agent/0.8.15/org.jacoco.agent-0.8.15-runtime.jar=destfile=/Users/paulgallagher/Code/smart-caches-core/projector-driver/target/jacoco.exec,append=true
[INFO] 
[INFO] --- surefire:3.2.5:test (default-test) @ projector-driver ---
[INFO] Using auto detected provider org.apache.maven.surefire.testng.TestNGProvider
[INFO] 
[INFO] -------------------------------------------------------
[INFO]  T E S T S
[INFO] -------------------------------------------------------
[INFO] Running TestSuite
[INFO] Tests run: 32, Failures: 0, Errors: 0, Skipped: 0, Time elapsed: 10.16 s -- in TestSuite
[INFO] 
[INFO] Results:
[INFO] 
[INFO] Tests run: 32, Failures: 0, Errors: 0, Skipped: 0
[INFO] 
[INFO] 
[INFO] --- jar:3.5.1:jar (default-jar) @ projector-driver ---
[INFO] Building jar: /Users/paulgallagher/Code/smart-caches-core/projector-driver/target/projector-driver-1.3.3-SNAPSHOT.jar
[INFO] 
[INFO] --- jar:3.5.1:test-jar (create-test-jar) @ projector-driver ---
[INFO] Skipping packaging of the test-jar
[INFO] 
[INFO] >>> source:3.4.0:jar (attach-sources) > generate-sources @ projector-driver >>>
[INFO] 
[INFO] --- enforcer:3.6.3:enforce (enforce-versions) @ projector-driver ---
[INFO] 
[INFO] --- license:5.1.2:check (check-licenses) @ projector-driver ---
[INFO] Checking licenses...
[INFO] License check: 20 file(s) checked (OK: 20, Missing: 0, Unknown: 0)
[INFO] 
[INFO] --- lombok:1.18.20.0:delombok (default) @ projector-driver ---
[INFO] Delombok complete.
[INFO] 
[INFO] <<< source:3.4.0:jar (attach-sources) < generate-sources @ projector-driver <<<
[INFO] 
[INFO] 
[INFO] --- source:3.4.0:jar (attach-sources) @ projector-driver ---
[INFO] Building jar: /Users/paulgallagher/Code/smart-caches-core/projector-driver/target/projector-driver-1.3.3-SNAPSHOT-sources.jar
[INFO] 
[INFO] >>> source:3.4.0:test-jar (attach-test-sources) > generate-sources @ projector-driver >>>
[INFO] 
[INFO] --- enforcer:3.6.3:enforce (enforce-versions) @ projector-driver ---
[INFO] 
[INFO] --- license:5.1.2:check (check-licenses) @ projector-driver ---
[INFO] Checking licenses...
[INFO] License check: 20 file(s) checked (OK: 20, Missing: 0, Unknown: 0)
[INFO] 
[INFO] --- lombok:1.18.20.0:delombok (default) @ projector-driver ---
[INFO] Delombok complete.
[INFO] 
[INFO] <<< source:3.4.0:test-jar (attach-test-sources) < generate-sources @ projector-driver <<<
[INFO] 
[INFO] 
[INFO] --- source:3.4.0:test-jar (attach-test-sources) @ projector-driver ---
[INFO] Skipping source per configuration.
[INFO] 
[INFO] --- javadoc:3.12.0:jar (default) @ projector-driver ---
[INFO] Building jar: /Users/paulgallagher/Code/smart-caches-core/projector-driver/target/projector-driver-1.3.3-SNAPSHOT-javadoc.jar
[INFO] 
[INFO] --- cyclonedx:2.9.3:makeAggregateBom (build-sbom-cyclonedx) @ projector-driver ---
[INFO] CycloneDX: Resolving Dependencies
[INFO] CycloneDX: Creating BOM version 1.6 with 41 component(s)
[INFO] CycloneDX: Writing and validating BOM (JSON): /Users/paulgallagher/Code/smart-caches-core/projector-driver/target/projector-driver-1.3.3-SNAPSHOT-bom.json
[INFO]            attaching as projector-driver-1.3.3-SNAPSHOT-cyclonedx.json
[INFO] 
[INFO] --- gpg:3.2.8:sign (default) @ projector-driver ---
[INFO] Signer 'gpg' is signing 5 files with key default
[INFO] 
[INFO] --- jacoco:0.8.15:report (report) @ projector-driver ---
[INFO] Loading execution data file /Users/paulgallagher/Code/smart-caches-core/projector-driver/target/jacoco.exec
[INFO] Analyzed bundle 'Telicent Smart Caches - Projectors - Driver' with 3 classes
[INFO] 
[INFO] --- jacoco:0.8.15:check (require-test-coverage) @ projector-driver ---
[INFO] Loading execution data file /Users/paulgallagher/Code/smart-caches-core/projector-driver/target/jacoco.exec
[INFO] Analyzed bundle 'projector-driver' with 3 classes
[INFO] All coverage checks have been met.
[INFO] 
[INFO] --- install:3.1.2:install (default-install) @ projector-driver ---
[INFO] Installing /Users/paulgallagher/Code/smart-caches-core/projector-driver/pom.xml to /Users/paulgallagher/.m2/repository/io/telicent/smart-caches/projector-driver/1.3.3-SNAPSHOT/projector-driver-1.3.3-SNAPSHOT.pom
[INFO] Installing /Users/paulgallagher/Code/smart-caches-core/projector-driver/target/projector-driver-1.3.3-SNAPSHOT.jar to /Users/paulgallagher/.m2/repository/io/telicent/smart-caches/projector-driver/1.3.3-SNAPSHOT/projector-driver-1.3.3-SNAPSHOT.jar
[INFO] Installing /Users/paulgallagher/Code/smart-caches-core/projector-driver/target/projector-driver-1.3.3-SNAPSHOT-sources.jar to /Users/paulgallagher/.m2/repository/io/telicent/smart-caches/projector-driver/1.3.3-SNAPSHOT/projector-driver-1.3.3-SNAPSHOT-sources.jar
[INFO] Installing /Users/paulgallagher/Code/smart-caches-core/projector-driver/target/projector-driver-1.3.3-SNAPSHOT-javadoc.jar to /Users/paulgallagher/.m2/repository/io/telicent/smart-caches/projector-driver/1.3.3-SNAPSHOT/projector-driver-1.3.3-SNAPSHOT-javadoc.jar
[INFO] Installing /Users/paulgallagher/Code/smart-caches-core/projector-driver/target/projector-driver-1.3.3-SNAPSHOT-bom.json to /Users/paulgallagher/.m2/repository/io/telicent/smart-caches/projector-driver/1.3.3-SNAPSHOT/projector-driver-1.3.3-SNAPSHOT-cyclonedx.json
[INFO] Installing /Users/paulgallagher/Code/smart-caches-core/projector-driver/target/projector-driver-1.3.3-SNAPSHOT.jar.asc to /Users/paulgallagher/.m2/repository/io/telicent/smart-caches/projector-driver/1.3.3-SNAPSHOT/projector-driver-1.3.3-SNAPSHOT.jar.asc
[INFO] Installing /Users/paulgallagher/Code/smart-caches-core/projector-driver/target/projector-driver-1.3.3-SNAPSHOT.pom.asc to /Users/paulgallagher/.m2/repository/io/telicent/smart-caches/projector-driver/1.3.3-SNAPSHOT/projector-driver-1.3.3-SNAPSHOT.pom.asc
[INFO] Installing /Users/paulgallagher/Code/smart-caches-core/projector-driver/target/projector-driver-1.3.3-SNAPSHOT-sources.jar.asc to /Users/paulgallagher/.m2/repository/io/telicent/smart-caches/projector-driver/1.3.3-SNAPSHOT/projector-driver-1.3.3-SNAPSHOT-sources.jar.asc
[INFO] Installing /Users/paulgallagher/Code/smart-caches-core/projector-driver/target/projector-driver-1.3.3-SNAPSHOT-javadoc.jar.asc to /Users/paulgallagher/.m2/repository/io/telicent/smart-caches/projector-driver/1.3.3-SNAPSHOT/projector-driver-1.3.3-SNAPSHOT-javadoc.jar.asc
[INFO] Installing /Users/paulgallagher/Code/smart-caches-core/projector-driver/target/projector-driver-1.3.3-SNAPSHOT-bom.json.asc to /Users/paulgallagher/.m2/repository/io/telicent/smart-caches/projector-driver/1.3.3-SNAPSHOT/projector-driver-1.3.3-SNAPSHOT-cyclonedx.json.asc
[INFO] 
[INFO] ------------< io.telicent.smart-caches:event-source-kafka >-------------
[INFO] Building Telicent Smart Caches - Event Sources - Kafka 1.3.3-SNAPSHOT [8/22]
[INFO]   from event-sources/event-source-kafka/pom.xml
[INFO] --------------------------------[ jar ]---------------------------------
[INFO] 
[INFO] --- clean:3.2.0:clean (default-clean) @ event-source-kafka ---
[INFO] Deleting /Users/paulgallagher/Code/smart-caches-core/event-sources/event-source-kafka/target
[INFO] 
[INFO] --- enforcer:3.6.3:enforce (enforce-versions) @ event-source-kafka ---
[INFO] 
[INFO] --- license:5.1.2:check (check-licenses) @ event-source-kafka ---
[INFO] Checking licenses...
[INFO] License check: 112 file(s) checked (OK: 112, Missing: 0, Unknown: 0)
[INFO] 
[INFO] --- dependency:3.11.0:properties (properties) @ event-source-kafka ---
[INFO] 
[INFO] --- lombok:1.18.20.0:delombok (default) @ event-source-kafka ---
[INFO] Delombok complete.
[INFO] 
[INFO] --- buildnumber:3.3.0:create-metadata (default) @ event-source-kafka ---
[INFO] 
[INFO] --- resources:3.3.1:resources (default-resources) @ event-source-kafka ---
[INFO] Copying 1 resource from src/main/resources to target/classes
[INFO] Copying 1 resource from target/generated/build-metadata to target/classes
[INFO] 
[INFO] --- compiler:3.15.0:compile (default-compile) @ event-source-kafka ---
[INFO] Recompiling the module because of changed dependency.
[INFO] Compiling 40 source files with javac [debug release 21] to target/classes
[INFO] 
[INFO] --- resources:3.3.1:testResources (default-testResources) @ event-source-kafka ---
[INFO] Copying 2 resources from src/test/resources to target/test-classes
[INFO] 
[INFO] --- exec:3.6.3:exec (generate-test-ssl-certs) @ event-source-kafka ---
Creating /Users/paulgallagher/Code/smart-caches-core/event-sources/event-source-kafka/test-certs/broker-keystore for Kafka Broker...
keytool -keystore /Users/paulgallagher/Code/smart-caches-core/event-sources/event-source-kafka/test-certs/broker-keystore -alias localhost -validity 30 -genkey -keyalg RSA -storetype pkcs12 -dname cn=Kafka Broker, ou=Engineering, o=Telicent Ltd, c=UK -storepass squirrel
Generating 3,072 bit RSA key pair and self-signed certificate (SHA384withRSA) with a validity of 30 days
	for: CN=Kafka Broker, OU=Engineering, O=Telicent Ltd, C=UK
keytool -certreq -alias localhost -keyalg RSA -file /Users/paulgallagher/Code/smart-caches-core/event-sources/event-source-kafka/test-certs/broker-keystore.csr -keystore /Users/paulgallagher/Code/smart-caches-core/event-sources/event-source-kafka/test-certs/broker-keystore -storepass squirrel
Creating /Users/paulgallagher/Code/smart-caches-core/event-sources/event-source-kafka/test-certs/client-keystore for Kafka Client...
keytool -keystore /Users/paulgallagher/Code/smart-caches-core/event-sources/event-source-kafka/test-certs/client-keystore -alias localhost -validity 30 -genkey -keyalg RSA -storetype pkcs12 -dname cn=Kafka Client, ou=Engineering, o=Telicent Ltd, c=UK -storepass squirrel
Generating 3,072 bit RSA key pair and self-signed certificate (SHA384withRSA) with a validity of 30 days
	for: CN=Kafka Client, OU=Engineering, O=Telicent Ltd, C=UK
keytool -certreq -alias localhost -keyalg RSA -file /Users/paulgallagher/Code/smart-caches-core/event-sources/event-source-kafka/test-certs/client-keystore.csr -keystore /Users/paulgallagher/Code/smart-caches-core/event-sources/event-source-kafka/test-certs/client-keystore -storepass squirrel
~/Code/smart-caches-core/event-sources/event-source-kafka/test-certs ~/Code/smart-caches-core/event-sources/event-source-kafka
openssl req -x509 -config /Users/paulgallagher/Code/smart-caches-core/event-sources/event-source-kafka/test-certs/openssl-ca.cnf -newkey rsa:4096 -sha256 -nodes -batch -out /Users/paulgallagher/Code/smart-caches-core/event-sources/event-source-kafka/test-certs/cacert.pem -outform PEM -subj /CN=Platform Team/OU=Engineering/O=Telicent Ltd/C=UK
...+++++++++++++++++++++++++++++++++++++++++++++*.+....+..+....+.....+++++++++++++++++++++++++++++++++++++++++++++*...+.........+.+...........................+.....+............+.............+...+.....+....+......+........+.......+..+...+.......+............+...+...+...+.........+..+.+..............+..........+..................+..+.+..+......+..........+..+.......+..+.........+.+......+.....+............+...+.......+......+......+.........+......+......+...+...............+.........+..+.....................+.................................+..........+.........+............+..................+........+....+.....+.........+....+........+.........+.............+.....+.......+.....+...+.+......+......+........+...............+.+...+.................+...+...+....+.........+...............+..+.........................+............+..+.........+............+...+.......+...+......+...+++++
...+...+......+............+.........+...+..+.+............+..+.............+............+...+..+....+..............+.+......+......+..+......+..........+..+...+....+..+.+.........+...+...............+...+..+............+...+.+..+.......+......+.....+......+.+..+......+......+.+...+......+...+..+.+.........+.........+............+.................+.+++++++++++++++++++++++++++++++++++++++++++++*.........+......+.+......+.....+++++++++++++++++++++++++++++++++++++++++++++*.+...........+...+...+.......+..................+..............+...............+.+...+............+..+..........+......+...............+......+...+......+..+...+.+..............+.+.....+........................................+......+...........................+......+.....+.......+.........+........+.........................+...+..+.......+...+++++
-----
Importing CA Root Certificate into /Users/paulgallagher/Code/smart-caches-core/event-sources/event-source-kafka/test-certs/broker-truststore...
keytool -keystore /Users/paulgallagher/Code/smart-caches-core/event-sources/event-source-kafka/test-certs/broker-truststore -alias CARoot -import -file /Users/paulgallagher/Code/smart-caches-core/event-sources/event-source-kafka/test-certs/cacert.pem -noprompt -storepass squirrel
Certificate was added to keystore
Importing CA Root Certificate into /Users/paulgallagher/Code/smart-caches-core/event-sources/event-source-kafka/test-certs/client-truststore...
keytool -keystore /Users/paulgallagher/Code/smart-caches-core/event-sources/event-source-kafka/test-certs/client-truststore -alias CARoot -import -file /Users/paulgallagher/Code/smart-caches-core/event-sources/event-source-kafka/test-certs/cacert.pem -noprompt -storepass squirrel
Certificate was added to keystore
Signing /Users/paulgallagher/Code/smart-caches-core/event-sources/event-source-kafka/test-certs/broker-keystore Certificate with CA Root Certificate...
openssl ca -config /Users/paulgallagher/Code/smart-caches-core/event-sources/event-source-kafka/test-certs/openssl-ca.cnf -policy signing_policy -extensions signing_req -out /Users/paulgallagher/Code/smart-caches-core/event-sources/event-source-kafka/test-certs/broker-keystore.crt -days 30 -batch -infiles /Users/paulgallagher/Code/smart-caches-core/event-sources/event-source-kafka/test-certs/broker-keystore.csr
Using configuration from /Users/paulgallagher/Code/smart-caches-core/event-sources/event-source-kafka/test-certs/openssl-ca.cnf
Check that the request matches the signature
Signature ok
The Subject's Distinguished Name is as follows
countryName           :PRINTABLE:'UK'
organizationName      :PRINTABLE:'Telicent Ltd'
organizationalUnitName:PRINTABLE:'Engineering'
commonName            :PRINTABLE:'Kafka Broker'
Certificate is to be certified until Oct  8 08:27:23 2026 GMT (30 days)

Write out database with 1 new entries
Database updated
Importing CA Root Certificate and Signed /Users/paulgallagher/Code/smart-caches-core/event-sources/event-source-kafka/test-certs/broker-keystore Certificate...
keytool -keystore /Users/paulgallagher/Code/smart-caches-core/event-sources/event-source-kafka/test-certs/broker-keystore -alias CARoot -import -file /Users/paulgallagher/Code/smart-caches-core/event-sources/event-source-kafka/test-certs/cacert.pem -noprompt -storepass squirrel
Certificate was added to keystore
keytool -keystore /Users/paulgallagher/Code/smart-caches-core/event-sources/event-source-kafka/test-certs/broker-keystore -alias localhost -import -file /Users/paulgallagher/Code/smart-caches-core/event-sources/event-source-kafka/test-certs/broker-keystore.crt -noprompt -storepass squirrel
Certificate reply was installed in keystore
Signing /Users/paulgallagher/Code/smart-caches-core/event-sources/event-source-kafka/test-certs/client-keystore Certificate with CA Root Certificate...
openssl ca -config /Users/paulgallagher/Code/smart-caches-core/event-sources/event-source-kafka/test-certs/openssl-ca.cnf -policy signing_policy -extensions signing_req -out /Users/paulgallagher/Code/smart-caches-core/event-sources/event-source-kafka/test-certs/client-keystore.crt -days 30 -batch -infiles /Users/paulgallagher/Code/smart-caches-core/event-sources/event-source-kafka/test-certs/client-keystore.csr
Using configuration from /Users/paulgallagher/Code/smart-caches-core/event-sources/event-source-kafka/test-certs/openssl-ca.cnf
Check that the request matches the signature
Signature ok
The Subject's Distinguished Name is as follows
countryName           :PRINTABLE:'UK'
organizationName      :PRINTABLE:'Telicent Ltd'
organizationalUnitName:PRINTABLE:'Engineering'
commonName            :PRINTABLE:'Kafka Client'
Certificate is to be certified until Oct  8 08:27:24 2026 GMT (30 days)

Write out database with 1 new entries
Database updated
Importing CA Root Certificate and Signed /Users/paulgallagher/Code/smart-caches-core/event-sources/event-source-kafka/test-certs/client-keystore Certificate...
keytool -keystore /Users/paulgallagher/Code/smart-caches-core/event-sources/event-source-kafka/test-certs/client-keystore -alias CARoot -import -file /Users/paulgallagher/Code/smart-caches-core/event-sources/event-source-kafka/test-certs/cacert.pem -noprompt -storepass squirrel
Certificate was added to keystore
keytool -keystore /Users/paulgallagher/Code/smart-caches-core/event-sources/event-source-kafka/test-certs/client-keystore -alias localhost -import -file /Users/paulgallagher/Code/smart-caches-core/event-sources/event-source-kafka/test-certs/client-keystore.crt -noprompt -storepass squirrel
Certificate reply was installed in keystore
Temporary CA Root, SSL Certificates, Key and Trust Stores generated!

Broker Trust Store is /Users/paulgallagher/Code/smart-caches-core/event-sources/event-source-kafka/test-certs/broker-truststore
Broker Key Store is /Users/paulgallagher/Code/smart-caches-core/event-sources/event-source-kafka/test-certs/broker-keystore
Client Trust Store is /Users/paulgallagher/Code/smart-caches-core/event-sources/event-source-kafka/test-certs/client-truststore
Client Key Store is /Users/paulgallagher/Code/smart-caches-core/event-sources/event-source-kafka/test-certs/client-keystore
Password used to access Trust and Key Stores is found in /Users/paulgallagher/Code/smart-caches-core/event-sources/event-source-kafka/test-certs/credentials
Kafka Client Properties file is /Users/paulgallagher/Code/smart-caches-core/event-sources/event-source-kafka/test-certs/client.properties

[INFO] 
[INFO] --- compiler:3.15.0:testCompile (default-testCompile) @ event-source-kafka ---
[INFO] Recompiling the module because of changed dependency.
[INFO] Compiling 68 source files with javac [debug release 21] to target/test-classes
[INFO] 
[INFO] --- jacoco:0.8.15:prepare-agent (prepare-agent) @ event-source-kafka ---
[INFO] argLine set to -javaagent:/Users/paulgallagher/.m2/repository/org/jacoco/org.jacoco.agent/0.8.15/org.jacoco.agent-0.8.15-runtime.jar=destfile=/Users/paulgallagher/Code/smart-caches-core/event-sources/event-source-kafka/target/jacoco.exec,append=true
[INFO] 
[INFO] --- surefire:3.5.6:test (default-test) @ event-source-kafka ---
[INFO] Using auto detected provider org.apache.maven.surefire.testng.TestNGProvider
[INFO] 
[INFO] -------------------------------------------------------
[INFO]  T E S T S
[INFO] -------------------------------------------------------
[INFO] Running io.telicent.smart.cache.sources.kafka.TestKafkaEventSourceProcessed
[INFO] Running io.telicent.smart.cache.sources.kafka.DockerTestKafkaSinkErrorHandling
[PID 90092 @ 2026-09-08T08:27:27.449917Z] Started test class io.telicent.smart.cache.sources.kafka.DockerTestKafkaSinkErrorHandling
[INFO] Tests run: 50, Failures: 0, Errors: 0, Skipped: 0, Time elapsed: 5.783 s -- in io.telicent.smart.cache.sources.kafka.TestKafkaEventSourceProcessed
[INFO] Running io.telicent.smart.cache.sources.kafka.TestKafkaEventSourceClosure
[INFO] Tests run: 4, Failures: 0, Errors: 0, Skipped: 0, Time elapsed: 0.781 s -- in io.telicent.smart.cache.sources.kafka.TestKafkaEventSourceClosure
[INFO] Running io.telicent.smart.cache.sources.kafka.TestKafkaEventSourceFromLatest
[INFO] Tests run: 32, Failures: 0, Errors: 0, Skipped: 0, Time elapsed: 2.843 s -- in io.telicent.smart.cache.sources.kafka.TestKafkaEventSourceFromLatest
[INFO] Running io.telicent.smart.cache.sources.kafka.DockerTestKafkaEventSource
[PID 90093 @ 2026-09-08T08:27:36.644372Z] Started test class io.telicent.smart.cache.sources.kafka.DockerTestKafkaEventSource
[PID 90092 @ 2026-09-08T08:27:39.943670Z] Finished test class io.telicent.smart.cache.sources.kafka.DockerTestKafkaSinkErrorHandling
[INFO] Tests run: 4, Failures: 0, Errors: 0, Skipped: 0, Time elapsed: 13.13 s -- in io.telicent.smart.cache.sources.kafka.DockerTestKafkaSinkErrorHandling
[INFO] Running io.telicent.smart.cache.sources.kafka.config.TestKafkaConfiguration
[INFO] Tests run: 16, Failures: 0, Errors: 0, Skipped: 0, Time elapsed: 0.190 s -- in io.telicent.smart.cache.sources.kafka.config.TestKafkaConfiguration
[INFO] Running io.telicent.smart.cache.sources.kafka.DockerTestKafkaEventSourceBehaviour
[PID 90092 @ 2026-09-08T08:27:40.573167Z] Started test class io.telicent.smart.cache.sources.kafka.DockerTestKafkaEventSourceBehaviour
[PID 90092 @ 2026-09-08T08:28:09.086161Z] Finished test class io.telicent.smart.cache.sources.kafka.DockerTestKafkaEventSourceBehaviour
[INFO] Tests run: 15, Failures: 0, Errors: 0, Skipped: 0, Time elapsed: 28.72 s -- in io.telicent.smart.cache.sources.kafka.DockerTestKafkaEventSourceBehaviour
[INFO] Running io.telicent.smart.cache.sources.kafka.DockerTestKafkaPollingTimeout
[PID 90092 @ 2026-09-08T08:28:09.293035Z] Started test class io.telicent.smart.cache.sources.kafka.DockerTestKafkaPollingTimeout
[PID 90092 @ 2026-09-08T08:28:38.824205Z] Retrying failed test givenKafkaSource_whenDecreasingDelayBetweenPollAndCommit_thenRereadsEventUntilDelayShortEnough_andLoggingAsExpected with status FAILURE
[PID 90093 @ 2026-09-08T08:28:44.574205Z] Finished test class io.telicent.smart.cache.sources.kafka.DockerTestKafkaEventSource
[INFO] Tests run: 46, Failures: 0, Errors: 0, Skipped: 0, Time elapsed: 68.03 s -- in io.telicent.smart.cache.sources.kafka.DockerTestKafkaEventSource
[INFO] Running io.telicent.smart.cache.sources.kafka.TestKafkaEventSourceBuilder
[INFO] Tests run: 11, Failures: 0, Errors: 0, Skipped: 0, Time elapsed: 0.342 s -- in io.telicent.smart.cache.sources.kafka.TestKafkaEventSourceBuilder
[INFO] Running io.telicent.smart.cache.sources.kafka.TestKafkaEvents
[INFO] Tests run: 7, Failures: 0, Errors: 0, Skipped: 0, Time elapsed: 0.070 s -- in io.telicent.smart.cache.sources.kafka.TestKafkaEvents
[INFO] Running io.telicent.smart.cache.sources.kafka.TestTopicExistenceCheckerInterrupts
[INFO] Tests run: 3, Failures: 0, Errors: 0, Skipped: 0, Time elapsed: 0.276 s -- in io.telicent.smart.cache.sources.kafka.TestTopicExistenceCheckerInterrupts
[INFO] Running io.telicent.smart.cache.sources.kafka.TestKafkaEventSourceManual
[INFO] Tests run: 32, Failures: 0, Errors: 0, Skipped: 0, Time elapsed: 2.868 s -- in io.telicent.smart.cache.sources.kafka.TestKafkaEventSourceManual
[INFO] Running io.telicent.smart.cache.sources.kafka.policies.TestAutoFromLatest
[INFO] Tests run: 15, Failures: 0, Errors: 0, Skipped: 0, Time elapsed: 0.137 s -- in io.telicent.smart.cache.sources.kafka.policies.TestAutoFromLatest
[INFO] Running io.telicent.smart.cache.sources.kafka.policies.TestAutoFromEnd
[INFO] Tests run: 15, Failures: 0, Errors: 0, Skipped: 0, Time elapsed: 0.059 s -- in io.telicent.smart.cache.sources.kafka.policies.TestAutoFromEnd
[INFO] Running io.telicent.smart.cache.sources.kafka.policies.TestAutoFromEarliest
[INFO] Tests run: 15, Failures: 0, Errors: 0, Skipped: 0, Time elapsed: 0.068 s -- in io.telicent.smart.cache.sources.kafka.policies.TestAutoFromEarliest
[INFO] Running io.telicent.smart.cache.sources.kafka.policies.TestAutoFromOffset
[INFO] Tests run: 16, Failures: 0, Errors: 0, Skipped: 0, Time elapsed: 0.056 s -- in io.telicent.smart.cache.sources.kafka.policies.TestAutoFromOffset
[INFO] Running io.telicent.smart.cache.sources.kafka.policies.TestManualFromBeginning
[INFO] Tests run: 15, Failures: 0, Errors: 0, Skipped: 0, Time elapsed: 0.088 s -- in io.telicent.smart.cache.sources.kafka.policies.TestManualFromBeginning
[INFO] Running io.telicent.smart.cache.sources.kafka.policies.TestAutoFromExternalOffsets
[INFO] Tests run: 17, Failures: 0, Errors: 0, Skipped: 0, Time elapsed: 0.052 s -- in io.telicent.smart.cache.sources.kafka.policies.TestAutoFromExternalOffsets
[INFO] Running io.telicent.smart.cache.sources.kafka.policies.TestAutoFromBeginning
[INFO] Tests run: 15, Failures: 0, Errors: 0, Skipped: 0, Time elapsed: 0.064 s -- in io.telicent.smart.cache.sources.kafka.policies.TestAutoFromBeginning
[INFO] Running io.telicent.smart.cache.sources.kafka.serializers.TestGraphDeserializer
[INFO] Tests run: 30, Failures: 0, Errors: 0, Skipped: 0, Time elapsed: 3.475 s -- in io.telicent.smart.cache.sources.kafka.serializers.TestGraphDeserializer
[INFO] Running io.telicent.smart.cache.sources.kafka.serializers.TestLazyJacksonSerdesBad
[INFO] Tests run: 4, Failures: 0, Errors: 0, Skipped: 0, Time elapsed: 0.314 s -- in io.telicent.smart.cache.sources.kafka.serializers.TestLazyJacksonSerdesBad
[INFO] Running io.telicent.smart.cache.sources.kafka.serializers.TestDatasetDeserializer
[INFO] Tests run: 2, Failures: 0, Errors: 0, Skipped: 0, Time elapsed: 0.110 s -- in io.telicent.smart.cache.sources.kafka.serializers.TestDatasetDeserializer
[INFO] Running io.telicent.smart.cache.sources.kafka.serializers.TestLazyEnvelopeSerdes
[INFO] Tests run: 7, Failures: 0, Errors: 0, Skipped: 0, Time elapsed: 0.122 s -- in io.telicent.smart.cache.sources.kafka.serializers.TestLazyEnvelopeSerdes
[INFO] Running io.telicent.smart.cache.sources.kafka.serializers.TestJacksonSerdes
[INFO] Tests run: 4, Failures: 0, Errors: 0, Skipped: 0, Time elapsed: 0.109 s -- in io.telicent.smart.cache.sources.kafka.serializers.TestJacksonSerdes
[INFO] Running io.telicent.smart.cache.sources.kafka.serializers.TestPayloadDeserializer
[INFO] Tests run: 25, Failures: 0, Errors: 0, Skipped: 0, Time elapsed: 0.355 s -- in io.telicent.smart.cache.sources.kafka.serializers.TestPayloadDeserializer
[INFO] Running io.telicent.smart.cache.sources.kafka.serializers.TestLazyJacksonDataSerdes
[INFO] Tests run: 7, Failures: 0, Errors: 0, Skipped: 0, Time elapsed: 0.115 s -- in io.telicent.smart.cache.sources.kafka.serializers.TestLazyJacksonDataSerdes
[INFO] Running io.telicent.smart.cache.sources.kafka.TestKafkaSinkErrorHandling
[INFO] Tests run: 4, Failures: 0, Errors: 0, Skipped: 0, Time elapsed: 4.315 s -- in io.telicent.smart.cache.sources.kafka.TestKafkaSinkErrorHandling
[INFO] Running io.telicent.smart.cache.sources.kafka.TestKafkaRdfPayloadSource
[INFO] Tests run: 15, Failures: 0, Errors: 0, Skipped: 0, Time elapsed: 1.708 s -- in io.telicent.smart.cache.sources.kafka.TestKafkaRdfPayloadSource
[INFO] Running io.telicent.smart.cache.sources.kafka.DockerTestSecureKafkaCluster
[PID 90093 @ 2026-09-08T08:28:59.614402Z] Started test class io.telicent.smart.cache.sources.kafka.DockerTestSecureKafkaCluster
[PID 90092 @ 2026-09-08T08:29:02.461770Z] Retrying failed test givenKafkaSource_whenDecreasingDelayBetweenPollAndCommit_thenRereadsEventUntilDelayShortEnough_andLoggingAsExpected with status FAILURE
[PID 90093 @ 2026-09-08T08:29:11.292946Z] Trying to poll for events with no credentials
[PID 90093 @ 2026-09-08T08:29:14.322471Z] Finished polling for events
[PID 90093 @ 2026-09-08T08:29:14.323971Z] Polling for events with valid credentials
[PID 90093 @ 2026-09-08T08:29:15.213431Z] Finished polling for events
[PID 90093 @ 2026-09-08T08:29:15.213612Z] Polling for events with valid credentials
[PID 90093 @ 2026-09-08T08:29:15.872238Z] Finished polling for events
[PID 90093 @ 2026-09-08T08:29:15.872411Z] Polling for events with valid credentials
[PID 90093 @ 2026-09-08T08:29:16.561186Z] Finished polling for events
[PID 90093 @ 2026-09-08T08:29:16.561370Z] Polling for events with invalid credentials
[PID 90093 @ 2026-09-08T08:29:19.579875Z] Finished polling for events
[PID 90093 @ 2026-09-08T08:29:19.860177Z] Finished test class io.telicent.smart.cache.sources.kafka.DockerTestSecureKafkaCluster
[INFO] Tests run: 8, Failures: 0, Errors: 0, Skipped: 0, Time elapsed: 20.35 s -- in io.telicent.smart.cache.sources.kafka.DockerTestSecureKafkaCluster
[INFO] Running io.telicent.smart.cache.sources.kafka.TestKafkaEventSourceTombstones
[INFO] Tests run: 4, Failures: 0, Errors: 0, Skipped: 0, Time elapsed: 0.515 s -- in io.telicent.smart.cache.sources.kafka.TestKafkaEventSourceTombstones
[INFO] Running io.telicent.smart.cache.sources.kafka.DockerTestKafkaMultipleTopics
[PID 90093 @ 2026-09-08T08:29:20.524321Z] Started test class io.telicent.smart.cache.sources.kafka.DockerTestKafkaMultipleTopics
[PID 90092 @ 2026-09-08T08:30:09.869890Z] Finished test class io.telicent.smart.cache.sources.kafka.DockerTestKafkaPollingTimeout
[WARNING] Tests run: 7, Failures: 0, Errors: 0, Skipped: 2, Time elapsed: 120.7 s -- in io.telicent.smart.cache.sources.kafka.DockerTestKafkaPollingTimeout
[INFO] Running io.telicent.smart.cache.sources.kafka.TestKafkaEventSourceFromOffset
[INFO] Tests run: 32, Failures: 0, Errors: 0, Skipped: 0, Time elapsed: 3.192 s -- in io.telicent.smart.cache.sources.kafka.TestKafkaEventSourceFromOffset
[INFO] Running io.telicent.smart.cache.sources.kafka.tombstones.DockerTestKafkaTombstonesRdfPayload
[PID 90092 @ 2026-09-08T08:30:13.295291Z] Started test class io.telicent.smart.cache.sources.kafka.tombstones.DockerTestKafkaTombstonesRdfPayload
[PID 90093 @ 2026-09-08T08:30:28.461289Z] Finished test class io.telicent.smart.cache.sources.kafka.DockerTestKafkaMultipleTopics
[INFO] Tests run: 25, Failures: 0, Errors: 0, Skipped: 0, Time elapsed: 68.09 s -- in io.telicent.smart.cache.sources.kafka.DockerTestKafkaMultipleTopics
[INFO] Running io.telicent.smart.cache.sources.kafka.tombstones.DockerTestKafkaTombstonesGraph
[PID 90093 @ 2026-09-08T08:30:28.694995Z] Started test class io.telicent.smart.cache.sources.kafka.tombstones.DockerTestKafkaTombstonesGraph
[PID 90092 @ 2026-09-08T08:30:32.222051Z] Finished test class io.telicent.smart.cache.sources.kafka.tombstones.DockerTestKafkaTombstonesRdfPayload
[INFO] Tests run: 4, Failures: 0, Errors: 0, Skipped: 0, Time elapsed: 19.00 s -- in io.telicent.smart.cache.sources.kafka.tombstones.DockerTestKafkaTombstonesRdfPayload
[INFO] Running io.telicent.smart.cache.sources.kafka.tombstones.DockerTestKafkaTombstonesLazyJackson
[PID 90092 @ 2026-09-08T08:30:32.340232Z] Started test class io.telicent.smart.cache.sources.kafka.tombstones.DockerTestKafkaTombstonesLazyJackson
[PID 90093 @ 2026-09-08T08:30:47.460125Z] Finished test class io.telicent.smart.cache.sources.kafka.tombstones.DockerTestKafkaTombstonesGraph
[INFO] Tests run: 4, Failures: 0, Errors: 0, Skipped: 0, Time elapsed: 18.90 s -- in io.telicent.smart.cache.sources.kafka.tombstones.DockerTestKafkaTombstonesGraph
[INFO] Running io.telicent.smart.cache.sources.kafka.tombstones.DockerTestKafkaTombstonesLazyEnvelope
[PID 90093 @ 2026-09-08T08:30:47.641649Z] Started test class io.telicent.smart.cache.sources.kafka.tombstones.DockerTestKafkaTombstonesLazyEnvelope
[PID 90092 @ 2026-09-08T08:30:51.229679Z] Finished test class io.telicent.smart.cache.sources.kafka.tombstones.DockerTestKafkaTombstonesLazyJackson
[INFO] Tests run: 4, Failures: 0, Errors: 0, Skipped: 0, Time elapsed: 19.14 s -- in io.telicent.smart.cache.sources.kafka.tombstones.DockerTestKafkaTombstonesLazyJackson
[INFO] Running io.telicent.smart.cache.sources.kafka.tombstones.DockerTestKafkaTombstonesJackson
[PID 90092 @ 2026-09-08T08:30:51.579355Z] Started test class io.telicent.smart.cache.sources.kafka.tombstones.DockerTestKafkaTombstonesJackson
[PID 90093 @ 2026-09-08T08:31:06.711239Z] Finished test class io.telicent.smart.cache.sources.kafka.tombstones.DockerTestKafkaTombstonesLazyEnvelope
[INFO] Tests run: 4, Failures: 0, Errors: 0, Skipped: 0, Time elapsed: 19.21 s -- in io.telicent.smart.cache.sources.kafka.tombstones.DockerTestKafkaTombstonesLazyEnvelope
[INFO] Running io.telicent.smart.cache.sources.kafka.TestKafkaEventSource
[INFO] Tests run: 32, Failures: 0, Errors: 0, Skipped: 0, Time elapsed: 3.086 s -- in io.telicent.smart.cache.sources.kafka.TestKafkaEventSource
[INFO] Running io.telicent.smart.cache.sources.kafka.DockerTestMutualTlsKafkaCluster
[PID 90093 @ 2026-09-08T08:31:10.012106Z] Started test class io.telicent.smart.cache.sources.kafka.DockerTestMutualTlsKafkaCluster
[PID 90092 @ 2026-09-08T08:31:10.535445Z] Finished test class io.telicent.smart.cache.sources.kafka.tombstones.DockerTestKafkaTombstonesJackson
[INFO] Tests run: 4, Failures: 0, Errors: 0, Skipped: 0, Time elapsed: 19.07 s -- in io.telicent.smart.cache.sources.kafka.tombstones.DockerTestKafkaTombstonesJackson
[INFO] Running io.telicent.smart.cache.sources.kafka.TestKafkaDatasetGraphSource
[INFO] Tests run: 15, Failures: 0, Errors: 0, Skipped: 0, Time elapsed: 1.826 s -- in io.telicent.smart.cache.sources.kafka.TestKafkaDatasetGraphSource
[INFO] Running io.telicent.smart.cache.sources.kafka.TestKafkaEventMutations
[INFO] Tests run: 10, Failures: 0, Errors: 0, Skipped: 0, Time elapsed: 0.116 s -- in io.telicent.smart.cache.sources.kafka.TestKafkaEventMutations
[INFO] Running io.telicent.smart.cache.sources.kafka.TestKafkaEventSourceBuilderTopics
[INFO] Tests run: 4, Failures: 0, Errors: 0, Skipped: 0, Time elapsed: 0.104 s -- in io.telicent.smart.cache.sources.kafka.TestKafkaEventSourceBuilderTopics
[INFO] Running io.telicent.smart.cache.sources.kafka.DockerTestKafkaTopicExistence
[PID 90092 @ 2026-09-08T08:31:12.815566Z] Started test class io.telicent.smart.cache.sources.kafka.DockerTestKafkaTopicExistence
[PID 90093 @ 2026-09-08T08:31:24.985422Z] Finished test class io.telicent.smart.cache.sources.kafka.DockerTestMutualTlsKafkaCluster
[INFO] Tests run: 4, Failures: 0, Errors: 0, Skipped: 0, Time elapsed: 15.08 s -- in io.telicent.smart.cache.sources.kafka.DockerTestMutualTlsKafkaCluster
[INFO] Running io.telicent.smart.cache.sources.kafka.TestKafkaEventSourceFromEarliest
[INFO] Tests run: 32, Failures: 0, Errors: 0, Skipped: 0, Time elapsed: 2.956 s -- in io.telicent.smart.cache.sources.kafka.TestKafkaEventSourceFromEarliest
[PID 90092 @ 2026-09-08T08:31:37.000982Z] Waiting for event [Topic, no-such-topic, to exist] to occur...after attempt 1
[PID 90092 @ 2026-09-08T08:32:20.531998Z] Finished test class io.telicent.smart.cache.sources.kafka.DockerTestKafkaTopicExistence
[INFO] Tests run: 11, Failures: 0, Errors: 0, Skipped: 0, Time elapsed: 67.85 s -- in io.telicent.smart.cache.sources.kafka.DockerTestKafkaTopicExistence
[INFO] 
[INFO] Results:
[INFO] 
[INFO] Tests run: 628, Failures: 0, Errors: 0, Skipped: 0
[INFO] 
[INFO] 
[INFO] --- jar:3.5.1:jar (default-jar) @ event-source-kafka ---
[INFO] Building jar: /Users/paulgallagher/Code/smart-caches-core/event-sources/event-source-kafka/target/event-source-kafka-1.3.3-SNAPSHOT.jar
[INFO] 
[INFO] --- jar:3.5.1:test-jar (create-test-jar) @ event-source-kafka ---
[INFO] Building jar: /Users/paulgallagher/Code/smart-caches-core/event-sources/event-source-kafka/target/event-source-kafka-1.3.3-SNAPSHOT-tests.jar
[INFO] 
[INFO] >>> source:3.4.0:jar (attach-sources) > generate-sources @ event-source-kafka >>>
[INFO] 
[INFO] --- enforcer:3.6.3:enforce (enforce-versions) @ event-source-kafka ---
[INFO] 
[INFO] --- license:5.1.2:check (check-licenses) @ event-source-kafka ---
[INFO] Checking licenses...
[INFO] License check: 112 file(s) checked (OK: 112, Missing: 0, Unknown: 0)
[INFO] 
[INFO] --- dependency:3.11.0:properties (properties) @ event-source-kafka ---
[INFO] 
[INFO] --- lombok:1.18.20.0:delombok (default) @ event-source-kafka ---
[INFO] Delombok complete.
[INFO] 
[INFO] <<< source:3.4.0:jar (attach-sources) < generate-sources @ event-source-kafka <<<
[INFO] 
[INFO] 
[INFO] --- source:3.4.0:jar (attach-sources) @ event-source-kafka ---
[INFO] Building jar: /Users/paulgallagher/Code/smart-caches-core/event-sources/event-source-kafka/target/event-source-kafka-1.3.3-SNAPSHOT-sources.jar
[INFO] 
[INFO] >>> source:3.4.0:test-jar (attach-test-sources) > generate-sources @ event-source-kafka >>>
[INFO] 
[INFO] --- enforcer:3.6.3:enforce (enforce-versions) @ event-source-kafka ---
[INFO] 
[INFO] --- license:5.1.2:check (check-licenses) @ event-source-kafka ---
[INFO] Checking licenses...
[INFO] License check: 112 file(s) checked (OK: 112, Missing: 0, Unknown: 0)
[INFO] 
[INFO] --- dependency:3.11.0:properties (properties) @ event-source-kafka ---
[INFO] 
[INFO] --- lombok:1.18.20.0:delombok (default) @ event-source-kafka ---
[INFO] Delombok complete.
[INFO] 
[INFO] <<< source:3.4.0:test-jar (attach-test-sources) < generate-sources @ event-source-kafka <<<
[INFO] 
[INFO] 
[INFO] --- source:3.4.0:test-jar (attach-test-sources) @ event-source-kafka ---
[INFO] Building jar: /Users/paulgallagher/Code/smart-caches-core/event-sources/event-source-kafka/target/event-source-kafka-1.3.3-SNAPSHOT-test-sources.jar
[INFO] 
[INFO] --- javadoc:3.12.0:jar (default) @ event-source-kafka ---
[INFO] Building jar: /Users/paulgallagher/Code/smart-caches-core/event-sources/event-source-kafka/target/event-source-kafka-1.3.3-SNAPSHOT-javadoc.jar
[INFO] 
[INFO] --- cyclonedx:2.9.3:makeAggregateBom (build-sbom-cyclonedx) @ event-source-kafka ---
[INFO] CycloneDX: Resolving Dependencies
[INFO] CycloneDX: Creating BOM version 1.6 with 45 component(s)
[INFO] CycloneDX: Writing and validating BOM (JSON): /Users/paulgallagher/Code/smart-caches-core/event-sources/event-source-kafka/target/event-source-kafka-1.3.3-SNAPSHOT-bom.json
[INFO]            attaching as event-source-kafka-1.3.3-SNAPSHOT-cyclonedx.json
[INFO] 
[INFO] --- assembly:3.8.0:single (build-distribution) @ event-source-kafka ---
[INFO] Reading assembly descriptor: src/assembly/dist.xml
[INFO] Building zip: /Users/paulgallagher/Code/smart-caches-core/event-sources/event-source-kafka/target/event-source-kafka-1.3.3-SNAPSHOT-certs-helper.zip
[INFO] Building tar: /Users/paulgallagher/Code/smart-caches-core/event-sources/event-source-kafka/target/event-source-kafka-1.3.3-SNAPSHOT-certs-helper.tar.gz
[INFO] 
[INFO] --- gpg:3.2.8:sign (default) @ event-source-kafka ---
[INFO] Signer 'gpg' is signing 9 files with key default
[INFO] 
[INFO] --- jacoco:0.8.15:report (report) @ event-source-kafka ---
[INFO] Loading execution data file /Users/paulgallagher/Code/smart-caches-core/event-sources/event-source-kafka/target/jacoco.exec
[INFO] Analyzed bundle 'Telicent Smart Caches - Event Sources - Kafka' with 43 classes
[INFO] 
[INFO] --- jacoco:0.8.15:check (require-test-coverage) @ event-source-kafka ---
[INFO] Loading execution data file /Users/paulgallagher/Code/smart-caches-core/event-sources/event-source-kafka/target/jacoco.exec
[INFO] Analyzed bundle 'event-source-kafka' with 43 classes
[INFO] All coverage checks have been met.
[INFO] 
[INFO] --- dependency:3.11.0:analyze-only (analyze) @ event-source-kafka ---
[WARNING] Used undeclared dependencies found:
[WARNING]    junit:junit:jar:4.13.2:test
[WARNING] Unused declared dependencies found:
[WARNING]    at.yawk.lz4:lz4-java:jar:1.11.2:compile
[INFO] 
[INFO] --- install:3.1.2:install (default-install) @ event-source-kafka ---
[INFO] Installing /Users/paulgallagher/Code/smart-caches-core/event-sources/event-source-kafka/pom.xml to /Users/paulgallagher/.m2/repository/io/telicent/smart-caches/event-source-kafka/1.3.3-SNAPSHOT/event-source-kafka-1.3.3-SNAPSHOT.pom
[INFO] Installing /Users/paulgallagher/Code/smart-caches-core/event-sources/event-source-kafka/target/event-source-kafka-1.3.3-SNAPSHOT.jar to /Users/paulgallagher/.m2/repository/io/telicent/smart-caches/event-source-kafka/1.3.3-SNAPSHOT/event-source-kafka-1.3.3-SNAPSHOT.jar
[INFO] Installing /Users/paulgallagher/Code/smart-caches-core/event-sources/event-source-kafka/target/event-source-kafka-1.3.3-SNAPSHOT-tests.jar to /Users/paulgallagher/.m2/repository/io/telicent/smart-caches/event-source-kafka/1.3.3-SNAPSHOT/event-source-kafka-1.3.3-SNAPSHOT-tests.jar
[INFO] Installing /Users/paulgallagher/Code/smart-caches-core/event-sources/event-source-kafka/target/event-source-kafka-1.3.3-SNAPSHOT-sources.jar to /Users/paulgallagher/.m2/repository/io/telicent/smart-caches/event-source-kafka/1.3.3-SNAPSHOT/event-source-kafka-1.3.3-SNAPSHOT-sources.jar
[INFO] Installing /Users/paulgallagher/Code/smart-caches-core/event-sources/event-source-kafka/target/event-source-kafka-1.3.3-SNAPSHOT-test-sources.jar to /Users/paulgallagher/.m2/repository/io/telicent/smart-caches/event-source-kafka/1.3.3-SNAPSHOT/event-source-kafka-1.3.3-SNAPSHOT-test-sources.jar
[INFO] Installing /Users/paulgallagher/Code/smart-caches-core/event-sources/event-source-kafka/target/event-source-kafka-1.3.3-SNAPSHOT-javadoc.jar to /Users/paulgallagher/.m2/repository/io/telicent/smart-caches/event-source-kafka/1.3.3-SNAPSHOT/event-source-kafka-1.3.3-SNAPSHOT-javadoc.jar
[INFO] Installing /Users/paulgallagher/Code/smart-caches-core/event-sources/event-source-kafka/target/event-source-kafka-1.3.3-SNAPSHOT-bom.json to /Users/paulgallagher/.m2/repository/io/telicent/smart-caches/event-source-kafka/1.3.3-SNAPSHOT/event-source-kafka-1.3.3-SNAPSHOT-cyclonedx.json
[INFO] Installing /Users/paulgallagher/Code/smart-caches-core/event-sources/event-source-kafka/target/event-source-kafka-1.3.3-SNAPSHOT-certs-helper.zip to /Users/paulgallagher/.m2/repository/io/telicent/smart-caches/event-source-kafka/1.3.3-SNAPSHOT/event-source-kafka-1.3.3-SNAPSHOT-certs-helper.zip
[INFO] Installing /Users/paulgallagher/Code/smart-caches-core/event-sources/event-source-kafka/target/event-source-kafka-1.3.3-SNAPSHOT-certs-helper.tar.gz to /Users/paulgallagher/.m2/repository/io/telicent/smart-caches/event-source-kafka/1.3.3-SNAPSHOT/event-source-kafka-1.3.3-SNAPSHOT-certs-helper.tar.gz
[INFO] Installing /Users/paulgallagher/Code/smart-caches-core/event-sources/event-source-kafka/target/event-source-kafka-1.3.3-SNAPSHOT.jar.asc to /Users/paulgallagher/.m2/repository/io/telicent/smart-caches/event-source-kafka/1.3.3-SNAPSHOT/event-source-kafka-1.3.3-SNAPSHOT.jar.asc
[INFO] Installing /Users/paulgallagher/Code/smart-caches-core/event-sources/event-source-kafka/target/event-source-kafka-1.3.3-SNAPSHOT.pom.asc to /Users/paulgallagher/.m2/repository/io/telicent/smart-caches/event-source-kafka/1.3.3-SNAPSHOT/event-source-kafka-1.3.3-SNAPSHOT.pom.asc
[INFO] Installing /Users/paulgallagher/Code/smart-caches-core/event-sources/event-source-kafka/target/event-source-kafka-1.3.3-SNAPSHOT-tests.jar.asc to /Users/paulgallagher/.m2/repository/io/telicent/smart-caches/event-source-kafka/1.3.3-SNAPSHOT/event-source-kafka-1.3.3-SNAPSHOT-tests.jar.asc
[INFO] Installing /Users/paulgallagher/Code/smart-caches-core/event-sources/event-source-kafka/target/event-source-kafka-1.3.3-SNAPSHOT-sources.jar.asc to /Users/paulgallagher/.m2/repository/io/telicent/smart-caches/event-source-kafka/1.3.3-SNAPSHOT/event-source-kafka-1.3.3-SNAPSHOT-sources.jar.asc
[INFO] Installing /Users/paulgallagher/Code/smart-caches-core/event-sources/event-source-kafka/target/event-source-kafka-1.3.3-SNAPSHOT-test-sources.jar.asc to /Users/paulgallagher/.m2/repository/io/telicent/smart-caches/event-source-kafka/1.3.3-SNAPSHOT/event-source-kafka-1.3.3-SNAPSHOT-test-sources.jar.asc
[INFO] Installing /Users/paulgallagher/Code/smart-caches-core/event-sources/event-source-kafka/target/event-source-kafka-1.3.3-SNAPSHOT-javadoc.jar.asc to /Users/paulgallagher/.m2/repository/io/telicent/smart-caches/event-source-kafka/1.3.3-SNAPSHOT/event-source-kafka-1.3.3-SNAPSHOT-javadoc.jar.asc
[INFO] Installing /Users/paulgallagher/Code/smart-caches-core/event-sources/event-source-kafka/target/event-source-kafka-1.3.3-SNAPSHOT-bom.json.asc to /Users/paulgallagher/.m2/repository/io/telicent/smart-caches/event-source-kafka/1.3.3-SNAPSHOT/event-source-kafka-1.3.3-SNAPSHOT-cyclonedx.json.asc
[INFO] Installing /Users/paulgallagher/Code/smart-caches-core/event-sources/event-source-kafka/target/event-source-kafka-1.3.3-SNAPSHOT-certs-helper.zip.asc to /Users/paulgallagher/.m2/repository/io/telicent/smart-caches/event-source-kafka/1.3.3-SNAPSHOT/event-source-kafka-1.3.3-SNAPSHOT-certs-helper.zip.asc
[INFO] Installing /Users/paulgallagher/Code/smart-caches-core/event-sources/event-source-kafka/target/event-source-kafka-1.3.3-SNAPSHOT-certs-helper.tar.gz.asc to /Users/paulgallagher/.m2/repository/io/telicent/smart-caches/event-source-kafka/1.3.3-SNAPSHOT/event-source-kafka-1.3.3-SNAPSHOT-certs-helper.tar.gz.asc
[INFO] 
[INFO] -------------< io.telicent.smart-caches:event-source-file >-------------
[INFO] Building Telicent Smart Caches - Event Sources - File 1.3.3-SNAPSHOT [9/22]
[INFO]   from event-sources/event-source-file/pom.xml
[INFO] --------------------------------[ jar ]---------------------------------
[INFO] 
[INFO] --- clean:3.2.0:clean (default-clean) @ event-source-file ---
[INFO] Deleting /Users/paulgallagher/Code/smart-caches-core/event-sources/event-source-file/target
[INFO] 
[INFO] --- enforcer:3.6.3:enforce (enforce-versions) @ event-source-file ---
[INFO] 
[INFO] --- license:5.1.2:check (check-licenses) @ event-source-file ---
[INFO] Checking licenses...
[INFO] License check: 48 file(s) checked (OK: 48, Missing: 0, Unknown: 0)
[INFO] 
[INFO] --- lombok:1.18.20.0:delombok (default) @ event-source-file ---
[INFO] Delombok complete.
[INFO] 
[INFO] --- buildnumber:3.3.0:create-metadata (default) @ event-source-file ---
[INFO] 
[INFO] --- resources:3.3.1:resources (default-resources) @ event-source-file ---
[INFO] Copying 2 resources from src/main/resources to target/classes
[INFO] Copying 1 resource from target/generated/build-metadata to target/classes
[INFO] 
[INFO] --- compiler:3.15.0:compile (default-compile) @ event-source-file ---
[INFO] Recompiling the module because of changed dependency.
[INFO] Compiling 27 source files with javac [debug release 21] to target/classes
[INFO] 
[INFO] --- resources:3.3.1:testResources (default-testResources) @ event-source-file ---
[INFO] Copying 2 resources from src/test/resources to target/test-classes
[INFO] 
[INFO] --- compiler:3.15.0:testCompile (default-testCompile) @ event-source-file ---
[INFO] Recompiling the module because of changed dependency.
[INFO] Compiling 18 source files with javac [debug release 21] to target/test-classes
[INFO] 
[INFO] --- jacoco:0.8.15:prepare-agent (prepare-agent) @ event-source-file ---
[INFO] argLine set to -javaagent:/Users/paulgallagher/.m2/repository/org/jacoco/org.jacoco.agent/0.8.15/org.jacoco.agent-0.8.15-runtime.jar=destfile=/Users/paulgallagher/Code/smart-caches-core/event-sources/event-source-file/target/jacoco.exec,append=true
[INFO] 
[INFO] --- surefire:3.2.5:test (default-test) @ event-source-file ---
[INFO] Using auto detected provider org.apache.maven.surefire.testng.TestNGProvider
[INFO] 
[INFO] -------------------------------------------------------
[INFO]  T E S T S
[INFO] -------------------------------------------------------
[INFO] Running TestSuite
2026-09-08 09:32:47,583 [Server] [<anon>] ERROR riot - [line: 1, col: 1 ] Expected BNode or IRI: Got: [MINUS]
2026-09-08 09:32:47,587 [Server] [<anon>] ERROR riot - [line: 1, col: 1 ] Expected BNode or IRI: Got: [PREFIXED_NAME:Content-Type:]
Mockito is currently self-attaching to enable the inline-mock-maker. This will no longer work in future releases of the JDK. Please add Mockito as an agent to your build as described in Mockito's documentation: https://javadoc.io/doc/org.mockito/mockito-core/latest/org.mockito/org/mockito/Mockito.html#0.3
WARNING: A Java agent has been loaded dynamically (/Users/paulgallagher/.m2/repository/net/bytebuddy/byte-buddy-agent/1.17.7/byte-buddy-agent-1.17.7.jar)
WARNING: If a serviceability tool is in use, please run with -XX:+EnableDynamicAgentLoading to hide this warning
WARNING: If a serviceability tool is not in use, please run with -Djdk.instrument.traceUsage for more information
WARNING: Dynamic loading of agents will be disallowed by default in a future release
OpenJDK 64-Bit Server VM warning: Sharing is only supported for boot loader classes because bootstrap classpath has been appended
[WARNING] Tests run: 328, Failures: 0, Errors: 0, Skipped: 2, Time elapsed: 18.23 s -- in TestSuite
[INFO] 
[INFO] Results:
[INFO] 
[WARNING] Tests run: 328, Failures: 0, Errors: 0, Skipped: 2
[INFO] 
[INFO] 
[INFO] --- jar:3.5.1:jar (default-jar) @ event-source-file ---
[INFO] Building jar: /Users/paulgallagher/Code/smart-caches-core/event-sources/event-source-file/target/event-source-file-1.3.3-SNAPSHOT.jar
[INFO] 
[INFO] --- jar:3.5.1:test-jar (create-test-jar) @ event-source-file ---
[INFO] Skipping packaging of the test-jar
[INFO] 
[INFO] >>> source:3.4.0:jar (attach-sources) > generate-sources @ event-source-file >>>
[INFO] 
[INFO] --- enforcer:3.6.3:enforce (enforce-versions) @ event-source-file ---
[INFO] 
[INFO] --- license:5.1.2:check (check-licenses) @ event-source-file ---
[INFO] Checking licenses...
[INFO] License check: 48 file(s) checked (OK: 48, Missing: 0, Unknown: 0)
[INFO] 
[INFO] --- lombok:1.18.20.0:delombok (default) @ event-source-file ---
[INFO] Delombok complete.
[INFO] 
[INFO] <<< source:3.4.0:jar (attach-sources) < generate-sources @ event-source-file <<<
[INFO] 
[INFO] 
[INFO] --- source:3.4.0:jar (attach-sources) @ event-source-file ---
[INFO] Building jar: /Users/paulgallagher/Code/smart-caches-core/event-sources/event-source-file/target/event-source-file-1.3.3-SNAPSHOT-sources.jar
[INFO] 
[INFO] >>> source:3.4.0:test-jar (attach-test-sources) > generate-sources @ event-source-file >>>
[INFO] 
[INFO] --- enforcer:3.6.3:enforce (enforce-versions) @ event-source-file ---
[INFO] 
[INFO] --- license:5.1.2:check (check-licenses) @ event-source-file ---
[INFO] Checking licenses...
[INFO] License check: 48 file(s) checked (OK: 48, Missing: 0, Unknown: 0)
[INFO] 
[INFO] --- lombok:1.18.20.0:delombok (default) @ event-source-file ---
[INFO] Delombok complete.
[INFO] 
[INFO] <<< source:3.4.0:test-jar (attach-test-sources) < generate-sources @ event-source-file <<<
[INFO] 
[INFO] 
[INFO] --- source:3.4.0:test-jar (attach-test-sources) @ event-source-file ---
[INFO] Skipping source per configuration.
[INFO] 
[INFO] --- javadoc:3.12.0:jar (default) @ event-source-file ---
[INFO] Building jar: /Users/paulgallagher/Code/smart-caches-core/event-sources/event-source-file/target/event-source-file-1.3.3-SNAPSHOT-javadoc.jar
[INFO] 
[INFO] --- cyclonedx:2.9.3:makeAggregateBom (build-sbom-cyclonedx) @ event-source-file ---
[INFO] CycloneDX: Resolving Dependencies
[INFO] CycloneDX: Creating BOM version 1.6 with 48 component(s)
[INFO] CycloneDX: Writing and validating BOM (JSON): /Users/paulgallagher/Code/smart-caches-core/event-sources/event-source-file/target/event-source-file-1.3.3-SNAPSHOT-bom.json
[INFO]            attaching as event-source-file-1.3.3-SNAPSHOT-cyclonedx.json
[INFO] 
[INFO] --- gpg:3.2.8:sign (default) @ event-source-file ---
[INFO] Signer 'gpg' is signing 5 files with key default
[INFO] 
[INFO] --- jacoco:0.8.15:report (report) @ event-source-file ---
[INFO] Loading execution data file /Users/paulgallagher/Code/smart-caches-core/event-sources/event-source-file/target/jacoco.exec
[INFO] Analyzed bundle 'Telicent Smart Caches - Event Sources - File' with 28 classes
[INFO] 
[INFO] --- jacoco:0.8.15:check (require-test-coverage) @ event-source-file ---
[INFO] Loading execution data file /Users/paulgallagher/Code/smart-caches-core/event-sources/event-source-file/target/jacoco.exec
[INFO] Analyzed bundle 'event-source-file' with 28 classes
[INFO] All coverage checks have been met.
[INFO] 
[INFO] --- install:3.1.2:install (default-install) @ event-source-file ---
[INFO] Installing /Users/paulgallagher/Code/smart-caches-core/event-sources/event-source-file/pom.xml to /Users/paulgallagher/.m2/repository/io/telicent/smart-caches/event-source-file/1.3.3-SNAPSHOT/event-source-file-1.3.3-SNAPSHOT.pom
[INFO] Installing /Users/paulgallagher/Code/smart-caches-core/event-sources/event-source-file/target/event-source-file-1.3.3-SNAPSHOT.jar to /Users/paulgallagher/.m2/repository/io/telicent/smart-caches/event-source-file/1.3.3-SNAPSHOT/event-source-file-1.3.3-SNAPSHOT.jar
[INFO] Installing /Users/paulgallagher/Code/smart-caches-core/event-sources/event-source-file/target/event-source-file-1.3.3-SNAPSHOT-sources.jar to /Users/paulgallagher/.m2/repository/io/telicent/smart-caches/event-source-file/1.3.3-SNAPSHOT/event-source-file-1.3.3-SNAPSHOT-sources.jar
[INFO] Installing /Users/paulgallagher/Code/smart-caches-core/event-sources/event-source-file/target/event-source-file-1.3.3-SNAPSHOT-javadoc.jar to /Users/paulgallagher/.m2/repository/io/telicent/smart-caches/event-source-file/1.3.3-SNAPSHOT/event-source-file-1.3.3-SNAPSHOT-javadoc.jar
[INFO] Installing /Users/paulgallagher/Code/smart-caches-core/event-sources/event-source-file/target/event-source-file-1.3.3-SNAPSHOT-bom.json to /Users/paulgallagher/.m2/repository/io/telicent/smart-caches/event-source-file/1.3.3-SNAPSHOT/event-source-file-1.3.3-SNAPSHOT-cyclonedx.json
[INFO] Installing /Users/paulgallagher/Code/smart-caches-core/event-sources/event-source-file/target/event-source-file-1.3.3-SNAPSHOT.jar.asc to /Users/paulgallagher/.m2/repository/io/telicent/smart-caches/event-source-file/1.3.3-SNAPSHOT/event-source-file-1.3.3-SNAPSHOT.jar.asc
[INFO] Installing /Users/paulgallagher/Code/smart-caches-core/event-sources/event-source-file/target/event-source-file-1.3.3-SNAPSHOT.pom.asc to /Users/paulgallagher/.m2/repository/io/telicent/smart-caches/event-source-file/1.3.3-SNAPSHOT/event-source-file-1.3.3-SNAPSHOT.pom.asc
[INFO] Installing /Users/paulgallagher/Code/smart-caches-core/event-sources/event-source-file/target/event-source-file-1.3.3-SNAPSHOT-sources.jar.asc to /Users/paulgallagher/.m2/repository/io/telicent/smart-caches/event-source-file/1.3.3-SNAPSHOT/event-source-file-1.3.3-SNAPSHOT-sources.jar.asc
[INFO] Installing /Users/paulgallagher/Code/smart-caches-core/event-sources/event-source-file/target/event-source-file-1.3.3-SNAPSHOT-javadoc.jar.asc to /Users/paulgallagher/.m2/repository/io/telicent/smart-caches/event-source-file/1.3.3-SNAPSHOT/event-source-file-1.3.3-SNAPSHOT-javadoc.jar.asc
[INFO] Installing /Users/paulgallagher/Code/smart-caches-core/event-sources/event-source-file/target/event-source-file-1.3.3-SNAPSHOT-bom.json.asc to /Users/paulgallagher/.m2/repository/io/telicent/smart-caches/event-source-file/1.3.3-SNAPSHOT/event-source-file-1.3.3-SNAPSHOT-cyclonedx.json.asc
[INFO] 
[INFO] --------------< io.telicent.smart-caches:jwt-auth-common >--------------
[INFO] Building Telicent Smart Caches - JWT Authentication 1.3.3-SNAPSHOT [10/22]
[INFO]   from jwt-auth-common/pom.xml
[INFO] --------------------------------[ jar ]---------------------------------
[INFO] 
[INFO] --- clean:3.2.0:clean (default-clean) @ jwt-auth-common ---
[INFO] Deleting /Users/paulgallagher/Code/smart-caches-core/jwt-auth-common/target
[INFO] 
[INFO] --- enforcer:3.6.3:enforce (enforce-versions) @ jwt-auth-common ---
[INFO] 
[INFO] --- license:5.1.2:check (check-licenses) @ jwt-auth-common ---
[INFO] Checking licenses...
[INFO] License check: 33 file(s) checked (OK: 33, Missing: 0, Unknown: 0)
[INFO] 
[INFO] --- dependency:3.11.0:properties (properties) @ jwt-auth-common ---
[INFO] 
[INFO] --- lombok:1.18.20.0:delombok (default) @ jwt-auth-common ---
[INFO] Delombok complete.
[INFO] 
[INFO] --- buildnumber:3.3.0:create-metadata (default) @ jwt-auth-common ---
[INFO] 
[INFO] --- resources:3.3.1:resources (default-resources) @ jwt-auth-common ---
[INFO] skip non existing resourceDirectory /Users/paulgallagher/Code/smart-caches-core/jwt-auth-common/src/main/resources
[INFO] Copying 1 resource from target/generated/build-metadata to target/classes
[INFO] 
[INFO] --- compiler:3.15.0:compile (default-compile) @ jwt-auth-common ---
[INFO] Recompiling the module because of changed dependency.
[INFO] Compiling 16 source files with javac [debug release 21] to target/classes
[INFO] 
[INFO] --- resources:3.3.1:testResources (default-testResources) @ jwt-auth-common ---
[INFO] skip non existing resourceDirectory /Users/paulgallagher/Code/smart-caches-core/jwt-auth-common/src/test/resources
[INFO] 
[INFO] --- compiler:3.15.0:testCompile (default-testCompile) @ jwt-auth-common ---
[INFO] Recompiling the module because of changed dependency.
[INFO] Compiling 17 source files with javac [debug release 21] to target/test-classes
[INFO] 
[INFO] --- jacoco:0.8.15:prepare-agent (prepare-agent) @ jwt-auth-common ---
[INFO] argLine set to -javaagent:/Users/paulgallagher/.m2/repository/org/jacoco/org.jacoco.agent/0.8.15/org.jacoco.agent-0.8.15-runtime.jar=destfile=/Users/paulgallagher/Code/smart-caches-core/jwt-auth-common/target/jacoco.exec,append=true
[INFO] 
[INFO] --- surefire:3.5.6:test (default-test) @ jwt-auth-common ---
[INFO] Using auto detected provider org.apache.maven.surefire.testng.TestNGProvider
[INFO] 
[INFO] -------------------------------------------------------
[INFO]  T E S T S
[INFO] -------------------------------------------------------
[INFO] Running TestSuite
[INFO] Tests run: 113, Failures: 0, Errors: 0, Skipped: 0, Time elapsed: 2.721 s -- in TestSuite
[INFO] 
[INFO] Results:
[INFO] 
[INFO] Tests run: 113, Failures: 0, Errors: 0, Skipped: 0
[INFO] 
[INFO] 
[INFO] --- jar:3.5.1:jar (default-jar) @ jwt-auth-common ---
[INFO] Building jar: /Users/paulgallagher/Code/smart-caches-core/jwt-auth-common/target/jwt-auth-common-1.3.3-SNAPSHOT.jar
[INFO] 
[INFO] --- jar:3.5.1:test-jar (create-test-jar) @ jwt-auth-common ---
[INFO] Skipping packaging of the test-jar
[INFO] 
[INFO] >>> source:3.4.0:jar (attach-sources) > generate-sources @ jwt-auth-common >>>
[INFO] 
[INFO] --- enforcer:3.6.3:enforce (enforce-versions) @ jwt-auth-common ---
[INFO] 
[INFO] --- license:5.1.2:check (check-licenses) @ jwt-auth-common ---
[INFO] Checking licenses...
[INFO] License check: 33 file(s) checked (OK: 33, Missing: 0, Unknown: 0)
[INFO] 
[INFO] --- dependency:3.11.0:properties (properties) @ jwt-auth-common ---
[INFO] 
[INFO] --- lombok:1.18.20.0:delombok (default) @ jwt-auth-common ---
[INFO] Delombok complete.
[INFO] 
[INFO] <<< source:3.4.0:jar (attach-sources) < generate-sources @ jwt-auth-common <<<
[INFO] 
[INFO] 
[INFO] --- source:3.4.0:jar (attach-sources) @ jwt-auth-common ---
[INFO] Building jar: /Users/paulgallagher/Code/smart-caches-core/jwt-auth-common/target/jwt-auth-common-1.3.3-SNAPSHOT-sources.jar
[INFO] 
[INFO] >>> source:3.4.0:test-jar (attach-test-sources) > generate-sources @ jwt-auth-common >>>
[INFO] 
[INFO] --- enforcer:3.6.3:enforce (enforce-versions) @ jwt-auth-common ---
[INFO] 
[INFO] --- license:5.1.2:check (check-licenses) @ jwt-auth-common ---
[INFO] Checking licenses...
[INFO] License check: 33 file(s) checked (OK: 33, Missing: 0, Unknown: 0)
[INFO] 
[INFO] --- dependency:3.11.0:properties (properties) @ jwt-auth-common ---
[INFO] 
[INFO] --- lombok:1.18.20.0:delombok (default) @ jwt-auth-common ---
[INFO] Delombok complete.
[INFO] 
[INFO] <<< source:3.4.0:test-jar (attach-test-sources) < generate-sources @ jwt-auth-common <<<
[INFO] 
[INFO] 
[INFO] --- source:3.4.0:test-jar (attach-test-sources) @ jwt-auth-common ---
[INFO] Skipping source per configuration.
[INFO] 
[INFO] --- javadoc:3.12.0:jar (default) @ jwt-auth-common ---
[INFO] Building jar: /Users/paulgallagher/Code/smart-caches-core/jwt-auth-common/target/jwt-auth-common-1.3.3-SNAPSHOT-javadoc.jar
[INFO] 
[INFO] --- cyclonedx:2.9.3:makeAggregateBom (build-sbom-cyclonedx) @ jwt-auth-common ---
[INFO] CycloneDX: Resolving Dependencies
[INFO] CycloneDX: Creating BOM version 1.6 with 19 component(s)
[INFO] CycloneDX: Writing and validating BOM (JSON): /Users/paulgallagher/Code/smart-caches-core/jwt-auth-common/target/jwt-auth-common-1.3.3-SNAPSHOT-bom.json
[INFO]            attaching as jwt-auth-common-1.3.3-SNAPSHOT-cyclonedx.json
[INFO] 
[INFO] --- gpg:3.2.8:sign (default) @ jwt-auth-common ---
[INFO] Signer 'gpg' is signing 5 files with key default
[INFO] 
[INFO] --- dependency:3.11.0:analyze-only (analyze) @ jwt-auth-common ---
[WARNING] Used undeclared dependencies found:
[WARNING]    com.fasterxml.jackson.core:jackson-databind:jar:2.22.2:compile
[WARNING]    com.fasterxml.jackson.core:jackson-annotations:jar:2.22:compile
[WARNING]    com.github.ben-manes.caffeine:caffeine:jar:3.2.4:compile
[WARNING]    io.jsonwebtoken:jjwt-api:jar:0.13.0:compile
[WARNING]    com.fasterxml.jackson.core:jackson-core:jar:2.22.2:compile
[WARNING] Unused declared dependencies found:
[WARNING]    ch.qos.logback:logback-classic:jar:1.6.3:test
[WARNING] Non-test scoped test only dependencies found:
[WARNING]    io.jsonwebtoken:jjwt-api:jar:0.13.0:compile
[WARNING]    com.fasterxml.jackson.core:jackson-core:jar:2.22.2:compile
[INFO] 
[INFO] --- jacoco:0.8.15:report (report) @ jwt-auth-common ---
[INFO] Loading execution data file /Users/paulgallagher/Code/smart-caches-core/jwt-auth-common/target/jacoco.exec
[INFO] Analyzed bundle 'Telicent Smart Caches - JWT Authentication' with 17 classes
[INFO] 
[INFO] --- jacoco:0.8.15:check (require-test-coverage) @ jwt-auth-common ---
[INFO] Loading execution data file /Users/paulgallagher/Code/smart-caches-core/jwt-auth-common/target/jacoco.exec
[INFO] Analyzed bundle 'jwt-auth-common' with 17 classes
[INFO] All coverage checks have been met.
[INFO] 
[INFO] --- install:3.1.2:install (default-install) @ jwt-auth-common ---
[INFO] Installing /Users/paulgallagher/Code/smart-caches-core/jwt-auth-common/pom.xml to /Users/paulgallagher/.m2/repository/io/telicent/smart-caches/jwt-auth-common/1.3.3-SNAPSHOT/jwt-auth-common-1.3.3-SNAPSHOT.pom
[INFO] Installing /Users/paulgallagher/Code/smart-caches-core/jwt-auth-common/target/jwt-auth-common-1.3.3-SNAPSHOT.jar to /Users/paulgallagher/.m2/repository/io/telicent/smart-caches/jwt-auth-common/1.3.3-SNAPSHOT/jwt-auth-common-1.3.3-SNAPSHOT.jar
[INFO] Installing /Users/paulgallagher/Code/smart-caches-core/jwt-auth-common/target/jwt-auth-common-1.3.3-SNAPSHOT-sources.jar to /Users/paulgallagher/.m2/repository/io/telicent/smart-caches/jwt-auth-common/1.3.3-SNAPSHOT/jwt-auth-common-1.3.3-SNAPSHOT-sources.jar
[INFO] Installing /Users/paulgallagher/Code/smart-caches-core/jwt-auth-common/target/jwt-auth-common-1.3.3-SNAPSHOT-javadoc.jar to /Users/paulgallagher/.m2/repository/io/telicent/smart-caches/jwt-auth-common/1.3.3-SNAPSHOT/jwt-auth-common-1.3.3-SNAPSHOT-javadoc.jar
[INFO] Installing /Users/paulgallagher/Code/smart-caches-core/jwt-auth-common/target/jwt-auth-common-1.3.3-SNAPSHOT-bom.json to /Users/paulgallagher/.m2/repository/io/telicent/smart-caches/jwt-auth-common/1.3.3-SNAPSHOT/jwt-auth-common-1.3.3-SNAPSHOT-cyclonedx.json
[INFO] Installing /Users/paulgallagher/Code/smart-caches-core/jwt-auth-common/target/jwt-auth-common-1.3.3-SNAPSHOT.jar.asc to /Users/paulgallagher/.m2/repository/io/telicent/smart-caches/jwt-auth-common/1.3.3-SNAPSHOT/jwt-auth-common-1.3.3-SNAPSHOT.jar.asc
[INFO] Installing /Users/paulgallagher/Code/smart-caches-core/jwt-auth-common/target/jwt-auth-common-1.3.3-SNAPSHOT.pom.asc to /Users/paulgallagher/.m2/repository/io/telicent/smart-caches/jwt-auth-common/1.3.3-SNAPSHOT/jwt-auth-common-1.3.3-SNAPSHOT.pom.asc
[INFO] Installing /Users/paulgallagher/Code/smart-caches-core/jwt-auth-common/target/jwt-auth-common-1.3.3-SNAPSHOT-sources.jar.asc to /Users/paulgallagher/.m2/repository/io/telicent/smart-caches/jwt-auth-common/1.3.3-SNAPSHOT/jwt-auth-common-1.3.3-SNAPSHOT-sources.jar.asc
[INFO] Installing /Users/paulgallagher/Code/smart-caches-core/jwt-auth-common/target/jwt-auth-common-1.3.3-SNAPSHOT-javadoc.jar.asc to /Users/paulgallagher/.m2/repository/io/telicent/smart-caches/jwt-auth-common/1.3.3-SNAPSHOT/jwt-auth-common-1.3.3-SNAPSHOT-javadoc.jar.asc
[INFO] Installing /Users/paulgallagher/Code/smart-caches-core/jwt-auth-common/target/jwt-auth-common-1.3.3-SNAPSHOT-bom.json.asc to /Users/paulgallagher/.m2/repository/io/telicent/smart-caches/jwt-auth-common/1.3.3-SNAPSHOT/jwt-auth-common-1.3.3-SNAPSHOT-cyclonedx.json.asc
[INFO] 
[INFO] ----------< io.telicent.smart-caches:distribution-lifecycle >-----------
[INFO] Building Telicent Smart Caches - Distribution Lifecycle 1.3.3-SNAPSHOT [11/22]
[INFO]   from distribution-lifecycle/pom.xml
[INFO] --------------------------------[ jar ]---------------------------------
[INFO] 
[INFO] --- clean:3.2.0:clean (default-clean) @ distribution-lifecycle ---
[INFO] Deleting /Users/paulgallagher/Code/smart-caches-core/distribution-lifecycle/target
[INFO] 
[INFO] --- enforcer:3.6.3:enforce (enforce-versions) @ distribution-lifecycle ---
[INFO] 
[INFO] --- license:5.1.2:check (check-licenses) @ distribution-lifecycle ---
[INFO] Checking licenses...
[INFO] License check: 58 file(s) checked (OK: 58, Missing: 0, Unknown: 0)
[INFO] 
[INFO] --- dependency:3.11.0:properties (properties) @ distribution-lifecycle ---
[INFO] 
[INFO] --- lombok:1.18.20.0:delombok (default) @ distribution-lifecycle ---
[INFO] Delombok complete.
[INFO] 
[INFO] --- buildnumber:3.3.0:create-metadata (default) @ distribution-lifecycle ---
[INFO] 
[INFO] --- resources:3.3.1:resources (default-resources) @ distribution-lifecycle ---
[INFO] skip non existing resourceDirectory /Users/paulgallagher/Code/smart-caches-core/distribution-lifecycle/src/main/resources
[INFO] Copying 1 resource from target/generated/build-metadata to target/classes
[INFO] 
[INFO] --- compiler:3.15.0:compile (default-compile) @ distribution-lifecycle ---
[INFO] Recompiling the module because of changed dependency.
[INFO] Compiling 27 source files with javac [debug release 21] to target/classes
[INFO] 
[INFO] --- resources:3.3.1:testResources (default-testResources) @ distribution-lifecycle ---
[INFO] skip non existing resourceDirectory /Users/paulgallagher/Code/smart-caches-core/distribution-lifecycle/src/test/resources
[INFO] 
[INFO] --- compiler:3.15.0:testCompile (default-testCompile) @ distribution-lifecycle ---
[INFO] Recompiling the module because of changed dependency.
[INFO] Compiling 31 source files with javac [debug release 21] to target/test-classes
[INFO] /Users/paulgallagher/Code/smart-caches-core/distribution-lifecycle/src/test/java/io/telicent/smart/cache/distribution/lifecycle/events/listeners/TestAcknowledgingListener.java: /Users/paulgallagher/Code/smart-caches-core/distribution-lifecycle/src/test/java/io/telicent/smart/cache/distribution/lifecycle/events/listeners/TestAcknowledgingListener.java uses unchecked or unsafe operations.
[INFO] /Users/paulgallagher/Code/smart-caches-core/distribution-lifecycle/src/test/java/io/telicent/smart/cache/distribution/lifecycle/events/listeners/TestAcknowledgingListener.java: Recompile with -Xlint:unchecked for details.
[INFO] 
[INFO] --- jacoco:0.8.15:prepare-agent (prepare-agent) @ distribution-lifecycle ---
[INFO] argLine set to -javaagent:/Users/paulgallagher/.m2/repository/org/jacoco/org.jacoco.agent/0.8.15/org.jacoco.agent-0.8.15-runtime.jar=destfile=/Users/paulgallagher/Code/smart-caches-core/distribution-lifecycle/target/jacoco.exec,append=true
[INFO] 
[INFO] --- surefire:3.5.6:test (default-test) @ distribution-lifecycle ---
[INFO] Using auto detected provider org.apache.maven.surefire.testng.TestNGProvider
[INFO] 
[INFO] -------------------------------------------------------
[INFO]  T E S T S
[INFO] -------------------------------------------------------
[INFO] Running TestSuite
[WARNING] Tests run: 403, Failures: 0, Errors: 0, Skipped: 16, Time elapsed: 126.7 s -- in TestSuite
[INFO] 
[INFO] Results:
[INFO] 
[INFO] Tests run: 403, Failures: 0, Errors: 0, Skipped: 16
[INFO] 
[INFO] 
[INFO] --- jar:3.5.1:jar (default-jar) @ distribution-lifecycle ---
[INFO] Building jar: /Users/paulgallagher/Code/smart-caches-core/distribution-lifecycle/target/distribution-lifecycle-1.3.3-SNAPSHOT.jar
[INFO] 
[INFO] --- jar:3.5.1:test-jar (create-test-jar) @ distribution-lifecycle ---
[INFO] Building jar: /Users/paulgallagher/Code/smart-caches-core/distribution-lifecycle/target/distribution-lifecycle-1.3.3-SNAPSHOT-tests.jar
[INFO] 
[INFO] >>> source:3.4.0:jar (attach-sources) > generate-sources @ distribution-lifecycle >>>
[INFO] 
[INFO] --- enforcer:3.6.3:enforce (enforce-versions) @ distribution-lifecycle ---
[INFO] 
[INFO] --- license:5.1.2:check (check-licenses) @ distribution-lifecycle ---
[INFO] Checking licenses...
[INFO] License check: 58 file(s) checked (OK: 58, Missing: 0, Unknown: 0)
[INFO] 
[INFO] --- dependency:3.11.0:properties (properties) @ distribution-lifecycle ---
[INFO] 
[INFO] --- lombok:1.18.20.0:delombok (default) @ distribution-lifecycle ---
[INFO] Delombok complete.
[INFO] 
[INFO] <<< source:3.4.0:jar (attach-sources) < generate-sources @ distribution-lifecycle <<<
[INFO] 
[INFO] 
[INFO] --- source:3.4.0:jar (attach-sources) @ distribution-lifecycle ---
[INFO] Building jar: /Users/paulgallagher/Code/smart-caches-core/distribution-lifecycle/target/distribution-lifecycle-1.3.3-SNAPSHOT-sources.jar
[INFO] 
[INFO] >>> source:3.4.0:test-jar (attach-test-sources) > generate-sources @ distribution-lifecycle >>>
[INFO] 
[INFO] --- enforcer:3.6.3:enforce (enforce-versions) @ distribution-lifecycle ---
[INFO] 
[INFO] --- license:5.1.2:check (check-licenses) @ distribution-lifecycle ---
[INFO] Checking licenses...
[INFO] License check: 58 file(s) checked (OK: 58, Missing: 0, Unknown: 0)
[INFO] 
[INFO] --- dependency:3.11.0:properties (properties) @ distribution-lifecycle ---
[INFO] 
[INFO] --- lombok:1.18.20.0:delombok (default) @ distribution-lifecycle ---
[INFO] Delombok complete.
[INFO] 
[INFO] <<< source:3.4.0:test-jar (attach-test-sources) < generate-sources @ distribution-lifecycle <<<
[INFO] 
[INFO] 
[INFO] --- source:3.4.0:test-jar (attach-test-sources) @ distribution-lifecycle ---
[INFO] Building jar: /Users/paulgallagher/Code/smart-caches-core/distribution-lifecycle/target/distribution-lifecycle-1.3.3-SNAPSHOT-test-sources.jar
[INFO] 
[INFO] --- javadoc:3.12.0:jar (default) @ distribution-lifecycle ---
[INFO] Building jar: /Users/paulgallagher/Code/smart-caches-core/distribution-lifecycle/target/distribution-lifecycle-1.3.3-SNAPSHOT-javadoc.jar
[INFO] 
[INFO] --- cyclonedx:2.9.3:makeAggregateBom (build-sbom-cyclonedx) @ distribution-lifecycle ---
[INFO] CycloneDX: Resolving Dependencies
[INFO] CycloneDX: Creating BOM version 1.6 with 47 component(s)
[INFO] CycloneDX: Writing and validating BOM (JSON): /Users/paulgallagher/Code/smart-caches-core/distribution-lifecycle/target/distribution-lifecycle-1.3.3-SNAPSHOT-bom.json
[INFO]            attaching as distribution-lifecycle-1.3.3-SNAPSHOT-cyclonedx.json
[INFO] 
[INFO] --- gpg:3.2.8:sign (default) @ distribution-lifecycle ---
[INFO] Signer 'gpg' is signing 7 files with key default
[INFO] 
[INFO] --- jacoco:0.8.15:report (report) @ distribution-lifecycle ---
[INFO] Loading execution data file /Users/paulgallagher/Code/smart-caches-core/distribution-lifecycle/target/jacoco.exec
[INFO] Analyzed bundle 'Telicent Smart Caches - Distribution Lifecycle' with 26 classes
[INFO] 
[INFO] --- jacoco:0.8.15:check (require-test-coverage) @ distribution-lifecycle ---
[INFO] Loading execution data file /Users/paulgallagher/Code/smart-caches-core/distribution-lifecycle/target/jacoco.exec
[INFO] Analyzed bundle 'distribution-lifecycle' with 26 classes
[INFO] All coverage checks have been met.
[INFO] 
[INFO] --- dependency:3.11.0:analyze-only (analyze) @ distribution-lifecycle ---
[WARNING] Used undeclared dependencies found:
[WARNING]    commons-io:commons-io:jar:2.22.0:compile
[WARNING]    junit:junit:jar:4.13.2:test
[WARNING]    io.telicent.smart-caches:configurator:jar:1.3.3-SNAPSHOT:compile
[WARNING]    org.apache.kafka:kafka-clients:jar:3.9.2:compile
[WARNING]    io.telicent.smart-caches:projectors-core:jar:1.3.3-SNAPSHOT:compile
[WARNING]    com.fasterxml.jackson.core:jackson-databind:jar:2.22.2:compile
[WARNING]    com.fasterxml.jackson.core:jackson-annotations:jar:2.22:compile
[WARNING]    org.slf4j:slf4j-api:jar:2.0.18:compile
[WARNING]    io.telicent.smart-caches:event-sources-core:jar:1.3.3-SNAPSHOT:compile
[WARNING]    org.apache.commons:commons-lang3:jar:3.20.0:compile
[WARNING]    io.telicent.smart-caches:observability-core:jar:1.3.3-SNAPSHOT:compile
[WARNING]    tools.jackson.core:jackson-databind:jar:3.2.2:compile
[WARNING]    com.fasterxml.jackson.core:jackson-core:jar:2.22.2:compile
[WARNING] Unused declared dependencies found:
[WARNING]    org.testcontainers:testcontainers:jar:1.21.4:test
[WARNING]    org.slf4j:slf4j-nop:jar:2.0.18:test
[WARNING] Non-test scoped test only dependencies found:
[WARNING]    com.fasterxml.jackson.core:jackson-core:jar:2.22.2:compile
[INFO] 
[INFO] --- install:3.1.2:install (default-install) @ distribution-lifecycle ---
[INFO] Installing /Users/paulgallagher/Code/smart-caches-core/distribution-lifecycle/pom.xml to /Users/paulgallagher/.m2/repository/io/telicent/smart-caches/distribution-lifecycle/1.3.3-SNAPSHOT/distribution-lifecycle-1.3.3-SNAPSHOT.pom
[INFO] Installing /Users/paulgallagher/Code/smart-caches-core/distribution-lifecycle/target/distribution-lifecycle-1.3.3-SNAPSHOT.jar to /Users/paulgallagher/.m2/repository/io/telicent/smart-caches/distribution-lifecycle/1.3.3-SNAPSHOT/distribution-lifecycle-1.3.3-SNAPSHOT.jar
[INFO] Installing /Users/paulgallagher/Code/smart-caches-core/distribution-lifecycle/target/distribution-lifecycle-1.3.3-SNAPSHOT-tests.jar to /Users/paulgallagher/.m2/repository/io/telicent/smart-caches/distribution-lifecycle/1.3.3-SNAPSHOT/distribution-lifecycle-1.3.3-SNAPSHOT-tests.jar
[INFO] Installing /Users/paulgallagher/Code/smart-caches-core/distribution-lifecycle/target/distribution-lifecycle-1.3.3-SNAPSHOT-sources.jar to /Users/paulgallagher/.m2/repository/io/telicent/smart-caches/distribution-lifecycle/1.3.3-SNAPSHOT/distribution-lifecycle-1.3.3-SNAPSHOT-sources.jar
[INFO] Installing /Users/paulgallagher/Code/smart-caches-core/distribution-lifecycle/target/distribution-lifecycle-1.3.3-SNAPSHOT-test-sources.jar to /Users/paulgallagher/.m2/repository/io/telicent/smart-caches/distribution-lifecycle/1.3.3-SNAPSHOT/distribution-lifecycle-1.3.3-SNAPSHOT-test-sources.jar
[INFO] Installing /Users/paulgallagher/Code/smart-caches-core/distribution-lifecycle/target/distribution-lifecycle-1.3.3-SNAPSHOT-javadoc.jar to /Users/paulgallagher/.m2/repository/io/telicent/smart-caches/distribution-lifecycle/1.3.3-SNAPSHOT/distribution-lifecycle-1.3.3-SNAPSHOT-javadoc.jar
[INFO] Installing /Users/paulgallagher/Code/smart-caches-core/distribution-lifecycle/target/distribution-lifecycle-1.3.3-SNAPSHOT-bom.json to /Users/paulgallagher/.m2/repository/io/telicent/smart-caches/distribution-lifecycle/1.3.3-SNAPSHOT/distribution-lifecycle-1.3.3-SNAPSHOT-cyclonedx.json
[INFO] Installing /Users/paulgallagher/Code/smart-caches-core/distribution-lifecycle/target/distribution-lifecycle-1.3.3-SNAPSHOT.jar.asc to /Users/paulgallagher/.m2/repository/io/telicent/smart-caches/distribution-lifecycle/1.3.3-SNAPSHOT/distribution-lifecycle-1.3.3-SNAPSHOT.jar.asc
[INFO] Installing /Users/paulgallagher/Code/smart-caches-core/distribution-lifecycle/target/distribution-lifecycle-1.3.3-SNAPSHOT.pom.asc to /Users/paulgallagher/.m2/repository/io/telicent/smart-caches/distribution-lifecycle/1.3.3-SNAPSHOT/distribution-lifecycle-1.3.3-SNAPSHOT.pom.asc
[INFO] Installing /Users/paulgallagher/Code/smart-caches-core/distribution-lifecycle/target/distribution-lifecycle-1.3.3-SNAPSHOT-tests.jar.asc to /Users/paulgallagher/.m2/repository/io/telicent/smart-caches/distribution-lifecycle/1.3.3-SNAPSHOT/distribution-lifecycle-1.3.3-SNAPSHOT-tests.jar.asc
[INFO] Installing /Users/paulgallagher/Code/smart-caches-core/distribution-lifecycle/target/distribution-lifecycle-1.3.3-SNAPSHOT-sources.jar.asc to /Users/paulgallagher/.m2/repository/io/telicent/smart-caches/distribution-lifecycle/1.3.3-SNAPSHOT/distribution-lifecycle-1.3.3-SNAPSHOT-sources.jar.asc
[INFO] Installing /Users/paulgallagher/Code/smart-caches-core/distribution-lifecycle/target/distribution-lifecycle-1.3.3-SNAPSHOT-test-sources.jar.asc to /Users/paulgallagher/.m2/repository/io/telicent/smart-caches/distribution-lifecycle/1.3.3-SNAPSHOT/distribution-lifecycle-1.3.3-SNAPSHOT-test-sources.jar.asc
[INFO] Installing /Users/paulgallagher/Code/smart-caches-core/distribution-lifecycle/target/distribution-lifecycle-1.3.3-SNAPSHOT-javadoc.jar.asc to /Users/paulgallagher/.m2/repository/io/telicent/smart-caches/distribution-lifecycle/1.3.3-SNAPSHOT/distribution-lifecycle-1.3.3-SNAPSHOT-javadoc.jar.asc
[INFO] Installing /Users/paulgallagher/Code/smart-caches-core/distribution-lifecycle/target/distribution-lifecycle-1.3.3-SNAPSHOT-bom.json.asc to /Users/paulgallagher/.m2/repository/io/telicent/smart-caches/distribution-lifecycle/1.3.3-SNAPSHOT/distribution-lifecycle-1.3.3-SNAPSHOT-cyclonedx.json.asc
[INFO] 
[INFO] -----------< io.telicent.smart-caches:data-security-parent >------------
[INFO] Building Telicent Smart Caches - Data Security Plugins - Parent 1.3.3-SNAPSHOT [12/22]
[INFO]   from data-security-parent/pom.xml
[INFO] --------------------------------[ pom ]---------------------------------
[INFO] 
[INFO] --- clean:3.2.0:clean (default-clean) @ data-security-parent ---
[INFO] Deleting /Users/paulgallagher/Code/smart-caches-core/data-security-parent/target
[INFO] 
[INFO] --- enforcer:3.6.3:enforce (enforce-versions) @ data-security-parent ---
[INFO] 
[INFO] --- license:5.1.2:check (check-licenses) @ data-security-parent ---
[INFO] Checking licenses...
[INFO] License check: 0 file(s) checked (OK: 0, Missing: 0, Unknown: 0)
[INFO] 
[INFO] --- lombok:1.18.20.0:delombok (default) @ data-security-parent ---
[WARNING] Skipping Delombok; no source to process.
[INFO] 
[INFO] --- buildnumber:3.3.0:create-metadata (default) @ data-security-parent ---
[INFO] 
[INFO] --- jar:3.5.1:test-jar (create-test-jar) @ data-security-parent ---
[INFO] Skipping packaging of the test-jar
[INFO] 
[INFO] >>> source:3.4.0:jar (attach-sources) > generate-sources @ data-security-parent >>>
[INFO] 
[INFO] --- enforcer:3.6.3:enforce (enforce-versions) @ data-security-parent ---
[INFO] 
[INFO] --- license:5.1.2:check (check-licenses) @ data-security-parent ---
[INFO] Checking licenses...
[INFO] License check: 0 file(s) checked (OK: 0, Missing: 0, Unknown: 0)
[INFO] 
[INFO] --- lombok:1.18.20.0:delombok (default) @ data-security-parent ---
[WARNING] Skipping Delombok; no source to process.
[INFO] 
[INFO] <<< source:3.4.0:jar (attach-sources) < generate-sources @ data-security-parent <<<
[INFO] 
[INFO] 
[INFO] --- source:3.4.0:jar (attach-sources) @ data-security-parent ---
[INFO] 
[INFO] >>> source:3.4.0:test-jar (attach-test-sources) > generate-sources @ data-security-parent >>>
[INFO] 
[INFO] --- enforcer:3.6.3:enforce (enforce-versions) @ data-security-parent ---
[INFO] 
[INFO] --- license:5.1.2:check (check-licenses) @ data-security-parent ---
[INFO] Checking licenses...
[INFO] License check: 0 file(s) checked (OK: 0, Missing: 0, Unknown: 0)
[INFO] 
[INFO] --- lombok:1.18.20.0:delombok (default) @ data-security-parent ---
[WARNING] Skipping Delombok; no source to process.
[INFO] 
[INFO] <<< source:3.4.0:test-jar (attach-test-sources) < generate-sources @ data-security-parent <<<
[INFO] 
[INFO] 
[INFO] --- source:3.4.0:test-jar (attach-test-sources) @ data-security-parent ---
[INFO] Skipping source per configuration.
[INFO] 
[INFO] --- javadoc:3.12.0:jar (default) @ data-security-parent ---
[INFO] Not executing Javadoc as the project is not a Java classpath-capable package
[INFO] 
[INFO] --- cyclonedx:2.9.3:makeAggregateBom (build-sbom-cyclonedx) @ data-security-parent ---
[INFO] CycloneDX: Resolving Dependencies
[INFO] CycloneDX: Creating BOM version 1.6 with 0 component(s)
[INFO] CycloneDX: Writing and validating BOM (JSON): /Users/paulgallagher/Code/smart-caches-core/data-security-parent/target/data-security-parent-1.3.3-SNAPSHOT-bom.json
[INFO]            attaching as data-security-parent-1.3.3-SNAPSHOT-cyclonedx.json
[INFO] 
[INFO] --- gpg:3.2.8:sign (default) @ data-security-parent ---
[INFO] Signer 'gpg' is signing 2 files with key default
[INFO] 
[INFO] --- install:3.1.2:install (default-install) @ data-security-parent ---
[INFO] Installing /Users/paulgallagher/Code/smart-caches-core/data-security-parent/pom.xml to /Users/paulgallagher/.m2/repository/io/telicent/smart-caches/data-security-parent/1.3.3-SNAPSHOT/data-security-parent-1.3.3-SNAPSHOT.pom
[INFO] Installing /Users/paulgallagher/Code/smart-caches-core/data-security-parent/target/data-security-parent-1.3.3-SNAPSHOT-bom.json to /Users/paulgallagher/.m2/repository/io/telicent/smart-caches/data-security-parent/1.3.3-SNAPSHOT/data-security-parent-1.3.3-SNAPSHOT-cyclonedx.json
[INFO] Installing /Users/paulgallagher/Code/smart-caches-core/data-security-parent/target/data-security-parent-1.3.3-SNAPSHOT.pom.asc to /Users/paulgallagher/.m2/repository/io/telicent/smart-caches/data-security-parent/1.3.3-SNAPSHOT/data-security-parent-1.3.3-SNAPSHOT.pom.asc
[INFO] Installing /Users/paulgallagher/Code/smart-caches-core/data-security-parent/target/data-security-parent-1.3.3-SNAPSHOT-bom.json.asc to /Users/paulgallagher/.m2/repository/io/telicent/smart-caches/data-security-parent/1.3.3-SNAPSHOT/data-security-parent-1.3.3-SNAPSHOT-cyclonedx.json.asc
[INFO] 
[INFO] ------------< io.telicent.smart-caches:data-security-core >-------------
[INFO] Building Telicent Smart Caches - Data Security Plugins - Plugin API 1.3.3-SNAPSHOT [13/22]
[INFO]   from data-security-parent/data-security-core/pom.xml
[INFO] --------------------------------[ jar ]---------------------------------
[INFO] 
[INFO] --- clean:3.2.0:clean (default-clean) @ data-security-core ---
[INFO] Deleting /Users/paulgallagher/Code/smart-caches-core/data-security-parent/data-security-core/target
[INFO] 
[INFO] --- enforcer:3.6.3:enforce (enforce-versions) @ data-security-core ---
[INFO] 
[INFO] --- license:5.1.2:check (check-licenses) @ data-security-core ---
[INFO] Checking licenses...
[INFO] License check: 38 file(s) checked (OK: 38, Missing: 0, Unknown: 0)
[INFO] 
[INFO] --- dependency:3.11.0:properties (properties) @ data-security-core ---
[INFO] 
[INFO] --- lombok:1.18.20.0:delombok (default) @ data-security-core ---
[INFO] Delombok complete.
[INFO] 
[INFO] --- buildnumber:3.3.0:create-metadata (default) @ data-security-core ---
[INFO] 
[INFO] --- resources:3.3.1:resources (default-resources) @ data-security-core ---
[INFO] skip non existing resourceDirectory /Users/paulgallagher/Code/smart-caches-core/data-security-parent/data-security-core/src/main/resources
[INFO] Copying 1 resource from target/generated/build-metadata to target/classes
[INFO] 
[INFO] --- compiler:3.15.0:compile (default-compile) @ data-security-core ---
[INFO] Recompiling the module because of changed dependency.
[INFO] Compiling 24 source files with javac [debug release 21] to target/classes
[INFO] 
[INFO] --- resources:3.3.1:testResources (default-testResources) @ data-security-core ---
[INFO] Copying 2 resources from src/test/resources to target/test-classes
[INFO] 
[INFO] --- compiler:3.15.0:testCompile (default-testCompile) @ data-security-core ---
[INFO] Recompiling the module because of changed dependency.
[INFO] Compiling 12 source files with javac [debug release 21] to target/test-classes
[INFO] 
[INFO] --- jacoco:0.8.15:prepare-agent (prepare-agent) @ data-security-core ---
[INFO] argLine set to -javaagent:/Users/paulgallagher/.m2/repository/org/jacoco/org.jacoco.agent/0.8.15/org.jacoco.agent-0.8.15-runtime.jar=destfile=/Users/paulgallagher/Code/smart-caches-core/data-security-parent/data-security-core/target/jacoco.exec,append=true
[INFO] 
[INFO] --- surefire:3.5.6:test (default-test) @ data-security-core ---
[INFO] Using auto detected provider org.apache.maven.surefire.testng.TestNGProvider
[INFO] 
[INFO] -------------------------------------------------------
[INFO]  T E S T S
[INFO] -------------------------------------------------------
[INFO] Running TestSuite
[INFO] Tests run: 85, Failures: 0, Errors: 0, Skipped: 0, Time elapsed: 1.772 s -- in TestSuite
[INFO] 
[INFO] Results:
[INFO] 
[INFO] Tests run: 85, Failures: 0, Errors: 0, Skipped: 0
[INFO] 
[INFO] 
[INFO] --- jar:3.5.1:jar (default-jar) @ data-security-core ---
[INFO] Building jar: /Users/paulgallagher/Code/smart-caches-core/data-security-parent/data-security-core/target/data-security-core-1.3.3-SNAPSHOT.jar
[INFO] 
[INFO] --- jar:3.5.1:test-jar (create-test-jar) @ data-security-core ---
[INFO] Skipping packaging of the test-jar
[INFO] 
[INFO] --- jar:3.5.1:test-jar (default) @ data-security-core ---
[INFO] Building jar: /Users/paulgallagher/Code/smart-caches-core/data-security-parent/data-security-core/target/data-security-core-1.3.3-SNAPSHOT-tests.jar
[INFO] 
[INFO] >>> source:3.4.0:jar (attach-sources) > generate-sources @ data-security-core >>>
[INFO] 
[INFO] --- enforcer:3.6.3:enforce (enforce-versions) @ data-security-core ---
[INFO] 
[INFO] --- license:5.1.2:check (check-licenses) @ data-security-core ---
[INFO] Checking licenses...
[INFO] License check: 38 file(s) checked (OK: 38, Missing: 0, Unknown: 0)
[INFO] 
[INFO] --- dependency:3.11.0:properties (properties) @ data-security-core ---
[INFO] 
[INFO] --- lombok:1.18.20.0:delombok (default) @ data-security-core ---
[INFO] Delombok complete.
[INFO] 
[INFO] <<< source:3.4.0:jar (attach-sources) < generate-sources @ data-security-core <<<
[INFO] 
[INFO] 
[INFO] --- source:3.4.0:jar (attach-sources) @ data-security-core ---
[INFO] Building jar: /Users/paulgallagher/Code/smart-caches-core/data-security-parent/data-security-core/target/data-security-core-1.3.3-SNAPSHOT-sources.jar
[INFO] 
[INFO] >>> source:3.4.0:test-jar (attach-test-sources) > generate-sources @ data-security-core >>>
[INFO] 
[INFO] --- enforcer:3.6.3:enforce (enforce-versions) @ data-security-core ---
[INFO] 
[INFO] --- license:5.1.2:check (check-licenses) @ data-security-core ---
[INFO] Checking licenses...
[INFO] License check: 38 file(s) checked (OK: 38, Missing: 0, Unknown: 0)
[INFO] 
[INFO] --- dependency:3.11.0:properties (properties) @ data-security-core ---
[INFO] 
[INFO] --- lombok:1.18.20.0:delombok (default) @ data-security-core ---
[INFO] Delombok complete.
[INFO] 
[INFO] <<< source:3.4.0:test-jar (attach-test-sources) < generate-sources @ data-security-core <<<
[INFO] 
[INFO] 
[INFO] --- source:3.4.0:test-jar (attach-test-sources) @ data-security-core ---
[INFO] Skipping source per configuration.
[INFO] 
[INFO] --- javadoc:3.12.0:jar (default) @ data-security-core ---
[INFO] Building jar: /Users/paulgallagher/Code/smart-caches-core/data-security-parent/data-security-core/target/data-security-core-1.3.3-SNAPSHOT-javadoc.jar
[INFO] 
[INFO] --- cyclonedx:2.9.3:makeAggregateBom (build-sbom-cyclonedx) @ data-security-core ---
[INFO] CycloneDX: Resolving Dependencies
[INFO] CycloneDX: Creating BOM version 1.6 with 107 component(s)
[INFO] CycloneDX: Writing and validating BOM (JSON): /Users/paulgallagher/Code/smart-caches-core/data-security-parent/data-security-core/target/data-security-core-1.3.3-SNAPSHOT-bom.json
[INFO]            attaching as data-security-core-1.3.3-SNAPSHOT-cyclonedx.json
[INFO] 
[INFO] --- jacoco:0.8.15:report (report) @ data-security-core ---
[INFO] Loading execution data file /Users/paulgallagher/Code/smart-caches-core/data-security-parent/data-security-core/target/jacoco.exec
[INFO] Analyzed bundle 'Telicent Smart Caches - Data Security Plugins - Plugin API' with 15 classes
[INFO] 
[INFO] --- jacoco:0.8.15:check (require-test-coverage) @ data-security-core ---
[INFO] Loading execution data file /Users/paulgallagher/Code/smart-caches-core/data-security-parent/data-security-core/target/jacoco.exec
[INFO] Analyzed bundle 'data-security-core' with 15 classes
[INFO] All coverage checks have been met.
[INFO] 
[INFO] --- dependency:3.11.0:analyze-only (analyze) @ data-security-core ---
[WARNING] Used undeclared dependencies found:
[WARNING]    com.fasterxml.jackson.core:jackson-databind:jar:2.22.2:compile
[WARNING]    org.apache.jena:jena-core:jar:6.2.0:compile
[WARNING]    io.telicent.jena:jena-kafka-connector:jar:3.2.1:compile
[WARNING] Unused declared dependencies found:
[WARNING]    io.telicent.smart-caches:observability-core:jar:1.3.3-SNAPSHOT:compile
[WARNING]    io.telicent.jena:jena-fuseki-kafka-module:jar:3.2.1:compile
[WARNING]    ch.qos.logback:logback-classic:jar:1.6.3:test
[INFO] 
[INFO] --- gpg:3.2.8:sign (default) @ data-security-core ---
[INFO] Signer 'gpg' is signing 6 files with key default
[INFO] 
[INFO] --- install:3.1.2:install (default-install) @ data-security-core ---
[INFO] Installing /Users/paulgallagher/Code/smart-caches-core/data-security-parent/data-security-core/pom.xml to /Users/paulgallagher/.m2/repository/io/telicent/smart-caches/data-security-core/1.3.3-SNAPSHOT/data-security-core-1.3.3-SNAPSHOT.pom
[INFO] Installing /Users/paulgallagher/Code/smart-caches-core/data-security-parent/data-security-core/target/data-security-core-1.3.3-SNAPSHOT.jar to /Users/paulgallagher/.m2/repository/io/telicent/smart-caches/data-security-core/1.3.3-SNAPSHOT/data-security-core-1.3.3-SNAPSHOT.jar
[INFO] Installing /Users/paulgallagher/Code/smart-caches-core/data-security-parent/data-security-core/target/data-security-core-1.3.3-SNAPSHOT-tests.jar to /Users/paulgallagher/.m2/repository/io/telicent/smart-caches/data-security-core/1.3.3-SNAPSHOT/data-security-core-1.3.3-SNAPSHOT-tests.jar
[INFO] Installing /Users/paulgallagher/Code/smart-caches-core/data-security-parent/data-security-core/target/data-security-core-1.3.3-SNAPSHOT-sources.jar to /Users/paulgallagher/.m2/repository/io/telicent/smart-caches/data-security-core/1.3.3-SNAPSHOT/data-security-core-1.3.3-SNAPSHOT-sources.jar
[INFO] Installing /Users/paulgallagher/Code/smart-caches-core/data-security-parent/data-security-core/target/data-security-core-1.3.3-SNAPSHOT-javadoc.jar to /Users/paulgallagher/.m2/repository/io/telicent/smart-caches/data-security-core/1.3.3-SNAPSHOT/data-security-core-1.3.3-SNAPSHOT-javadoc.jar
[INFO] Installing /Users/paulgallagher/Code/smart-caches-core/data-security-parent/data-security-core/target/data-security-core-1.3.3-SNAPSHOT-bom.json to /Users/paulgallagher/.m2/repository/io/telicent/smart-caches/data-security-core/1.3.3-SNAPSHOT/data-security-core-1.3.3-SNAPSHOT-cyclonedx.json
[INFO] Installing /Users/paulgallagher/Code/smart-caches-core/data-security-parent/data-security-core/target/data-security-core-1.3.3-SNAPSHOT.jar.asc to /Users/paulgallagher/.m2/repository/io/telicent/smart-caches/data-security-core/1.3.3-SNAPSHOT/data-security-core-1.3.3-SNAPSHOT.jar.asc
[INFO] Installing /Users/paulgallagher/Code/smart-caches-core/data-security-parent/data-security-core/target/data-security-core-1.3.3-SNAPSHOT.pom.asc to /Users/paulgallagher/.m2/repository/io/telicent/smart-caches/data-security-core/1.3.3-SNAPSHOT/data-security-core-1.3.3-SNAPSHOT.pom.asc
[INFO] Installing /Users/paulgallagher/Code/smart-caches-core/data-security-parent/data-security-core/target/data-security-core-1.3.3-SNAPSHOT-tests.jar.asc to /Users/paulgallagher/.m2/repository/io/telicent/smart-caches/data-security-core/1.3.3-SNAPSHOT/data-security-core-1.3.3-SNAPSHOT-tests.jar.asc
[INFO] Installing /Users/paulgallagher/Code/smart-caches-core/data-security-parent/data-security-core/target/data-security-core-1.3.3-SNAPSHOT-sources.jar.asc to /Users/paulgallagher/.m2/repository/io/telicent/smart-caches/data-security-core/1.3.3-SNAPSHOT/data-security-core-1.3.3-SNAPSHOT-sources.jar.asc
[INFO] Installing /Users/paulgallagher/Code/smart-caches-core/data-security-parent/data-security-core/target/data-security-core-1.3.3-SNAPSHOT-javadoc.jar.asc to /Users/paulgallagher/.m2/repository/io/telicent/smart-caches/data-security-core/1.3.3-SNAPSHOT/data-security-core-1.3.3-SNAPSHOT-javadoc.jar.asc
[INFO] Installing /Users/paulgallagher/Code/smart-caches-core/data-security-parent/data-security-core/target/data-security-core-1.3.3-SNAPSHOT-bom.json.asc to /Users/paulgallagher/.m2/repository/io/telicent/smart-caches/data-security-core/1.3.3-SNAPSHOT/data-security-core-1.3.3-SNAPSHOT-cyclonedx.json.asc
[INFO] 
[INFO] -------------< io.telicent.smart-caches:jaxrs-base-server >-------------
[INFO] Building Telicent Smart Caches - JAX-RS Base Server 1.3.3-SNAPSHOT [14/22]
[INFO]   from jaxrs-base-server/pom.xml
[INFO] --------------------------------[ jar ]---------------------------------
[INFO] 
[INFO] --- clean:3.2.0:clean (default-clean) @ jaxrs-base-server ---
[INFO] Deleting /Users/paulgallagher/Code/smart-caches-core/jaxrs-base-server/target
[INFO] 
[INFO] --- enforcer:3.6.3:enforce (enforce-versions) @ jaxrs-base-server ---
[INFO] 
[INFO] --- license:5.1.2:check (check-licenses) @ jaxrs-base-server ---
[INFO] Checking licenses...
[INFO] License check: 104 file(s) checked (OK: 104, Missing: 0, Unknown: 0)
[INFO] 
[INFO] --- dependency:3.11.0:properties (properties) @ jaxrs-base-server ---
[INFO] 
[INFO] --- lombok:1.18.20.0:delombok (default) @ jaxrs-base-server ---
[INFO] Delombok complete.
[INFO] 
[INFO] --- buildnumber:3.3.0:create-metadata (default) @ jaxrs-base-server ---
[INFO] 
[INFO] --- resources:3.3.1:resources (default-resources) @ jaxrs-base-server ---
[INFO] Copying 2 resources from src/main/resources to target/classes
[INFO] Copying 1 resource from target/generated/build-metadata to target/classes
[INFO] 
[INFO] --- compiler:3.15.0:compile (default-compile) @ jaxrs-base-server ---
[INFO] Recompiling the module because of changed dependency.
[INFO] Compiling 45 source files with javac [debug release 21] to target/classes
[INFO] 
[INFO] --- resources:3.3.1:testResources (default-testResources) @ jaxrs-base-server ---
[INFO] Copying 3 resources from src/test/resources to target/test-classes
[INFO] 
[INFO] --- compiler:3.15.0:testCompile (default-testCompile) @ jaxrs-base-server ---
[INFO] Recompiling the module because of changed dependency.
[INFO] Compiling 58 source files with javac [debug release 21] to target/test-classes
[INFO] 
[INFO] --- jacoco:0.8.15:prepare-agent (prepare-agent) @ jaxrs-base-server ---
[INFO] argLine set to -javaagent:/Users/paulgallagher/.m2/repository/org/jacoco/org.jacoco.agent/0.8.15/org.jacoco.agent-0.8.15-runtime.jar=destfile=/Users/paulgallagher/Code/smart-caches-core/jaxrs-base-server/target/jacoco.exec,append=true,excludes=**/CrossOriginFilter.*
[INFO] 
[INFO] --- surefire:3.5.6:test (default-test) @ jaxrs-base-server ---
[INFO] Using auto detected provider org.apache.maven.surefire.testng.TestNGProvider
[INFO] 
[INFO] -------------------------------------------------------
[INFO]  T E S T S
[INFO] -------------------------------------------------------
[INFO] Running TestSuite
[WARNING] Tests run: 357, Failures: 0, Errors: 0, Skipped: 4, Time elapsed: 14.01 s -- in TestSuite
[INFO] 
[INFO] Results:
[INFO] 
[INFO] Tests run: 357, Failures: 0, Errors: 0, Skipped: 4
[INFO] 
[INFO] 
[INFO] --- jar:3.5.1:jar (default-jar) @ jaxrs-base-server ---
[INFO] Building jar: /Users/paulgallagher/Code/smart-caches-core/jaxrs-base-server/target/jaxrs-base-server-1.3.3-SNAPSHOT.jar
[INFO] 
[INFO] --- jar:3.5.1:test-jar (create-test-jar) @ jaxrs-base-server ---
[INFO] Building jar: /Users/paulgallagher/Code/smart-caches-core/jaxrs-base-server/target/jaxrs-base-server-1.3.3-SNAPSHOT-tests.jar
[INFO] 
[INFO] >>> source:3.4.0:jar (attach-sources) > generate-sources @ jaxrs-base-server >>>
[INFO] 
[INFO] --- enforcer:3.6.3:enforce (enforce-versions) @ jaxrs-base-server ---
[INFO] 
[INFO] --- license:5.1.2:check (check-licenses) @ jaxrs-base-server ---
[INFO] Checking licenses...
[INFO] License check: 104 file(s) checked (OK: 104, Missing: 0, Unknown: 0)
[INFO] 
[INFO] --- dependency:3.11.0:properties (properties) @ jaxrs-base-server ---
[INFO] 
[INFO] --- lombok:1.18.20.0:delombok (default) @ jaxrs-base-server ---
[INFO] Delombok complete.
[INFO] 
[INFO] <<< source:3.4.0:jar (attach-sources) < generate-sources @ jaxrs-base-server <<<
[INFO] 
[INFO] 
[INFO] --- source:3.4.0:jar (attach-sources) @ jaxrs-base-server ---
[INFO] Building jar: /Users/paulgallagher/Code/smart-caches-core/jaxrs-base-server/target/jaxrs-base-server-1.3.3-SNAPSHOT-sources.jar
[INFO] 
[INFO] >>> source:3.4.0:test-jar (attach-test-sources) > generate-sources @ jaxrs-base-server >>>
[INFO] 
[INFO] --- enforcer:3.6.3:enforce (enforce-versions) @ jaxrs-base-server ---
[INFO] 
[INFO] --- license:5.1.2:check (check-licenses) @ jaxrs-base-server ---
[INFO] Checking licenses...
[INFO] License check: 104 file(s) checked (OK: 104, Missing: 0, Unknown: 0)
[INFO] 
[INFO] --- dependency:3.11.0:properties (properties) @ jaxrs-base-server ---
[INFO] 
[INFO] --- lombok:1.18.20.0:delombok (default) @ jaxrs-base-server ---
[INFO] Delombok complete.
[INFO] 
[INFO] <<< source:3.4.0:test-jar (attach-test-sources) < generate-sources @ jaxrs-base-server <<<
[INFO] 
[INFO] 
[INFO] --- source:3.4.0:test-jar (attach-test-sources) @ jaxrs-base-server ---
[INFO] Building jar: /Users/paulgallagher/Code/smart-caches-core/jaxrs-base-server/target/jaxrs-base-server-1.3.3-SNAPSHOT-test-sources.jar
[INFO] 
[INFO] --- javadoc:3.12.0:jar (default) @ jaxrs-base-server ---
[INFO] Building jar: /Users/paulgallagher/Code/smart-caches-core/jaxrs-base-server/target/jaxrs-base-server-1.3.3-SNAPSHOT-javadoc.jar
[INFO] 
[INFO] --- cyclonedx:2.9.3:makeAggregateBom (build-sbom-cyclonedx) @ jaxrs-base-server ---
[INFO] CycloneDX: Resolving Dependencies
[INFO] CycloneDX: Creating BOM version 1.6 with 157 component(s)
[INFO] CycloneDX: Writing and validating BOM (JSON): /Users/paulgallagher/Code/smart-caches-core/jaxrs-base-server/target/jaxrs-base-server-1.3.3-SNAPSHOT-bom.json
[INFO]            attaching as jaxrs-base-server-1.3.3-SNAPSHOT-cyclonedx.json
[INFO] 
[INFO] --- gpg:3.2.8:sign (default) @ jaxrs-base-server ---
[INFO] Signer 'gpg' is signing 7 files with key default
[INFO] 
[INFO] --- dependency:3.11.0:analyze-only (analyze) @ jaxrs-base-server ---
[WARNING] Used undeclared dependencies found:
[WARNING]    org.glassfish.jersey.core:jersey-common:jar:3.1.12:compile
[WARNING]    com.apicatalog:titanium-json-ld:jar:1.7.0:compile
[WARNING]    org.apache.commons:commons-collections4:jar:4.6.0:compile
[WARNING]    org.glassfish.hk2:hk2-api:jar:3.0.6:compile
[WARNING]    ch.qos.logback:logback-core:jar:1.6.3:provided
[WARNING] Unused declared dependencies found:
[WARNING]    org.glassfish.jersey.containers:jersey-container-grizzly2-servlet:jar:3.1.12:compile
[WARNING] Non-test scoped test only dependencies found:
[WARNING]    org.glassfish.jersey.core:jersey-common:jar:3.1.12:compile
[WARNING]    io.telicent.jena:rdf-abac-core:jar:3.1.6:compile
[WARNING]    io.telicent.public:jwt-servlet-auth-aws:jar:4.1.4:compile
[INFO] 
[INFO] --- jacoco:0.8.15:report (report) @ jaxrs-base-server ---
[INFO] Loading execution data file /Users/paulgallagher/Code/smart-caches-core/jaxrs-base-server/target/jacoco.exec
[INFO] Analyzed bundle 'Telicent Smart Caches - JAX-RS Base Server' with 45 classes
[INFO] 
[INFO] --- jacoco:0.8.15:check (require-test-coverage) @ jaxrs-base-server ---
[INFO] Loading execution data file /Users/paulgallagher/Code/smart-caches-core/jaxrs-base-server/target/jacoco.exec
[INFO] Analyzed bundle 'jaxrs-base-server' with 45 classes
[INFO] All coverage checks have been met.
[INFO] 
[INFO] --- install:3.1.2:install (default-install) @ jaxrs-base-server ---
[INFO] Installing /Users/paulgallagher/Code/smart-caches-core/jaxrs-base-server/pom.xml to /Users/paulgallagher/.m2/repository/io/telicent/smart-caches/jaxrs-base-server/1.3.3-SNAPSHOT/jaxrs-base-server-1.3.3-SNAPSHOT.pom
[INFO] Installing /Users/paulgallagher/Code/smart-caches-core/jaxrs-base-server/target/jaxrs-base-server-1.3.3-SNAPSHOT.jar to /Users/paulgallagher/.m2/repository/io/telicent/smart-caches/jaxrs-base-server/1.3.3-SNAPSHOT/jaxrs-base-server-1.3.3-SNAPSHOT.jar
[INFO] Installing /Users/paulgallagher/Code/smart-caches-core/jaxrs-base-server/target/jaxrs-base-server-1.3.3-SNAPSHOT-tests.jar to /Users/paulgallagher/.m2/repository/io/telicent/smart-caches/jaxrs-base-server/1.3.3-SNAPSHOT/jaxrs-base-server-1.3.3-SNAPSHOT-tests.jar
[INFO] Installing /Users/paulgallagher/Code/smart-caches-core/jaxrs-base-server/target/jaxrs-base-server-1.3.3-SNAPSHOT-sources.jar to /Users/paulgallagher/.m2/repository/io/telicent/smart-caches/jaxrs-base-server/1.3.3-SNAPSHOT/jaxrs-base-server-1.3.3-SNAPSHOT-sources.jar
[INFO] Installing /Users/paulgallagher/Code/smart-caches-core/jaxrs-base-server/target/jaxrs-base-server-1.3.3-SNAPSHOT-test-sources.jar to /Users/paulgallagher/.m2/repository/io/telicent/smart-caches/jaxrs-base-server/1.3.3-SNAPSHOT/jaxrs-base-server-1.3.3-SNAPSHOT-test-sources.jar
[INFO] Installing /Users/paulgallagher/Code/smart-caches-core/jaxrs-base-server/target/jaxrs-base-server-1.3.3-SNAPSHOT-javadoc.jar to /Users/paulgallagher/.m2/repository/io/telicent/smart-caches/jaxrs-base-server/1.3.3-SNAPSHOT/jaxrs-base-server-1.3.3-SNAPSHOT-javadoc.jar
[INFO] Installing /Users/paulgallagher/Code/smart-caches-core/jaxrs-base-server/target/jaxrs-base-server-1.3.3-SNAPSHOT-bom.json to /Users/paulgallagher/.m2/repository/io/telicent/smart-caches/jaxrs-base-server/1.3.3-SNAPSHOT/jaxrs-base-server-1.3.3-SNAPSHOT-cyclonedx.json
[INFO] Installing /Users/paulgallagher/Code/smart-caches-core/jaxrs-base-server/target/jaxrs-base-server-1.3.3-SNAPSHOT.jar.asc to /Users/paulgallagher/.m2/repository/io/telicent/smart-caches/jaxrs-base-server/1.3.3-SNAPSHOT/jaxrs-base-server-1.3.3-SNAPSHOT.jar.asc
[INFO] Installing /Users/paulgallagher/Code/smart-caches-core/jaxrs-base-server/target/jaxrs-base-server-1.3.3-SNAPSHOT.pom.asc to /Users/paulgallagher/.m2/repository/io/telicent/smart-caches/jaxrs-base-server/1.3.3-SNAPSHOT/jaxrs-base-server-1.3.3-SNAPSHOT.pom.asc
[INFO] Installing /Users/paulgallagher/Code/smart-caches-core/jaxrs-base-server/target/jaxrs-base-server-1.3.3-SNAPSHOT-tests.jar.asc to /Users/paulgallagher/.m2/repository/io/telicent/smart-caches/jaxrs-base-server/1.3.3-SNAPSHOT/jaxrs-base-server-1.3.3-SNAPSHOT-tests.jar.asc
[INFO] Installing /Users/paulgallagher/Code/smart-caches-core/jaxrs-base-server/target/jaxrs-base-server-1.3.3-SNAPSHOT-sources.jar.asc to /Users/paulgallagher/.m2/repository/io/telicent/smart-caches/jaxrs-base-server/1.3.3-SNAPSHOT/jaxrs-base-server-1.3.3-SNAPSHOT-sources.jar.asc
[INFO] Installing /Users/paulgallagher/Code/smart-caches-core/jaxrs-base-server/target/jaxrs-base-server-1.3.3-SNAPSHOT-test-sources.jar.asc to /Users/paulgallagher/.m2/repository/io/telicent/smart-caches/jaxrs-base-server/1.3.3-SNAPSHOT/jaxrs-base-server-1.3.3-SNAPSHOT-test-sources.jar.asc
[INFO] Installing /Users/paulgallagher/Code/smart-caches-core/jaxrs-base-server/target/jaxrs-base-server-1.3.3-SNAPSHOT-javadoc.jar.asc to /Users/paulgallagher/.m2/repository/io/telicent/smart-caches/jaxrs-base-server/1.3.3-SNAPSHOT/jaxrs-base-server-1.3.3-SNAPSHOT-javadoc.jar.asc
[INFO] Installing /Users/paulgallagher/Code/smart-caches-core/jaxrs-base-server/target/jaxrs-base-server-1.3.3-SNAPSHOT-bom.json.asc to /Users/paulgallagher/.m2/repository/io/telicent/smart-caches/jaxrs-base-server/1.3.3-SNAPSHOT/jaxrs-base-server-1.3.3-SNAPSHOT-cyclonedx.json.asc
[INFO] 
[INFO] --------------------< io.telicent.smart-caches:cli >--------------------
[INFO] Building Telicent Smart Caches - CLI 1.3.3-SNAPSHOT              [15/22]
[INFO]   from cli/pom.xml
[INFO] --------------------------------[ pom ]---------------------------------
[INFO] 
[INFO] --- clean:3.5.0:clean (default-clean) @ cli ---
[INFO] Deleting /Users/paulgallagher/Code/smart-caches-core/cli/target
[INFO] 
[INFO] --- enforcer:3.6.3:enforce (enforce-versions) @ cli ---
[INFO] 
[INFO] --- license:5.1.2:check (check-licenses) @ cli ---
[INFO] Checking licenses...
[INFO] License check: 5 file(s) checked (OK: 5, Missing: 0, Unknown: 0)
[INFO] 
[INFO] --- lombok:1.18.20.0:delombok (default) @ cli ---
[WARNING] Skipping Delombok; no source to process.
[INFO] 
[INFO] --- buildnumber:3.3.0:create-metadata (default) @ cli ---
[INFO] 
[INFO] --- jar:3.5.1:test-jar (create-test-jar) @ cli ---
[INFO] Skipping packaging of the test-jar
[INFO] 
[INFO] >>> source:3.4.0:jar (attach-sources) > generate-sources @ cli >>>
[INFO] 
[INFO] --- enforcer:3.6.3:enforce (enforce-versions) @ cli ---
[INFO] 
[INFO] --- license:5.1.2:check (check-licenses) @ cli ---
[INFO] Checking licenses...
[INFO] License check: 5 file(s) checked (OK: 5, Missing: 0, Unknown: 0)
[INFO] 
[INFO] --- lombok:1.18.20.0:delombok (default) @ cli ---
[WARNING] Skipping Delombok; no source to process.
[INFO] 
[INFO] <<< source:3.4.0:jar (attach-sources) < generate-sources @ cli <<<
[INFO] 
[INFO] 
[INFO] --- source:3.4.0:jar (attach-sources) @ cli ---
[INFO] 
[INFO] >>> source:3.4.0:test-jar (attach-test-sources) > generate-sources @ cli >>>
[INFO] 
[INFO] --- enforcer:3.6.3:enforce (enforce-versions) @ cli ---
[INFO] 
[INFO] --- license:5.1.2:check (check-licenses) @ cli ---
[INFO] Checking licenses...
[INFO] License check: 5 file(s) checked (OK: 5, Missing: 0, Unknown: 0)
[INFO] 
[INFO] --- lombok:1.18.20.0:delombok (default) @ cli ---
[WARNING] Skipping Delombok; no source to process.
[INFO] 
[INFO] <<< source:3.4.0:test-jar (attach-test-sources) < generate-sources @ cli <<<
[INFO] 
[INFO] 
[INFO] --- source:3.4.0:test-jar (attach-test-sources) @ cli ---
[INFO] Skipping source per configuration.
[INFO] 
[INFO] --- javadoc:3.12.0:jar (default) @ cli ---
[INFO] Not executing Javadoc as the project is not a Java classpath-capable package
[INFO] 
[INFO] --- cyclonedx:2.9.3:makeAggregateBom (build-sbom-cyclonedx) @ cli ---
[INFO] CycloneDX: Resolving Dependencies
[INFO] CycloneDX: Creating BOM version 1.6 with 0 component(s)
[INFO] CycloneDX: Writing and validating BOM (JSON): /Users/paulgallagher/Code/smart-caches-core/cli/target/cli-1.3.3-SNAPSHOT-bom.json
[INFO]            attaching as cli-1.3.3-SNAPSHOT-cyclonedx.json
[INFO] 
[INFO] --- dependency:3.11.0:copy-dependencies (copy-dependencies) @ cli ---
[INFO] 
[INFO] --- dependency:3.11.0:copy-dependencies (copy-agents) @ cli ---
[INFO] 
[INFO] --- gpg:3.2.8:sign (default) @ cli ---
[INFO] Signer 'gpg' is signing 2 files with key default
[INFO] 
[INFO] --- dependency:3.11.0:analyze-only (analyze) @ cli ---
[INFO] Skipping pom project
[INFO] 
[INFO] --- install:3.1.2:install (default-install) @ cli ---
[INFO] Installing /Users/paulgallagher/Code/smart-caches-core/cli/pom.xml to /Users/paulgallagher/.m2/repository/io/telicent/smart-caches/cli/1.3.3-SNAPSHOT/cli-1.3.3-SNAPSHOT.pom
[INFO] Installing /Users/paulgallagher/Code/smart-caches-core/cli/target/cli-1.3.3-SNAPSHOT-bom.json to /Users/paulgallagher/.m2/repository/io/telicent/smart-caches/cli/1.3.3-SNAPSHOT/cli-1.3.3-SNAPSHOT-cyclonedx.json
[INFO] Installing /Users/paulgallagher/Code/smart-caches-core/cli/target/cli-1.3.3-SNAPSHOT.pom.asc to /Users/paulgallagher/.m2/repository/io/telicent/smart-caches/cli/1.3.3-SNAPSHOT/cli-1.3.3-SNAPSHOT.pom.asc
[INFO] Installing /Users/paulgallagher/Code/smart-caches-core/cli/target/cli-1.3.3-SNAPSHOT-bom.json.asc to /Users/paulgallagher/.m2/repository/io/telicent/smart-caches/cli/1.3.3-SNAPSHOT/cli-1.3.3-SNAPSHOT-cyclonedx.json.asc
[INFO] 
[INFO] -------------< io.telicent.smart-caches:cli-probe-server >--------------
[INFO] Building Telicent Smart Caches - CLI - Health Probe Server 1.3.3-SNAPSHOT [16/22]
[INFO]   from cli/cli-probe-server/pom.xml
[INFO] --------------------------------[ jar ]---------------------------------
[INFO] 
[INFO] --- clean:3.5.0:clean (default-clean) @ cli-probe-server ---
[INFO] Deleting /Users/paulgallagher/Code/smart-caches-core/cli/cli-probe-server/target
[INFO] Deleting /Users/paulgallagher/Code/smart-caches-core/cli/cli-probe-server/lib
[INFO] 
[INFO] --- enforcer:3.6.3:enforce (enforce-versions) @ cli-probe-server ---
[INFO] 
[INFO] --- license:5.1.2:check (check-licenses) @ cli-probe-server ---
[INFO] Checking licenses...
[INFO] License check: 6 file(s) checked (OK: 6, Missing: 0, Unknown: 0)
[INFO] 
[INFO] --- lombok:1.18.20.0:delombok (default) @ cli-probe-server ---
[INFO] Delombok complete.
[INFO] 
[INFO] --- buildnumber:3.3.0:create-metadata (default) @ cli-probe-server ---
[INFO] 
[INFO] --- resources:3.3.1:resources (default-resources) @ cli-probe-server ---
[INFO] skip non existing resourceDirectory /Users/paulgallagher/Code/smart-caches-core/cli/cli-probe-server/src/main/resources
[INFO] Copying 1 resource from target/generated/build-metadata to target/classes
[INFO] 
[INFO] --- compiler:3.15.0:compile (default-compile) @ cli-probe-server ---
[INFO] Recompiling the module because of changed dependency.
[INFO] Compiling 3 source files with javac [debug release 21] to target/classes
[INFO] 
[INFO] --- resources:3.3.1:testResources (default-testResources) @ cli-probe-server ---
[INFO] Copying 2 resources from src/test/resources to target/test-classes
[INFO] 
[INFO] --- compiler:3.15.0:testCompile (default-testCompile) @ cli-probe-server ---
[INFO] Recompiling the module because of changed dependency.
[INFO] Compiling 1 source file with javac [debug release 21] to target/test-classes
[INFO] 
[INFO] --- jacoco:0.8.15:prepare-agent (prepare-agent) @ cli-probe-server ---
[INFO] argLine set to -javaagent:/Users/paulgallagher/.m2/repository/org/jacoco/org.jacoco.agent/0.8.15/org.jacoco.agent-0.8.15-runtime.jar=destfile=/Users/paulgallagher/Code/smart-caches-core/cli/cli-probe-server/target/jacoco.exec,append=true
[INFO] 
[INFO] --- surefire:3.5.6:test (default-test) @ cli-probe-server ---
[INFO] Using auto detected provider org.apache.maven.surefire.testng.TestNGProvider
[INFO] 
[INFO] -------------------------------------------------------
[INFO]  T E S T S
[INFO] -------------------------------------------------------
[INFO] Running io.telicent.smart.cache.cli.probes.TestHealthProbeServer
Sept 08, 2026 9:35:57 AM org.glassfish.grizzly.http.server.NetworkListener start
INFO: Started listener bound to [0.0.0.0:1243]
Sept 08, 2026 9:35:57 AM org.glassfish.grizzly.http.server.HttpServer start
INFO: [HttpServer] Started.
Sept 08, 2026 9:35:57 AM org.glassfish.grizzly.servlet.WebappContext deploy
INFO: Starting application [Test] ...
Sept 08, 2026 9:35:57 AM org.glassfish.grizzly.servlet.WebappContext initServlets
INFO: [Test] Servlet [org.glassfish.jersey.servlet.ServletContainer] registered for url pattern(s) [[/*]].
Sept 08, 2026 9:35:57 AM org.glassfish.grizzly.servlet.WebappContext initFilters
INFO: [Test] Filter [io.telicent.smart.cache.server.jaxrs.filters.CrossOriginFilter] registered for url pattern(s) [[/*]] and servlet name(s) [[]]
Sept 08, 2026 9:35:57 AM org.glassfish.grizzly.servlet.WebappContext deploy
INFO: Application [Test] is ready to service requests.  Root: [/].
Sept 08, 2026 9:35:57 AM org.glassfish.grizzly.servlet.ServletHandler loadServlet
INFO: Loading Servlet: org.glassfish.jersey.servlet.ServletContainer
Sept 08, 2026 9:35:58 AM org.glassfish.grizzly.http.server.NetworkListener shutdownNow
INFO: Stopped listener bound to [0.0.0.0:1243]
Sept 08, 2026 9:35:58 AM org.glassfish.grizzly.http.server.NetworkListener start
INFO: Started listener bound to [0.0.0.0:1244]
Sept 08, 2026 9:35:58 AM org.glassfish.grizzly.http.server.HttpServer start
INFO: [HttpServer-1] Started.
Sept 08, 2026 9:35:58 AM org.glassfish.grizzly.servlet.WebappContext deploy
INFO: Starting application [Test] ...
Sept 08, 2026 9:35:58 AM org.glassfish.grizzly.servlet.WebappContext initServlets
INFO: [Test] Servlet [org.glassfish.jersey.servlet.ServletContainer] registered for url pattern(s) [[/*]].
Sept 08, 2026 9:35:58 AM org.glassfish.grizzly.servlet.WebappContext initFilters
INFO: [Test] Filter [io.telicent.smart.cache.server.jaxrs.filters.CrossOriginFilter] registered for url pattern(s) [[/*]] and servlet name(s) [[]]
Sept 08, 2026 9:35:58 AM org.glassfish.grizzly.servlet.WebappContext deploy
INFO: Application [Test] is ready to service requests.  Root: [/].
Sept 08, 2026 9:35:58 AM org.glassfish.grizzly.servlet.ServletHandler loadServlet
INFO: Loading Servlet: org.glassfish.jersey.servlet.ServletContainer
Sept 08, 2026 9:35:58 AM org.glassfish.grizzly.http.server.NetworkListener shutdownNow
INFO: Stopped listener bound to [0.0.0.0:1244]
Sept 08, 2026 9:35:58 AM org.glassfish.grizzly.http.server.NetworkListener start
INFO: Started listener bound to [0.0.0.0:1245]
Sept 08, 2026 9:35:58 AM org.glassfish.grizzly.http.server.HttpServer start
INFO: [HttpServer-2] Started.
Sept 08, 2026 9:35:58 AM org.glassfish.grizzly.servlet.WebappContext deploy
INFO: Starting application [Test] ...
Sept 08, 2026 9:35:58 AM org.glassfish.grizzly.servlet.WebappContext initServlets
INFO: [Test] Servlet [org.glassfish.jersey.servlet.ServletContainer] registered for url pattern(s) [[/*]].
Sept 08, 2026 9:35:58 AM org.glassfish.grizzly.servlet.WebappContext initFilters
INFO: [Test] Filter [io.telicent.smart.cache.server.jaxrs.filters.CrossOriginFilter] registered for url pattern(s) [[/*]] and servlet name(s) [[]]
Sept 08, 2026 9:35:58 AM org.glassfish.grizzly.servlet.WebappContext deploy
INFO: Application [Test] is ready to service requests.  Root: [/].
Sept 08, 2026 9:35:58 AM org.glassfish.grizzly.servlet.ServletHandler loadServlet
INFO: Loading Servlet: org.glassfish.jersey.servlet.ServletContainer
Sept 08, 2026 9:35:58 AM org.glassfish.grizzly.http.server.NetworkListener shutdownNow
INFO: Stopped listener bound to [0.0.0.0:1245]
Sept 08, 2026 9:35:58 AM org.glassfish.grizzly.http.server.NetworkListener start
INFO: Started listener bound to [0.0.0.0:1246]
Sept 08, 2026 9:35:58 AM org.glassfish.grizzly.http.server.HttpServer start
INFO: [HttpServer-3] Started.
Sept 08, 2026 9:35:58 AM org.glassfish.grizzly.servlet.WebappContext deploy
INFO: Starting application [Test] ...
Sept 08, 2026 9:35:58 AM org.glassfish.grizzly.servlet.WebappContext initServlets
INFO: [Test] Servlet [org.glassfish.jersey.servlet.ServletContainer] registered for url pattern(s) [[/*]].
Sept 08, 2026 9:35:58 AM org.glassfish.grizzly.servlet.WebappContext initFilters
INFO: [Test] Filter [io.telicent.smart.cache.server.jaxrs.filters.CrossOriginFilter] registered for url pattern(s) [[/*]] and servlet name(s) [[]]
Sept 08, 2026 9:35:58 AM org.glassfish.grizzly.servlet.WebappContext deploy
INFO: Application [Test] is ready to service requests.  Root: [/].
Sept 08, 2026 9:35:59 AM org.glassfish.grizzly.servlet.ServletHandler loadServlet
INFO: Loading Servlet: org.glassfish.jersey.servlet.ServletContainer
Sept 08, 2026 9:35:59 AM org.glassfish.grizzly.http.server.NetworkListener shutdownNow
INFO: Stopped listener bound to [0.0.0.0:1246]
Sept 08, 2026 9:35:59 AM org.glassfish.grizzly.http.server.NetworkListener start
INFO: Started listener bound to [0.0.0.0:1247]
Sept 08, 2026 9:35:59 AM org.glassfish.grizzly.http.server.HttpServer start
INFO: [HttpServer-4] Started.
Sept 08, 2026 9:35:59 AM org.glassfish.grizzly.servlet.WebappContext deploy
INFO: Starting application [Test] ...
Sept 08, 2026 9:35:59 AM org.glassfish.grizzly.servlet.WebappContext initServlets
INFO: [Test] Servlet [org.glassfish.jersey.servlet.ServletContainer] registered for url pattern(s) [[/*]].
Sept 08, 2026 9:35:59 AM org.glassfish.grizzly.servlet.WebappContext initFilters
INFO: [Test] Filter [io.telicent.smart.cache.server.jaxrs.filters.CrossOriginFilter] registered for url pattern(s) [[/*]] and servlet name(s) [[]]
Sept 08, 2026 9:35:59 AM org.glassfish.grizzly.servlet.WebappContext deploy
INFO: Application [Test] is ready to service requests.  Root: [/].
Sept 08, 2026 9:35:59 AM org.glassfish.grizzly.servlet.ServletHandler loadServlet
INFO: Loading Servlet: org.glassfish.jersey.servlet.ServletContainer
Sept 08, 2026 9:35:59 AM org.glassfish.grizzly.http.server.NetworkListener shutdownNow
INFO: Stopped listener bound to [0.0.0.0:1247]
Sept 08, 2026 9:35:59 AM org.glassfish.grizzly.http.server.NetworkListener start
INFO: Started listener bound to [0.0.0.0:1248]
Sept 08, 2026 9:35:59 AM org.glassfish.grizzly.http.server.HttpServer start
INFO: [HttpServer-5] Started.
Sept 08, 2026 9:35:59 AM org.glassfish.grizzly.servlet.WebappContext deploy
INFO: Starting application [Test] ...
Sept 08, 2026 9:35:59 AM org.glassfish.grizzly.servlet.WebappContext initServlets
INFO: [Test] Servlet [org.glassfish.jersey.servlet.ServletContainer] registered for url pattern(s) [[/*]].
Sept 08, 2026 9:35:59 AM org.glassfish.grizzly.servlet.WebappContext initFilters
INFO: [Test] Filter [io.telicent.smart.cache.server.jaxrs.filters.CrossOriginFilter] registered for url pattern(s) [[/*]] and servlet name(s) [[]]
Sept 08, 2026 9:35:59 AM org.glassfish.grizzly.servlet.WebappContext deploy
INFO: Application [Test] is ready to service requests.  Root: [/].
Sept 08, 2026 9:36:00 AM org.glassfish.grizzly.servlet.ServletHandler loadServlet
INFO: Loading Servlet: org.glassfish.jersey.servlet.ServletContainer
Sept 08, 2026 9:36:00 AM org.glassfish.grizzly.http.server.NetworkListener shutdownNow
INFO: Stopped listener bound to [0.0.0.0:1248]
Sept 08, 2026 9:36:00 AM org.glassfish.grizzly.http.server.NetworkListener start
INFO: Started listener bound to [0.0.0.0:1250]
Sept 08, 2026 9:36:00 AM org.glassfish.grizzly.http.server.HttpServer start
INFO: [HttpServer-6] Started.
Sept 08, 2026 9:36:00 AM org.glassfish.grizzly.servlet.WebappContext deploy
INFO: Starting application [Test] ...
Sept 08, 2026 9:36:00 AM org.glassfish.grizzly.servlet.WebappContext initServlets
INFO: [Test] Servlet [org.glassfish.jersey.servlet.ServletContainer] registered for url pattern(s) [[/*]].
Sept 08, 2026 9:36:00 AM org.glassfish.grizzly.servlet.WebappContext initFilters
INFO: [Test] Filter [io.telicent.smart.cache.server.jaxrs.filters.CrossOriginFilter] registered for url pattern(s) [[/*]] and servlet name(s) [[]]
Sept 08, 2026 9:36:00 AM org.glassfish.grizzly.servlet.WebappContext deploy
INFO: Application [Test] is ready to service requests.  Root: [/].
Sept 08, 2026 9:36:00 AM org.glassfish.grizzly.servlet.ServletHandler loadServlet
INFO: Loading Servlet: org.glassfish.jersey.servlet.ServletContainer
Sept 08, 2026 9:36:00 AM org.glassfish.grizzly.http.server.NetworkListener shutdownNow
INFO: Stopped listener bound to [0.0.0.0:1250]
Sept 08, 2026 9:36:00 AM org.glassfish.grizzly.http.server.NetworkListener start
INFO: Started listener bound to [0.0.0.0:1251]
Sept 08, 2026 9:36:00 AM org.glassfish.grizzly.http.server.HttpServer start
INFO: [HttpServer-7] Started.
Sept 08, 2026 9:36:00 AM org.glassfish.grizzly.servlet.WebappContext deploy
INFO: Starting application [Test] ...
Sept 08, 2026 9:36:00 AM org.glassfish.grizzly.servlet.WebappContext initServlets
INFO: [Test] Servlet [org.glassfish.jersey.servlet.ServletContainer] registered for url pattern(s) [[/*]].
Sept 08, 2026 9:36:00 AM org.glassfish.grizzly.servlet.WebappContext initFilters
INFO: [Test] Filter [io.telicent.smart.cache.server.jaxrs.filters.CrossOriginFilter] registered for url pattern(s) [[/*]] and servlet name(s) [[]]
Sept 08, 2026 9:36:00 AM org.glassfish.grizzly.servlet.WebappContext deploy
INFO: Application [Test] is ready to service requests.  Root: [/].
Sept 08, 2026 9:36:01 AM org.glassfish.grizzly.servlet.ServletHandler loadServlet
INFO: Loading Servlet: org.glassfish.jersey.servlet.ServletContainer
Sept 08, 2026 9:36:01 AM org.glassfish.grizzly.http.server.NetworkListener shutdownNow
INFO: Stopped listener bound to [0.0.0.0:1251]
[INFO] Tests run: 10, Failures: 0, Errors: 0, Skipped: 0, Time elapsed: 4.896 s -- in io.telicent.smart.cache.cli.probes.TestHealthProbeServer
[INFO] 
[INFO] Results:
[INFO] 
[INFO] Tests run: 10, Failures: 0, Errors: 0, Skipped: 0
[INFO] 
[INFO] 
[INFO] --- jar:3.5.1:jar (default-jar) @ cli-probe-server ---
[INFO] Building jar: /Users/paulgallagher/Code/smart-caches-core/cli/cli-probe-server/target/cli-probe-server-1.3.3-SNAPSHOT.jar
[INFO] 
[INFO] --- jar:3.5.1:test-jar (create-test-jar) @ cli-probe-server ---
[INFO] Skipping packaging of the test-jar
[INFO] 
[INFO] >>> source:3.4.0:jar (attach-sources) > generate-sources @ cli-probe-server >>>
[INFO] 
[INFO] --- enforcer:3.6.3:enforce (enforce-versions) @ cli-probe-server ---
[INFO] 
[INFO] --- license:5.1.2:check (check-licenses) @ cli-probe-server ---
[INFO] Checking licenses...
[INFO] License check: 6 file(s) checked (OK: 6, Missing: 0, Unknown: 0)
[INFO] 
[INFO] --- lombok:1.18.20.0:delombok (default) @ cli-probe-server ---
[INFO] Delombok complete.
[INFO] 
[INFO] <<< source:3.4.0:jar (attach-sources) < generate-sources @ cli-probe-server <<<
[INFO] 
[INFO] 
[INFO] --- source:3.4.0:jar (attach-sources) @ cli-probe-server ---
[INFO] Building jar: /Users/paulgallagher/Code/smart-caches-core/cli/cli-probe-server/target/cli-probe-server-1.3.3-SNAPSHOT-sources.jar
[INFO] 
[INFO] >>> source:3.4.0:test-jar (attach-test-sources) > generate-sources @ cli-probe-server >>>
[INFO] 
[INFO] --- enforcer:3.6.3:enforce (enforce-versions) @ cli-probe-server ---
[INFO] 
[INFO] --- license:5.1.2:check (check-licenses) @ cli-probe-server ---
[INFO] Checking licenses...
[INFO] License check: 6 file(s) checked (OK: 6, Missing: 0, Unknown: 0)
[INFO] 
[INFO] --- lombok:1.18.20.0:delombok (default) @ cli-probe-server ---
[INFO] Delombok complete.
[INFO] 
[INFO] <<< source:3.4.0:test-jar (attach-test-sources) < generate-sources @ cli-probe-server <<<
[INFO] 
[INFO] 
[INFO] --- source:3.4.0:test-jar (attach-test-sources) @ cli-probe-server ---
[INFO] Skipping source per configuration.
[INFO] 
[INFO] --- javadoc:3.12.0:jar (default) @ cli-probe-server ---
[INFO] Building jar: /Users/paulgallagher/Code/smart-caches-core/cli/cli-probe-server/target/cli-probe-server-1.3.3-SNAPSHOT-javadoc.jar
[INFO] 
[INFO] --- cyclonedx:2.9.3:makeAggregateBom (build-sbom-cyclonedx) @ cli-probe-server ---
[INFO] CycloneDX: Resolving Dependencies
[INFO] CycloneDX: Creating BOM version 1.6 with 156 component(s)
[INFO] CycloneDX: Writing and validating BOM (JSON): /Users/paulgallagher/Code/smart-caches-core/cli/cli-probe-server/target/cli-probe-server-1.3.3-SNAPSHOT-bom.json
[INFO]            attaching as cli-probe-server-1.3.3-SNAPSHOT-cyclonedx.json
[INFO] 
[INFO] --- dependency:3.11.0:copy-dependencies (copy-dependencies) @ cli-probe-server ---
[INFO] 
[INFO] --- dependency:3.11.0:copy-dependencies (copy-agents) @ cli-probe-server ---
[INFO] 
[INFO] --- gpg:3.2.8:sign (default) @ cli-probe-server ---
[INFO] Signer 'gpg' is signing 5 files with key default
[INFO] 
[INFO] --- dependency:3.11.0:analyze-only (analyze) @ cli-probe-server ---
[INFO] No dependency problems found
[INFO] 
[INFO] --- jacoco:0.8.15:report (report) @ cli-probe-server ---
[INFO] Loading execution data file /Users/paulgallagher/Code/smart-caches-core/cli/cli-probe-server/target/jacoco.exec
[INFO] Analyzed bundle 'Telicent Smart Caches - CLI - Health Probe Server' with 3 classes
[INFO] 
[INFO] --- jacoco:0.8.15:check (require-test-coverage) @ cli-probe-server ---
[INFO] Loading execution data file /Users/paulgallagher/Code/smart-caches-core/cli/cli-probe-server/target/jacoco.exec
[INFO] Analyzed bundle 'cli-probe-server' with 3 classes
[INFO] All coverage checks have been met.
[INFO] 
[INFO] --- install:3.1.2:install (default-install) @ cli-probe-server ---
[INFO] Installing /Users/paulgallagher/Code/smart-caches-core/cli/cli-probe-server/pom.xml to /Users/paulgallagher/.m2/repository/io/telicent/smart-caches/cli-probe-server/1.3.3-SNAPSHOT/cli-probe-server-1.3.3-SNAPSHOT.pom
[INFO] Installing /Users/paulgallagher/Code/smart-caches-core/cli/cli-probe-server/target/cli-probe-server-1.3.3-SNAPSHOT.jar to /Users/paulgallagher/.m2/repository/io/telicent/smart-caches/cli-probe-server/1.3.3-SNAPSHOT/cli-probe-server-1.3.3-SNAPSHOT.jar
[INFO] Installing /Users/paulgallagher/Code/smart-caches-core/cli/cli-probe-server/target/cli-probe-server-1.3.3-SNAPSHOT-sources.jar to /Users/paulgallagher/.m2/repository/io/telicent/smart-caches/cli-probe-server/1.3.3-SNAPSHOT/cli-probe-server-1.3.3-SNAPSHOT-sources.jar
[INFO] Installing /Users/paulgallagher/Code/smart-caches-core/cli/cli-probe-server/target/cli-probe-server-1.3.3-SNAPSHOT-javadoc.jar to /Users/paulgallagher/.m2/repository/io/telicent/smart-caches/cli-probe-server/1.3.3-SNAPSHOT/cli-probe-server-1.3.3-SNAPSHOT-javadoc.jar
[INFO] Installing /Users/paulgallagher/Code/smart-caches-core/cli/cli-probe-server/target/cli-probe-server-1.3.3-SNAPSHOT-bom.json to /Users/paulgallagher/.m2/repository/io/telicent/smart-caches/cli-probe-server/1.3.3-SNAPSHOT/cli-probe-server-1.3.3-SNAPSHOT-cyclonedx.json
[INFO] Installing /Users/paulgallagher/Code/smart-caches-core/cli/cli-probe-server/target/cli-probe-server-1.3.3-SNAPSHOT.jar.asc to /Users/paulgallagher/.m2/repository/io/telicent/smart-caches/cli-probe-server/1.3.3-SNAPSHOT/cli-probe-server-1.3.3-SNAPSHOT.jar.asc
[INFO] Installing /Users/paulgallagher/Code/smart-caches-core/cli/cli-probe-server/target/cli-probe-server-1.3.3-SNAPSHOT.pom.asc to /Users/paulgallagher/.m2/repository/io/telicent/smart-caches/cli-probe-server/1.3.3-SNAPSHOT/cli-probe-server-1.3.3-SNAPSHOT.pom.asc
[INFO] Installing /Users/paulgallagher/Code/smart-caches-core/cli/cli-probe-server/target/cli-probe-server-1.3.3-SNAPSHOT-sources.jar.asc to /Users/paulgallagher/.m2/repository/io/telicent/smart-caches/cli-probe-server/1.3.3-SNAPSHOT/cli-probe-server-1.3.3-SNAPSHOT-sources.jar.asc
[INFO] Installing /Users/paulgallagher/Code/smart-caches-core/cli/cli-probe-server/target/cli-probe-server-1.3.3-SNAPSHOT-javadoc.jar.asc to /Users/paulgallagher/.m2/repository/io/telicent/smart-caches/cli-probe-server/1.3.3-SNAPSHOT/cli-probe-server-1.3.3-SNAPSHOT-javadoc.jar.asc
[INFO] Installing /Users/paulgallagher/Code/smart-caches-core/cli/cli-probe-server/target/cli-probe-server-1.3.3-SNAPSHOT-bom.json.asc to /Users/paulgallagher/.m2/repository/io/telicent/smart-caches/cli-probe-server/1.3.3-SNAPSHOT/cli-probe-server-1.3.3-SNAPSHOT-cyclonedx.json.asc
[INFO] 
[INFO] --------------< io.telicent.smart-caches:action-tracker >---------------
[INFO] Building Telicent Smart Caches - Action Tracker 1.3.3-SNAPSHOT   [17/22]
[INFO]   from action-tracker/pom.xml
[INFO] --------------------------------[ jar ]---------------------------------
[INFO] 
[INFO] --- clean:3.2.0:clean (default-clean) @ action-tracker ---
[INFO] Deleting /Users/paulgallagher/Code/smart-caches-core/action-tracker/target
[INFO] 
[INFO] --- enforcer:3.6.3:enforce (enforce-versions) @ action-tracker ---
[INFO] 
[INFO] --- license:5.1.2:check (check-licenses) @ action-tracker ---
[INFO] Checking licenses...
[INFO] License check: 24 file(s) checked (OK: 24, Missing: 0, Unknown: 0)
[INFO] 
[INFO] --- lombok:1.18.20.0:delombok (default) @ action-tracker ---
[INFO] Delombok complete.
[INFO] 
[INFO] --- buildnumber:3.3.0:create-metadata (default) @ action-tracker ---
[INFO] 
[INFO] --- resources:3.3.1:resources (default-resources) @ action-tracker ---
[INFO] skip non existing resourceDirectory /Users/paulgallagher/Code/smart-caches-core/action-tracker/src/main/resources
[INFO] Copying 1 resource from target/generated/build-metadata to target/classes
[INFO] 
[INFO] --- compiler:3.15.0:compile (default-compile) @ action-tracker ---
[INFO] Recompiling the module because of changed dependency.
[INFO] Compiling 11 source files with javac [debug release 21] to target/classes
[INFO] 
[INFO] --- resources:3.3.1:testResources (default-testResources) @ action-tracker ---
[INFO] Copying 2 resources from src/test/resources to target/test-classes
[INFO] 
[INFO] --- compiler:3.15.0:testCompile (default-testCompile) @ action-tracker ---
[INFO] Recompiling the module because of changed dependency.
[INFO] Compiling 11 source files with javac [debug release 21] to target/test-classes
[INFO] 
[INFO] --- jacoco:0.8.15:prepare-agent (prepare-agent) @ action-tracker ---
[INFO] argLine set to -javaagent:/Users/paulgallagher/.m2/repository/org/jacoco/org.jacoco.agent/0.8.15/org.jacoco.agent-0.8.15-runtime.jar=destfile=/Users/paulgallagher/Code/smart-caches-core/action-tracker/target/jacoco.exec,append=true
[INFO] 
[INFO] --- surefire:3.5.6:test (default-test) @ action-tracker ---
[INFO] Using auto detected provider org.apache.maven.surefire.testng.TestNGProvider
[INFO] 
[INFO] -------------------------------------------------------
[INFO]  T E S T S
[INFO] -------------------------------------------------------
[INFO] Running io.telicent.smart.cache.actions.tracker.TestActionTrackerState
[INFO] Running io.telicent.smart.cache.actions.tracker.TestSimpleActionTracker
[INFO] Tests run: 8, Failures: 0, Errors: 0, Skipped: 0, Time elapsed: 0.411 s -- in io.telicent.smart.cache.actions.tracker.TestActionTrackerState
[INFO] Running io.telicent.smart.cache.actions.tracker.TestSecondaryActionTracker
[INFO] Tests run: 16, Failures: 0, Errors: 0, Skipped: 0, Time elapsed: 0.479 s -- in io.telicent.smart.cache.actions.tracker.TestSimpleActionTracker
[INFO] Running io.telicent.smart.cache.actions.tracker.TestActionTrackerRegistry
Mockito is currently self-attaching to enable the inline-mock-maker. This will no longer work in future releases of the JDK. Please add Mockito as an agent to your build as described in Mockito's documentation: https://javadoc.io/doc/org.mockito/mockito-core/latest/org.mockito/org/mockito/Mockito.html#0.3
WARNING: A Java agent has been loaded dynamically (/Users/paulgallagher/.m2/repository/net/bytebuddy/byte-buddy-agent/1.17.7/byte-buddy-agent-1.17.7.jar)
WARNING: If a serviceability tool is in use, please run with -XX:+EnableDynamicAgentLoading to hide this warning
WARNING: If a serviceability tool is not in use, please run with -Djdk.instrument.traceUsage for more information
WARNING: Dynamic loading of agents will be disallowed by default in a future release
OpenJDK 64-Bit Server VM warning: Sharing is only supported for boot loader classes because bootstrap classpath has been appended
[INFO] Tests run: 8, Failures: 0, Errors: 0, Skipped: 0, Time elapsed: 0.747 s -- in io.telicent.smart.cache.actions.tracker.TestActionTrackerRegistry
[INFO] Running io.telicent.smart.cache.actions.tracker.DockerTestKafkaActionTrackerWithSecondaryRestarts
[INFO] Tests run: 55, Failures: 0, Errors: 0, Skipped: 0, Time elapsed: 6.032 s -- in io.telicent.smart.cache.actions.tracker.TestSecondaryActionTracker
[INFO] Running io.telicent.smart.cache.actions.tracker.listeners.TestSendToSinkListener
Mockito is currently self-attaching to enable the inline-mock-maker. This will no longer work in future releases of the JDK. Please add Mockito as an agent to your build as described in Mockito's documentation: https://javadoc.io/doc/org.mockito/mockito-core/latest/org.mockito/org/mockito/Mockito.html#0.3
WARNING: A Java agent has been loaded dynamically (/Users/paulgallagher/.m2/repository/net/bytebuddy/byte-buddy-agent/1.17.7/byte-buddy-agent-1.17.7.jar)
WARNING: If a serviceability tool is in use, please run with -XX:+EnableDynamicAgentLoading to hide this warning
WARNING: If a serviceability tool is not in use, please run with -Djdk.instrument.traceUsage for more information
WARNING: Dynamic loading of agents will be disallowed by default in a future release
OpenJDK 64-Bit Server VM warning: Sharing is only supported for boot loader classes because bootstrap classpath has been appended
[INFO] Tests run: 8, Failures: 0, Errors: 0, Skipped: 0, Time elapsed: 0.838 s -- in io.telicent.smart.cache.actions.tracker.listeners.TestSendToSinkListener
[INFO] Running io.telicent.smart.cache.actions.tracker.DockerTestKafkaActionTrackerDifferentApps
[INFO] Tests run: 6, Failures: 0, Errors: 0, Skipped: 0, Time elapsed: 26.40 s -- in io.telicent.smart.cache.actions.tracker.DockerTestKafkaActionTrackerDifferentApps
[INFO] Running io.telicent.smart.cache.actions.tracker.TestPrimaryActionTracker
[INFO] Tests run: 3, Failures: 0, Errors: 0, Skipped: 0, Time elapsed: 0.051 s -- in io.telicent.smart.cache.actions.tracker.TestPrimaryActionTracker
[INFO] Running io.telicent.smart.cache.actions.tracker.DockerTestKafkaActionTracker
[INFO] Tests run: 4, Failures: 0, Errors: 0, Skipped: 0, Time elapsed: 35.31 s -- in io.telicent.smart.cache.actions.tracker.DockerTestKafkaActionTrackerWithSecondaryRestarts
[INFO] Tests run: 6, Failures: 0, Errors: 0, Skipped: 0, Time elapsed: 26.82 s -- in io.telicent.smart.cache.actions.tracker.DockerTestKafkaActionTracker
[INFO] 
[INFO] Results:
[INFO] 
[INFO] Tests run: 114, Failures: 0, Errors: 0, Skipped: 0
[INFO] 
[INFO] 
[INFO] --- jar:3.5.1:jar (default-jar) @ action-tracker ---
[INFO] Building jar: /Users/paulgallagher/Code/smart-caches-core/action-tracker/target/action-tracker-1.3.3-SNAPSHOT.jar
[INFO] 
[INFO] --- jar:3.5.1:test-jar (create-test-jar) @ action-tracker ---
[INFO] Skipping packaging of the test-jar
[INFO] 
[INFO] >>> source:3.4.0:jar (attach-sources) > generate-sources @ action-tracker >>>
[INFO] 
[INFO] --- enforcer:3.6.3:enforce (enforce-versions) @ action-tracker ---
[INFO] 
[INFO] --- license:5.1.2:check (check-licenses) @ action-tracker ---
[INFO] Checking licenses...
[INFO] License check: 24 file(s) checked (OK: 24, Missing: 0, Unknown: 0)
[INFO] 
[INFO] --- lombok:1.18.20.0:delombok (default) @ action-tracker ---
[INFO] Delombok complete.
[INFO] 
[INFO] <<< source:3.4.0:jar (attach-sources) < generate-sources @ action-tracker <<<
[INFO] 
[INFO] 
[INFO] --- source:3.4.0:jar (attach-sources) @ action-tracker ---
[INFO] Building jar: /Users/paulgallagher/Code/smart-caches-core/action-tracker/target/action-tracker-1.3.3-SNAPSHOT-sources.jar
[INFO] 
[INFO] >>> source:3.4.0:test-jar (attach-test-sources) > generate-sources @ action-tracker >>>
[INFO] 
[INFO] --- enforcer:3.6.3:enforce (enforce-versions) @ action-tracker ---
[INFO] 
[INFO] --- license:5.1.2:check (check-licenses) @ action-tracker ---
[INFO] Checking licenses...
[INFO] License check: 24 file(s) checked (OK: 24, Missing: 0, Unknown: 0)
[INFO] 
[INFO] --- lombok:1.18.20.0:delombok (default) @ action-tracker ---
[INFO] Delombok complete.
[INFO] 
[INFO] <<< source:3.4.0:test-jar (attach-test-sources) < generate-sources @ action-tracker <<<
[INFO] 
[INFO] 
[INFO] --- source:3.4.0:test-jar (attach-test-sources) @ action-tracker ---
[INFO] Skipping source per configuration.
[INFO] 
[INFO] --- javadoc:3.12.0:jar (default) @ action-tracker ---
[INFO] Building jar: /Users/paulgallagher/Code/smart-caches-core/action-tracker/target/action-tracker-1.3.3-SNAPSHOT-javadoc.jar
[INFO] 
[INFO] --- cyclonedx:2.9.3:makeAggregateBom (build-sbom-cyclonedx) @ action-tracker ---
[INFO] CycloneDX: Resolving Dependencies
[INFO] CycloneDX: Creating BOM version 1.6 with 49 component(s)
[INFO] CycloneDX: Writing and validating BOM (JSON): /Users/paulgallagher/Code/smart-caches-core/action-tracker/target/action-tracker-1.3.3-SNAPSHOT-bom.json
[INFO]            attaching as action-tracker-1.3.3-SNAPSHOT-cyclonedx.json
[INFO] 
[INFO] --- gpg:3.2.8:sign (default) @ action-tracker ---
[INFO] Signer 'gpg' is signing 5 files with key default
[INFO] 
[INFO] --- jacoco:0.8.15:report (report) @ action-tracker ---
[INFO] Loading execution data file /Users/paulgallagher/Code/smart-caches-core/action-tracker/target/jacoco.exec
[INFO] Analyzed bundle 'Telicent Smart Caches - Action Tracker' with 10 classes
[INFO] 
[INFO] --- jacoco:0.8.15:check (require-test-coverage) @ action-tracker ---
[INFO] Loading execution data file /Users/paulgallagher/Code/smart-caches-core/action-tracker/target/jacoco.exec
[INFO] Analyzed bundle 'action-tracker' with 10 classes
[INFO] All coverage checks have been met.
[INFO] 
[INFO] --- install:3.1.2:install (default-install) @ action-tracker ---
[INFO] Installing /Users/paulgallagher/Code/smart-caches-core/action-tracker/pom.xml to /Users/paulgallagher/.m2/repository/io/telicent/smart-caches/action-tracker/1.3.3-SNAPSHOT/action-tracker-1.3.3-SNAPSHOT.pom
[INFO] Installing /Users/paulgallagher/Code/smart-caches-core/action-tracker/target/action-tracker-1.3.3-SNAPSHOT.jar to /Users/paulgallagher/.m2/repository/io/telicent/smart-caches/action-tracker/1.3.3-SNAPSHOT/action-tracker-1.3.3-SNAPSHOT.jar
[INFO] Installing /Users/paulgallagher/Code/smart-caches-core/action-tracker/target/action-tracker-1.3.3-SNAPSHOT-sources.jar to /Users/paulgallagher/.m2/repository/io/telicent/smart-caches/action-tracker/1.3.3-SNAPSHOT/action-tracker-1.3.3-SNAPSHOT-sources.jar
[INFO] Installing /Users/paulgallagher/Code/smart-caches-core/action-tracker/target/action-tracker-1.3.3-SNAPSHOT-javadoc.jar to /Users/paulgallagher/.m2/repository/io/telicent/smart-caches/action-tracker/1.3.3-SNAPSHOT/action-tracker-1.3.3-SNAPSHOT-javadoc.jar
[INFO] Installing /Users/paulgallagher/Code/smart-caches-core/action-tracker/target/action-tracker-1.3.3-SNAPSHOT-bom.json to /Users/paulgallagher/.m2/repository/io/telicent/smart-caches/action-tracker/1.3.3-SNAPSHOT/action-tracker-1.3.3-SNAPSHOT-cyclonedx.json
[INFO] Installing /Users/paulgallagher/Code/smart-caches-core/action-tracker/target/action-tracker-1.3.3-SNAPSHOT.jar.asc to /Users/paulgallagher/.m2/repository/io/telicent/smart-caches/action-tracker/1.3.3-SNAPSHOT/action-tracker-1.3.3-SNAPSHOT.jar.asc
[INFO] Installing /Users/paulgallagher/Code/smart-caches-core/action-tracker/target/action-tracker-1.3.3-SNAPSHOT.pom.asc to /Users/paulgallagher/.m2/repository/io/telicent/smart-caches/action-tracker/1.3.3-SNAPSHOT/action-tracker-1.3.3-SNAPSHOT.pom.asc
[INFO] Installing /Users/paulgallagher/Code/smart-caches-core/action-tracker/target/action-tracker-1.3.3-SNAPSHOT-sources.jar.asc to /Users/paulgallagher/.m2/repository/io/telicent/smart-caches/action-tracker/1.3.3-SNAPSHOT/action-tracker-1.3.3-SNAPSHOT-sources.jar.asc
[INFO] Installing /Users/paulgallagher/Code/smart-caches-core/action-tracker/target/action-tracker-1.3.3-SNAPSHOT-javadoc.jar.asc to /Users/paulgallagher/.m2/repository/io/telicent/smart-caches/action-tracker/1.3.3-SNAPSHOT/action-tracker-1.3.3-SNAPSHOT-javadoc.jar.asc
[INFO] Installing /Users/paulgallagher/Code/smart-caches-core/action-tracker/target/action-tracker-1.3.3-SNAPSHOT-bom.json.asc to /Users/paulgallagher/.m2/repository/io/telicent/smart-caches/action-tracker/1.3.3-SNAPSHOT/action-tracker-1.3.3-SNAPSHOT-cyclonedx.json.asc
[INFO] 
[INFO] -----------------< io.telicent.smart-caches:cli-core >------------------
[INFO] Building Telicent Smart Caches - CLI - Core API 1.3.3-SNAPSHOT   [18/22]
[INFO]   from cli/cli-core/pom.xml
[INFO] --------------------------------[ jar ]---------------------------------
[INFO] 
[INFO] --- clean:3.5.0:clean (default-clean) @ cli-core ---
[INFO] Deleting /Users/paulgallagher/Code/smart-caches-core/cli/cli-core/target
[INFO] Deleting /Users/paulgallagher/Code/smart-caches-core/cli/cli-core/lib
[INFO] 
[INFO] --- enforcer:3.6.3:enforce (enforce-versions) @ cli-core ---
[INFO] 
[INFO] --- license:5.1.2:check (check-licenses) @ cli-core ---
[INFO] Checking licenses...
[INFO] License check: 61 file(s) checked (OK: 61, Missing: 0, Unknown: 0)
[INFO] 
[INFO] --- dependency:3.11.0:properties (properties) @ cli-core ---
[INFO] 
[INFO] --- lombok:1.18.20.0:delombok (default) @ cli-core ---
[INFO] Delombok complete.
[INFO] 
[INFO] --- buildnumber:3.3.0:create-metadata (default) @ cli-core ---
[INFO] 
[INFO] --- resources:3.3.1:resources (default-resources) @ cli-core ---
[INFO] Copying 2 resources from src/main/resources to target/classes
[INFO] Copying 1 resource from target/generated/build-metadata to target/classes
[INFO] 
[INFO] --- compiler:3.15.0:compile (default-compile) @ cli-core ---
[INFO] Recompiling the module because of changed dependency.
[INFO] Compiling 22 source files with javac [debug release 21] to target/classes
[INFO] 
[INFO] --- resources:3.3.1:testResources (default-testResources) @ cli-core ---
[INFO] Copying 2 resources from src/test/resources to target/test-classes
[INFO] 
[INFO] --- compiler:3.15.0:testCompile (default-testCompile) @ cli-core ---
[INFO] Recompiling the module because of changed dependency.
[INFO] Compiling 36 source files with javac [debug release 21] to target/test-classes
[INFO] /Users/paulgallagher/Code/smart-caches-core/cli/cli-core/src/test/java/io/telicent/smart/cache/cli/commands/TestSmartCacheCommand.java: /Users/paulgallagher/Code/smart-caches-core/cli/cli-core/src/test/java/io/telicent/smart/cache/cli/commands/TestSmartCacheCommand.java uses unchecked or unsafe operations.
[INFO] /Users/paulgallagher/Code/smart-caches-core/cli/cli-core/src/test/java/io/telicent/smart/cache/cli/commands/TestSmartCacheCommand.java: Recompile with -Xlint:unchecked for details.
[INFO] 
[INFO] --- jacoco:0.8.15:prepare-agent (prepare-agent) @ cli-core ---
[INFO] argLine set to -javaagent:/Users/paulgallagher/.m2/repository/org/jacoco/org.jacoco.agent/0.8.15/org.jacoco.agent-0.8.15-runtime.jar=destfile=/Users/paulgallagher/Code/smart-caches-core/cli/cli-core/target/jacoco.exec,append=true
[INFO] 
[INFO] --- surefire:3.5.6:test (default-test) @ cli-core ---
[INFO] Using auto detected provider org.apache.maven.surefire.testng.TestNGProvider
[INFO] 
[INFO] -------------------------------------------------------
[INFO]  T E S T S
[INFO] -------------------------------------------------------
[INFO] Running io.telicent.smart.cache.cli.options.TestActionTrackerOptions
[INFO] Running io.telicent.smart.cache.cli.options.TestOffsetStoreOptions
Standard output for the next test will be captured to file /Users/paulgallagher/Code/smart-caches-core/cli/cli-core/target/stdout14431582617296441473.txt
Standard error for the next test will be captured to file /Users/paulgallagher/Code/smart-caches-core/cli/cli-core/target/stderr6487724484075608514.txt
[INFO] Tests run: 3, Failures: 0, Errors: 0, Skipped: 0, Time elapsed: 0.495 s -- in io.telicent.smart.cache.cli.options.TestActionTrackerOptions
[INFO] Running io.telicent.smart.cache.cli.options.TestLoggingOptions
[INFO] Tests run: 11, Failures: 0, Errors: 0, Skipped: 0, Time elapsed: 0.083 s -- in io.telicent.smart.cache.cli.options.TestLoggingOptions
[INFO] Running io.telicent.smart.cache.cli.options.TestDistributionLifecycleTrackerOptions
[INFO] Tests run: 3, Failures: 0, Errors: 0, Skipped: 0, Time elapsed: 0.039 s -- in io.telicent.smart.cache.cli.options.TestDistributionLifecycleTrackerOptions
[INFO] Running io.telicent.smart.cache.cli.options.TestCompactOptions
[INFO] Tests run: 2, Failures: 0, Errors: 0, Skipped: 0, Time elapsed: 0.053 s -- in io.telicent.smart.cache.cli.options.TestCompactOptions
[INFO] Running io.telicent.smart.cache.cli.options.TestLoggerCommand
Standard output for the next test will be captured to file /Users/paulgallagher/Code/smart-caches-core/cli/cli-core/target/stdout14451507181117719334.txt
Standard error for the next test will be captured to file /Users/paulgallagher/Code/smart-caches-core/cli/cli-core/target/stderr17375812393222127616.txt
[INFO] Tests run: 6, Failures: 0, Errors: 0, Skipped: 0, Time elapsed: 0.756 s -- in io.telicent.smart.cache.cli.options.TestOffsetStoreOptions
[INFO] Running io.telicent.smart.cache.cli.options.TestHealthProbeServerOptions
[INFO] Tests run: 2, Failures: 0, Errors: 0, Skipped: 0, Time elapsed: 0.051 s -- in io.telicent.smart.cache.cli.options.TestHealthProbeServerOptions
[INFO] Running io.telicent.smart.cache.cli.commands.options.TestFileSourceOptions
[INFO] Tests run: 5, Failures: 0, Errors: 0, Skipped: 0, Time elapsed: 0.131 s -- in io.telicent.smart.cache.cli.options.TestLoggerCommand
[INFO] Running io.telicent.smart.cache.cli.commands.options.TestKafkaOptions
Standard output for the next test will be captured to file /Users/paulgallagher/Code/smart-caches-core/cli/cli-core/target/stdout8703157441227989482.txt
Standard error for the next test will be captured to file /Users/paulgallagher/Code/smart-caches-core/cli/cli-core/target/stderr16029076176857182243.txt
Standard output for the next test will be captured to file /Users/paulgallagher/Code/smart-caches-core/cli/cli-core/target/stdout5840347964512621180.txt
Standard error for the next test will be captured to file /Users/paulgallagher/Code/smart-caches-core/cli/cli-core/target/stderr16805223243812037760.txt
[INFO] Tests run: 13, Failures: 0, Errors: 0, Skipped: 0, Time elapsed: 0.177 s -- in io.telicent.smart.cache.cli.commands.options.TestKafkaOptions
[INFO] Running io.telicent.smart.cache.cli.commands.restrictions.TestRequiredForSourceRestriction
[INFO] Tests run: 5, Failures: 0, Errors: 0, Skipped: 0, Time elapsed: 0.037 s -- in io.telicent.smart.cache.cli.commands.restrictions.TestRequiredForSourceRestriction
[INFO] Running io.telicent.smart.cache.cli.commands.restrictions.TestSourceRequiredRestriction
[INFO] Tests run: 13, Failures: 0, Errors: 0, Skipped: 0, Time elapsed: 0.099 s -- in io.telicent.smart.cache.cli.commands.restrictions.TestSourceRequiredRestriction
[INFO] Running io.telicent.smart.cache.cli.commands.TestHelpCommand
Standard output for the next test will be captured to file /Users/paulgallagher/Code/smart-caches-core/cli/cli-core/target/stdout15073591832970043505.txt
Standard error for the next test will be captured to file /Users/paulgallagher/Code/smart-caches-core/cli/cli-core/target/stderr9426579680025342818.txt
[INFO] Tests run: 10, Failures: 0, Errors: 0, Skipped: 0, Time elapsed: 0.154 s -- in io.telicent.smart.cache.cli.commands.TestHelpCommand
[INFO] Running io.telicent.smart.cache.cli.commands.TestSmartCacheCommand
Standard output for the next test will be captured to file /Users/paulgallagher/Code/smart-caches-core/cli/cli-core/target/stdout16791419546939232916.txt
Standard error for the next test will be captured to file /Users/paulgallagher/Code/smart-caches-core/cli/cli-core/target/stderr2519743648483156704.txt
[INFO] Tests run: 9, Failures: 0, Errors: 0, Skipped: 0, Time elapsed: 0.551 s -- in io.telicent.smart.cache.cli.commands.options.TestFileSourceOptions
[INFO] Running io.telicent.smart.cache.cli.commands.backup.DockerTestActionTracker
[INFO] Tests run: 1, Failures: 0, Errors: 0, Skipped: 0, Time elapsed: 0.506 s -- in io.telicent.smart.cache.cli.commands.TestSmartCacheCommand
[INFO] Running io.telicent.smart.cache.cli.commands.distributions.DockerTestDistributionLifecycleTracker
Standard output for the next test will be captured to file /Users/paulgallagher/Code/smart-caches-core/cli/cli-core/target/stdout14492568754957531056.txt
Standard error for the next test will be captured to file /Users/paulgallagher/Code/smart-caches-core/cli/cli-core/target/stderr1260844948049687195.txt
Standard output for the next test will be captured to file /Users/paulgallagher/Code/smart-caches-core/cli/cli-core/target/stdout2750207727125021696.txt
Standard error for the next test will be captured to file /Users/paulgallagher/Code/smart-caches-core/cli/cli-core/target/stderr4837332268910898151.txt
[INFO] Tests run: 3, Failures: 0, Errors: 0, Skipped: 0, Time elapsed: 54.96 s -- in io.telicent.smart.cache.cli.commands.distributions.DockerTestDistributionLifecycleTracker
[INFO] Running io.telicent.smart.cache.cli.commands.projection.DockerTestDeadLetterQueue
Standard output for the next test will be captured to file /Users/paulgallagher/Code/smart-caches-core/cli/cli-core/target/stdout2784901308527429857.txt
Standard error for the next test will be captured to file /Users/paulgallagher/Code/smart-caches-core/cli/cli-core/target/stderr3740427426521025987.txt
[INFO] Tests run: 2, Failures: 0, Errors: 0, Skipped: 0, Time elapsed: 66.61 s -- in io.telicent.smart.cache.cli.commands.backup.DockerTestActionTracker
[INFO] Running io.telicent.smart.cache.cli.commands.projection.DockerTestRdfProjection
Standard output for the next test will be captured to file /Users/paulgallagher/Code/smart-caches-core/cli/cli-core/target/stdout1464343124017454109.txt
Standard error for the next test will be captured to file /Users/paulgallagher/Code/smart-caches-core/cli/cli-core/target/stderr18119287972128767124.txt
[INFO] Tests run: 2, Failures: 0, Errors: 0, Skipped: 0, Time elapsed: 16.59 s -- in io.telicent.smart.cache.cli.commands.projection.DockerTestRdfProjection
[INFO] Running io.telicent.smart.cache.cli.commands.projection.DockerTestDeadLetterQueueSecureKafka
Standard output for the next test will be captured to file /Users/paulgallagher/Code/smart-caches-core/cli/cli-core/target/stdout17642125404490801043.txt
Standard error for the next test will be captured to file /Users/paulgallagher/Code/smart-caches-core/cli/cli-core/target/stderr1083209284825195783.txt
[INFO] Tests run: 6, Failures: 0, Errors: 0, Skipped: 0, Time elapsed: 48.23 s -- in io.telicent.smart.cache.cli.commands.projection.DockerTestDeadLetterQueue
[INFO] Tests run: 6, Failures: 0, Errors: 0, Skipped: 0, Time elapsed: 49.18 s -- in io.telicent.smart.cache.cli.commands.projection.DockerTestDeadLetterQueueSecureKafka
[INFO] 
[INFO] Results:
[INFO] 
[INFO] Tests run: 102, Failures: 0, Errors: 0, Skipped: 0
[INFO] 
[INFO] 
[INFO] --- jar:3.5.1:jar (default-jar) @ cli-core ---
[INFO] Building jar: /Users/paulgallagher/Code/smart-caches-core/cli/cli-core/target/cli-core-1.3.3-SNAPSHOT.jar
[INFO] 
[INFO] --- jar:3.5.1:test-jar (create-test-jar) @ cli-core ---
[INFO] Building jar: /Users/paulgallagher/Code/smart-caches-core/cli/cli-core/target/cli-core-1.3.3-SNAPSHOT-tests.jar
[INFO] 
[INFO] >>> source:3.4.0:jar (attach-sources) > generate-sources @ cli-core >>>
[INFO] 
[INFO] --- enforcer:3.6.3:enforce (enforce-versions) @ cli-core ---
[INFO] 
[INFO] --- license:5.1.2:check (check-licenses) @ cli-core ---
[INFO] Checking licenses...
[INFO] License check: 61 file(s) checked (OK: 61, Missing: 0, Unknown: 0)
[INFO] 
[INFO] --- dependency:3.11.0:properties (properties) @ cli-core ---
[INFO] 
[INFO] --- lombok:1.18.20.0:delombok (default) @ cli-core ---
[INFO] Delombok complete.
[INFO] 
[INFO] <<< source:3.4.0:jar (attach-sources) < generate-sources @ cli-core <<<
[INFO] 
[INFO] 
[INFO] --- source:3.4.0:jar (attach-sources) @ cli-core ---
[INFO] Building jar: /Users/paulgallagher/Code/smart-caches-core/cli/cli-core/target/cli-core-1.3.3-SNAPSHOT-sources.jar
[INFO] 
[INFO] >>> source:3.4.0:test-jar (attach-test-sources) > generate-sources @ cli-core >>>
[INFO] 
[INFO] --- enforcer:3.6.3:enforce (enforce-versions) @ cli-core ---
[INFO] 
[INFO] --- license:5.1.2:check (check-licenses) @ cli-core ---
[INFO] Checking licenses...
[INFO] License check: 61 file(s) checked (OK: 61, Missing: 0, Unknown: 0)
[INFO] 
[INFO] --- dependency:3.11.0:properties (properties) @ cli-core ---
[INFO] 
[INFO] --- lombok:1.18.20.0:delombok (default) @ cli-core ---
[INFO] Delombok complete.
[INFO] 
[INFO] <<< source:3.4.0:test-jar (attach-test-sources) < generate-sources @ cli-core <<<
[INFO] 
[INFO] 
[INFO] --- source:3.4.0:test-jar (attach-test-sources) @ cli-core ---
[INFO] Building jar: /Users/paulgallagher/Code/smart-caches-core/cli/cli-core/target/cli-core-1.3.3-SNAPSHOT-test-sources.jar
[INFO] 
[INFO] --- javadoc:3.12.0:jar (default) @ cli-core ---
[INFO] Building jar: /Users/paulgallagher/Code/smart-caches-core/cli/cli-core/target/cli-core-1.3.3-SNAPSHOT-javadoc.jar
[INFO] 
[INFO] --- cyclonedx:2.9.3:makeAggregateBom (build-sbom-cyclonedx) @ cli-core ---
[INFO] CycloneDX: Resolving Dependencies
[INFO] CycloneDX: Creating BOM version 1.6 with 164 component(s)
[INFO] CycloneDX: Writing and validating BOM (JSON): /Users/paulgallagher/Code/smart-caches-core/cli/cli-core/target/cli-core-1.3.3-SNAPSHOT-bom.json
[INFO]            attaching as cli-core-1.3.3-SNAPSHOT-cyclonedx.json
[INFO] 
[INFO] --- dependency:3.11.0:copy-dependencies (copy-dependencies) @ cli-core ---
[INFO] 
[INFO] --- dependency:3.11.0:copy-dependencies (copy-agents) @ cli-core ---
[INFO] 
[INFO] --- gpg:3.2.8:sign (default) @ cli-core ---
[INFO] Signer 'gpg' is signing 7 files with key default
[INFO] 
[INFO] --- jacoco:0.8.15:report (report) @ cli-core ---
[INFO] Loading execution data file /Users/paulgallagher/Code/smart-caches-core/cli/cli-core/target/jacoco.exec
[INFO] Analyzed bundle 'Telicent Smart Caches - CLI - Core API' with 21 classes
[INFO] 
[INFO] --- jacoco:0.8.15:check (require-test-coverage) @ cli-core ---
[INFO] Loading execution data file /Users/paulgallagher/Code/smart-caches-core/cli/cli-core/target/jacoco.exec
[INFO] Analyzed bundle 'cli-core' with 21 classes
[INFO] All coverage checks have been met.
[INFO] 
[INFO] --- dependency:3.11.0:analyze-only (analyze) @ cli-core ---
[WARNING] Used undeclared dependencies found:
[WARNING]    org.apache.jena:jena-base:jar:6.2.0:compile
[WARNING] Unused declared dependencies found:
[WARNING]    at.yawk.lz4:lz4-java:jar:1.11.2:compile
[WARNING]    org.awaitility:awaitility:jar:4.3.0:test
[WARNING] Non-test scoped test only dependencies found:
[WARNING]    org.apache.jena:jena-base:jar:6.2.0:compile
[INFO] 
[INFO] --- install:3.1.2:install (default-install) @ cli-core ---
[INFO] Installing /Users/paulgallagher/Code/smart-caches-core/cli/cli-core/pom.xml to /Users/paulgallagher/.m2/repository/io/telicent/smart-caches/cli-core/1.3.3-SNAPSHOT/cli-core-1.3.3-SNAPSHOT.pom
[INFO] Installing /Users/paulgallagher/Code/smart-caches-core/cli/cli-core/target/cli-core-1.3.3-SNAPSHOT.jar to /Users/paulgallagher/.m2/repository/io/telicent/smart-caches/cli-core/1.3.3-SNAPSHOT/cli-core-1.3.3-SNAPSHOT.jar
[INFO] Installing /Users/paulgallagher/Code/smart-caches-core/cli/cli-core/target/cli-core-1.3.3-SNAPSHOT-tests.jar to /Users/paulgallagher/.m2/repository/io/telicent/smart-caches/cli-core/1.3.3-SNAPSHOT/cli-core-1.3.3-SNAPSHOT-tests.jar
[INFO] Installing /Users/paulgallagher/Code/smart-caches-core/cli/cli-core/target/cli-core-1.3.3-SNAPSHOT-sources.jar to /Users/paulgallagher/.m2/repository/io/telicent/smart-caches/cli-core/1.3.3-SNAPSHOT/cli-core-1.3.3-SNAPSHOT-sources.jar
[INFO] Installing /Users/paulgallagher/Code/smart-caches-core/cli/cli-core/target/cli-core-1.3.3-SNAPSHOT-test-sources.jar to /Users/paulgallagher/.m2/repository/io/telicent/smart-caches/cli-core/1.3.3-SNAPSHOT/cli-core-1.3.3-SNAPSHOT-test-sources.jar
[INFO] Installing /Users/paulgallagher/Code/smart-caches-core/cli/cli-core/target/cli-core-1.3.3-SNAPSHOT-javadoc.jar to /Users/paulgallagher/.m2/repository/io/telicent/smart-caches/cli-core/1.3.3-SNAPSHOT/cli-core-1.3.3-SNAPSHOT-javadoc.jar
[INFO] Installing /Users/paulgallagher/Code/smart-caches-core/cli/cli-core/target/cli-core-1.3.3-SNAPSHOT-bom.json to /Users/paulgallagher/.m2/repository/io/telicent/smart-caches/cli-core/1.3.3-SNAPSHOT/cli-core-1.3.3-SNAPSHOT-cyclonedx.json
[INFO] Installing /Users/paulgallagher/Code/smart-caches-core/cli/cli-core/target/cli-core-1.3.3-SNAPSHOT.jar.asc to /Users/paulgallagher/.m2/repository/io/telicent/smart-caches/cli-core/1.3.3-SNAPSHOT/cli-core-1.3.3-SNAPSHOT.jar.asc
[INFO] Installing /Users/paulgallagher/Code/smart-caches-core/cli/cli-core/target/cli-core-1.3.3-SNAPSHOT.pom.asc to /Users/paulgallagher/.m2/repository/io/telicent/smart-caches/cli-core/1.3.3-SNAPSHOT/cli-core-1.3.3-SNAPSHOT.pom.asc
[INFO] Installing /Users/paulgallagher/Code/smart-caches-core/cli/cli-core/target/cli-core-1.3.3-SNAPSHOT-tests.jar.asc to /Users/paulgallagher/.m2/repository/io/telicent/smart-caches/cli-core/1.3.3-SNAPSHOT/cli-core-1.3.3-SNAPSHOT-tests.jar.asc
[INFO] Installing /Users/paulgallagher/Code/smart-caches-core/cli/cli-core/target/cli-core-1.3.3-SNAPSHOT-sources.jar.asc to /Users/paulgallagher/.m2/repository/io/telicent/smart-caches/cli-core/1.3.3-SNAPSHOT/cli-core-1.3.3-SNAPSHOT-sources.jar.asc
[INFO] Installing /Users/paulgallagher/Code/smart-caches-core/cli/cli-core/target/cli-core-1.3.3-SNAPSHOT-test-sources.jar.asc to /Users/paulgallagher/.m2/repository/io/telicent/smart-caches/cli-core/1.3.3-SNAPSHOT/cli-core-1.3.3-SNAPSHOT-test-sources.jar.asc
[INFO] Installing /Users/paulgallagher/Code/smart-caches-core/cli/cli-core/target/cli-core-1.3.3-SNAPSHOT-javadoc.jar.asc to /Users/paulgallagher/.m2/repository/io/telicent/smart-caches/cli-core/1.3.3-SNAPSHOT/cli-core-1.3.3-SNAPSHOT-javadoc.jar.asc
[INFO] Installing /Users/paulgallagher/Code/smart-caches-core/cli/cli-core/target/cli-core-1.3.3-SNAPSHOT-bom.json.asc to /Users/paulgallagher/.m2/repository/io/telicent/smart-caches/cli-core/1.3.3-SNAPSHOT/cli-core-1.3.3-SNAPSHOT-cyclonedx.json.asc
[INFO] 
[INFO] -----------------< io.telicent.smart-caches:cli-debug >-----------------
[INFO] Building Telicent Smart Caches - CLI - Debug Tools 1.3.3-SNAPSHOT [19/22]
[INFO]   from cli/cli-debug/pom.xml
[INFO] --------------------------------[ jar ]---------------------------------
[INFO] 
[INFO] --- clean:3.5.0:clean (default-clean) @ cli-debug ---
[INFO] Deleting /Users/paulgallagher/Code/smart-caches-core/cli/cli-debug/target
[INFO] Deleting /Users/paulgallagher/Code/smart-caches-core/cli/cli-debug/lib
[INFO] Deleting /Users/paulgallagher/Code/smart-caches-core/cli/cli-debug/agents
[INFO] 
[INFO] --- enforcer:3.6.3:enforce (enforce-versions) @ cli-debug ---
[INFO] 
[INFO] --- license:5.1.2:check (check-licenses) @ cli-debug ---
[INFO] Checking licenses...
[INFO] License check: 24 file(s) checked (OK: 24, Missing: 0, Unknown: 0)
[INFO] 
[INFO] --- lombok:1.18.20.0:delombok (default) @ cli-debug ---
[INFO] Delombok complete.
[INFO] 
[INFO] --- buildnumber:3.3.0:create-metadata (default) @ cli-debug ---
[INFO] 
[INFO] --- resources:3.3.1:resources (default-resources) @ cli-debug ---
[INFO] Copying 1 resource from src/main/resources to target/classes
[INFO] Copying 1 resource from target/generated/build-metadata to target/classes
[INFO] 
[INFO] --- compiler:3.15.0:compile (default-compile) @ cli-debug ---
[INFO] Recompiling the module because of changed dependency.
[INFO] Compiling 5 source files with javac [debug release 21] to target/classes
[INFO] 
[INFO] --- dependency:3.11.0:unpack-dependencies (unpack-certs-helper) @ cli-debug ---
[INFO] 
[INFO] --- resources:3.3.1:testResources (default-testResources) @ cli-debug ---
[INFO] Copying 2 resources from src/test/resources to target/test-classes
[INFO] 
[INFO] --- exec:3.6.3:exec (generate-test-ssl-certs) @ cli-debug ---
Creating /Users/paulgallagher/Code/smart-caches-core/cli/cli-debug/test-certs/broker-keystore for Kafka Broker...
keytool -keystore /Users/paulgallagher/Code/smart-caches-core/cli/cli-debug/test-certs/broker-keystore -alias localhost -validity 30 -genkey -keyalg RSA -storetype pkcs12 -dname cn=Kafka Broker, ou=Engineering, o=Telicent Ltd, c=UK -storepass squirrel
Generating 3,072 bit RSA key pair and self-signed certificate (SHA384withRSA) with a validity of 30 days
	for: CN=Kafka Broker, OU=Engineering, O=Telicent Ltd, C=UK
keytool -certreq -alias localhost -keyalg RSA -file /Users/paulgallagher/Code/smart-caches-core/cli/cli-debug/test-certs/broker-keystore.csr -keystore /Users/paulgallagher/Code/smart-caches-core/cli/cli-debug/test-certs/broker-keystore -storepass squirrel
Creating /Users/paulgallagher/Code/smart-caches-core/cli/cli-debug/test-certs/client-keystore for Kafka Client...
keytool -keystore /Users/paulgallagher/Code/smart-caches-core/cli/cli-debug/test-certs/client-keystore -alias localhost -validity 30 -genkey -keyalg RSA -storetype pkcs12 -dname cn=Kafka Client, ou=Engineering, o=Telicent Ltd, c=UK -storepass squirrel
Generating 3,072 bit RSA key pair and self-signed certificate (SHA384withRSA) with a validity of 30 days
	for: CN=Kafka Client, OU=Engineering, O=Telicent Ltd, C=UK
keytool -certreq -alias localhost -keyalg RSA -file /Users/paulgallagher/Code/smart-caches-core/cli/cli-debug/test-certs/client-keystore.csr -keystore /Users/paulgallagher/Code/smart-caches-core/cli/cli-debug/test-certs/client-keystore -storepass squirrel
~/Code/smart-caches-core/cli/cli-debug/test-certs ~/Code/smart-caches-core/cli/cli-debug
openssl req -x509 -config /Users/paulgallagher/Code/smart-caches-core/cli/cli-debug/test-certs/openssl-ca.cnf -newkey rsa:4096 -sha256 -nodes -batch -out /Users/paulgallagher/Code/smart-caches-core/cli/cli-debug/test-certs/cacert.pem -outform PEM -subj /CN=Platform Team/OU=Engineering/O=Telicent Ltd/C=UK
....+..................+..+...+.......+.....+...+.+.....+.+...+.....+...+...+.......+.....+............+...+....+..............+.+...+...........+....+..+.........+.+........+...+++++++++++++++++++++++++++++++++++++++++++++*.+...+...+.....+.........+.+............+..+.+...+...........+....+..+...+.......+..+...+....+...+...........+.+.....+...+......+............+....+..............+++++++++++++++++++++++++++++++++++++++++++++*.+...................+.....+.......+......+..+.+......+.....+..........+.....+....+..............+...+...+.+......+..............+.+.................+.+..+.......+...........................+.....+.+.....+.......+.................+.+...+..+............+.+....................+............+...+....+..+..................+...+..........+.........+.....+......+++++
..+.......+..+.......+........+...+....+.....+......+.........+......+.......+.....+.+......+.....+....+.....+.+.........+..+.........+.+...+......+.....+...+..................+...+....+........+.............+..+.........+...+.+............+...+..+............+......+.......+..+.+.....+.+.....+.........+......+....+...........+....+..+.......+..+...+++++++++++++++++++++++++++++++++++++++++++++*...+...+...........+....+...........+....+++++++++++++++++++++++++++++++++++++++++++++*............+++++
-----
Importing CA Root Certificate into /Users/paulgallagher/Code/smart-caches-core/cli/cli-debug/test-certs/broker-truststore...
keytool -keystore /Users/paulgallagher/Code/smart-caches-core/cli/cli-debug/test-certs/broker-truststore -alias CARoot -import -file /Users/paulgallagher/Code/smart-caches-core/cli/cli-debug/test-certs/cacert.pem -noprompt -storepass squirrel
Certificate was added to keystore
Importing CA Root Certificate into /Users/paulgallagher/Code/smart-caches-core/cli/cli-debug/test-certs/client-truststore...
keytool -keystore /Users/paulgallagher/Code/smart-caches-core/cli/cli-debug/test-certs/client-truststore -alias CARoot -import -file /Users/paulgallagher/Code/smart-caches-core/cli/cli-debug/test-certs/cacert.pem -noprompt -storepass squirrel
Certificate was added to keystore
Signing /Users/paulgallagher/Code/smart-caches-core/cli/cli-debug/test-certs/broker-keystore Certificate with CA Root Certificate...
openssl ca -config /Users/paulgallagher/Code/smart-caches-core/cli/cli-debug/test-certs/openssl-ca.cnf -policy signing_policy -extensions signing_req -out /Users/paulgallagher/Code/smart-caches-core/cli/cli-debug/test-certs/broker-keystore.crt -days 30 -batch -infiles /Users/paulgallagher/Code/smart-caches-core/cli/cli-debug/test-certs/broker-keystore.csr
Using configuration from /Users/paulgallagher/Code/smart-caches-core/cli/cli-debug/test-certs/openssl-ca.cnf
Check that the request matches the signature
Signature ok
The Subject's Distinguished Name is as follows
countryName           :PRINTABLE:'UK'
organizationName      :PRINTABLE:'Telicent Ltd'
organizationalUnitName:PRINTABLE:'Engineering'
commonName            :PRINTABLE:'Kafka Broker'
Certificate is to be certified until Oct  8 08:39:43 2026 GMT (30 days)

Write out database with 1 new entries
Database updated
Importing CA Root Certificate and Signed /Users/paulgallagher/Code/smart-caches-core/cli/cli-debug/test-certs/broker-keystore Certificate...
keytool -keystore /Users/paulgallagher/Code/smart-caches-core/cli/cli-debug/test-certs/broker-keystore -alias CARoot -import -file /Users/paulgallagher/Code/smart-caches-core/cli/cli-debug/test-certs/cacert.pem -noprompt -storepass squirrel
Certificate was added to keystore
keytool -keystore /Users/paulgallagher/Code/smart-caches-core/cli/cli-debug/test-certs/broker-keystore -alias localhost -import -file /Users/paulgallagher/Code/smart-caches-core/cli/cli-debug/test-certs/broker-keystore.crt -noprompt -storepass squirrel
Certificate reply was installed in keystore
Signing /Users/paulgallagher/Code/smart-caches-core/cli/cli-debug/test-certs/client-keystore Certificate with CA Root Certificate...
openssl ca -config /Users/paulgallagher/Code/smart-caches-core/cli/cli-debug/test-certs/openssl-ca.cnf -policy signing_policy -extensions signing_req -out /Users/paulgallagher/Code/smart-caches-core/cli/cli-debug/test-certs/client-keystore.crt -days 30 -batch -infiles /Users/paulgallagher/Code/smart-caches-core/cli/cli-debug/test-certs/client-keystore.csr
Using configuration from /Users/paulgallagher/Code/smart-caches-core/cli/cli-debug/test-certs/openssl-ca.cnf
Check that the request matches the signature
Signature ok
The Subject's Distinguished Name is as follows
countryName           :PRINTABLE:'UK'
organizationName      :PRINTABLE:'Telicent Ltd'
organizationalUnitName:PRINTABLE:'Engineering'
commonName            :PRINTABLE:'Kafka Client'
Certificate is to be certified until Oct  8 08:39:44 2026 GMT (30 days)

Write out database with 1 new entries
Database updated
Importing CA Root Certificate and Signed /Users/paulgallagher/Code/smart-caches-core/cli/cli-debug/test-certs/client-keystore Certificate...
keytool -keystore /Users/paulgallagher/Code/smart-caches-core/cli/cli-debug/test-certs/client-keystore -alias CARoot -import -file /Users/paulgallagher/Code/smart-caches-core/cli/cli-debug/test-certs/cacert.pem -noprompt -storepass squirrel
Certificate was added to keystore
keytool -keystore /Users/paulgallagher/Code/smart-caches-core/cli/cli-debug/test-certs/client-keystore -alias localhost -import -file /Users/paulgallagher/Code/smart-caches-core/cli/cli-debug/test-certs/client-keystore.crt -noprompt -storepass squirrel
Certificate reply was installed in keystore
Temporary CA Root, SSL Certificates, Key and Trust Stores generated!

Broker Trust Store is /Users/paulgallagher/Code/smart-caches-core/cli/cli-debug/test-certs/broker-truststore
Broker Key Store is /Users/paulgallagher/Code/smart-caches-core/cli/cli-debug/test-certs/broker-keystore
Client Trust Store is /Users/paulgallagher/Code/smart-caches-core/cli/cli-debug/test-certs/client-truststore
Client Key Store is /Users/paulgallagher/Code/smart-caches-core/cli/cli-debug/test-certs/client-keystore
Password used to access Trust and Key Stores is found in /Users/paulgallagher/Code/smart-caches-core/cli/cli-debug/test-certs/credentials
Kafka Client Properties file is /Users/paulgallagher/Code/smart-caches-core/cli/cli-debug/test-certs/client.properties

[INFO] 
[INFO] --- compiler:3.15.0:testCompile (default-testCompile) @ cli-debug ---
[INFO] Recompiling the module because of changed dependency.
[INFO] Compiling 15 source files with javac [debug release 21] to target/test-classes
[INFO] 
[INFO] --- jacoco:0.8.15:prepare-agent (prepare-agent) @ cli-debug ---
[INFO] argLine set to -javaagent:/Users/paulgallagher/.m2/repository/org/jacoco/org.jacoco.agent/0.8.15/org.jacoco.agent-0.8.15-runtime.jar=destfile=/Users/paulgallagher/Code/smart-caches-core/cli/cli-debug/target/jacoco.exec,append=true
[INFO] 
[INFO] --- surefire:3.5.6:test (default-test) @ cli-debug ---
[INFO] Using auto detected provider org.apache.maven.surefire.testng.TestNGProvider
[INFO] 
[INFO] -------------------------------------------------------
[INFO]  T E S T S
[INFO] -------------------------------------------------------
[INFO] Running io.telicent.smart.cache.cli.commands.debug.DockerTestDebugRdfDumpCommand
[INFO] Running io.telicent.smart.cache.cli.commands.debug.DockerTestDebugCliHealthProbes
Standard output for the next test will be captured to file /Users/paulgallagher/Code/smart-caches-core/cli/cli-debug/target/stdout444710431355562651.txt
Standard error for the next test will be captured to file /Users/paulgallagher/Code/smart-caches-core/cli/cli-debug/target/stderr16774268258324292665.txt
Standard output for the next test will be captured to file /Users/paulgallagher/Code/smart-caches-core/cli/cli-debug/target/stdout11318998606467302801.txt
Standard error for the next test will be captured to file /Users/paulgallagher/Code/smart-caches-core/cli/cli-debug/target/stderr3840084486552026147.txt
[INFO] Tests run: 1, Failures: 0, Errors: 0, Skipped: 0, Time elapsed: 10.33 s -- in io.telicent.smart.cache.cli.commands.debug.DockerTestDebugCliHealthProbes
[INFO] Running io.telicent.smart.cache.cli.commands.debug.DockerTestDebugCliMutualTlsKafka
Standard output for the next test will be captured to file /Users/paulgallagher/Code/smart-caches-core/cli/cli-debug/target/stdout12353633956044093626.txt
Standard error for the next test will be captured to file /Users/paulgallagher/Code/smart-caches-core/cli/cli-debug/target/stderr3966600882566739962.txt
[INFO] Tests run: 4, Failures: 0, Errors: 0, Skipped: 0, Time elapsed: 24.34 s -- in io.telicent.smart.cache.cli.commands.debug.DockerTestDebugRdfDumpCommand
[INFO] Running io.telicent.smart.cache.cli.commands.debug.DockerTestDebugCliCaptureCommand
Standard output for the next test will be captured to file /Users/paulgallagher/Code/smart-caches-core/cli/cli-debug/target/stdout2544805173306147154.txt
Standard error for the next test will be captured to file /Users/paulgallagher/Code/smart-caches-core/cli/cli-debug/target/stderr10710820161830593824.txt
[INFO] Tests run: 3, Failures: 0, Errors: 0, Skipped: 0, Time elapsed: 30.38 s -- in io.telicent.smart.cache.cli.commands.debug.DockerTestDebugCliMutualTlsKafka
[INFO] Running io.telicent.smart.cache.cli.commands.debug.DockerTestDebugCliReplayCommand
Standard output for the next test will be captured to file /Users/paulgallagher/Code/smart-caches-core/cli/cli-debug/target/stdout4754612192057858593.txt
Standard error for the next test will be captured to file /Users/paulgallagher/Code/smart-caches-core/cli/cli-debug/target/stderr12436665023495141944.txt
[INFO] Tests run: 2, Failures: 0, Errors: 0, Skipped: 0, Time elapsed: 7.135 s -- in io.telicent.smart.cache.cli.commands.debug.DockerTestDebugCliReplayCommand
[INFO] Running io.telicent.smart.cache.cli.commands.debug.TestDebugCli
Standard output for the next test will be captured to file /Users/paulgallagher/Code/smart-caches-core/cli/cli-debug/target/stdout13024105422835073946.txt
Standard error for the next test will be captured to file /Users/paulgallagher/Code/smart-caches-core/cli/cli-debug/target/stderr12344732457721144054.txt
[INFO] Tests run: 4, Failures: 0, Errors: 0, Skipped: 0, Time elapsed: 30.12 s -- in io.telicent.smart.cache.cli.commands.debug.DockerTestDebugCliCaptureCommand
[INFO] Running io.telicent.smart.cache.cli.commands.debug.DockerTestDebugCliDumpCommand
Standard output for the next test will be captured to file /Users/paulgallagher/Code/smart-caches-core/cli/cli-debug/target/stdout9372660267972590539.txt
Standard error for the next test will be captured to file /Users/paulgallagher/Code/smart-caches-core/cli/cli-debug/target/stderr2518582366649102996.txt
[INFO] Tests run: 5, Failures: 0, Errors: 0, Skipped: 0, Time elapsed: 11.40 s -- in io.telicent.smart.cache.cli.commands.debug.DockerTestDebugCliDumpCommand
[INFO] Running io.telicent.smart.cache.cli.commands.debug.DockerTestDebugCliSecureKafka
[INFO] Tests run: 13, Failures: 0, Errors: 0, Skipped: 0, Time elapsed: 18.82 s -- in io.telicent.smart.cache.cli.commands.debug.TestDebugCli
[INFO] Running io.telicent.smart.cache.cli.commands.debug.TestLogUtil
[INFO] Tests run: 0, Failures: 0, Errors: 0, Skipped: 0, Time elapsed: 0.079 s -- in io.telicent.smart.cache.cli.commands.debug.TestLogUtil
Standard output for the next test will be captured to file /Users/paulgallagher/Code/smart-caches-core/cli/cli-debug/target/stdout4189755568116397278.txt
Standard error for the next test will be captured to file /Users/paulgallagher/Code/smart-caches-core/cli/cli-debug/target/stderr10366322636244973940.txt
[INFO] Tests run: 5, Failures: 0, Errors: 0, Skipped: 0, Time elapsed: 21.82 s -- in io.telicent.smart.cache.cli.commands.debug.DockerTestDebugCliSecureKafka
[INFO] 
[INFO] Results:
[INFO] 
[INFO] Tests run: 37, Failures: 0, Errors: 0, Skipped: 0
[INFO] 
[INFO] 
[INFO] --- jar:3.5.1:jar (default-jar) @ cli-debug ---
[INFO] Building jar: /Users/paulgallagher/Code/smart-caches-core/cli/cli-debug/target/cli-debug-1.3.3-SNAPSHOT.jar
[INFO] 
[INFO] --- jar:3.5.1:test-jar (create-test-jar) @ cli-debug ---
[INFO] Skipping packaging of the test-jar
[INFO] 
[INFO] >>> source:3.4.0:jar (attach-sources) > generate-sources @ cli-debug >>>
[INFO] 
[INFO] --- enforcer:3.6.3:enforce (enforce-versions) @ cli-debug ---
[INFO] 
[INFO] --- license:5.1.2:check (check-licenses) @ cli-debug ---
[INFO] Checking licenses...
[INFO] License check: 24 file(s) checked (OK: 24, Missing: 0, Unknown: 0)
[INFO] 
[INFO] --- lombok:1.18.20.0:delombok (default) @ cli-debug ---
[INFO] Delombok complete.
[INFO] 
[INFO] <<< source:3.4.0:jar (attach-sources) < generate-sources @ cli-debug <<<
[INFO] 
[INFO] 
[INFO] --- source:3.4.0:jar (attach-sources) @ cli-debug ---
[INFO] Building jar: /Users/paulgallagher/Code/smart-caches-core/cli/cli-debug/target/cli-debug-1.3.3-SNAPSHOT-sources.jar
[INFO] 
[INFO] >>> source:3.4.0:test-jar (attach-test-sources) > generate-sources @ cli-debug >>>
[INFO] 
[INFO] --- enforcer:3.6.3:enforce (enforce-versions) @ cli-debug ---
[INFO] 
[INFO] --- license:5.1.2:check (check-licenses) @ cli-debug ---
[INFO] Checking licenses...
[INFO] License check: 24 file(s) checked (OK: 24, Missing: 0, Unknown: 0)
[INFO] 
[INFO] --- lombok:1.18.20.0:delombok (default) @ cli-debug ---
[INFO] Delombok complete.
[INFO] 
[INFO] <<< source:3.4.0:test-jar (attach-test-sources) < generate-sources @ cli-debug <<<
[INFO] 
[INFO] 
[INFO] --- source:3.4.0:test-jar (attach-test-sources) @ cli-debug ---
[INFO] Skipping source per configuration.
[INFO] 
[INFO] --- javadoc:3.12.0:jar (default) @ cli-debug ---
[INFO] Building jar: /Users/paulgallagher/Code/smart-caches-core/cli/cli-debug/target/cli-debug-1.3.3-SNAPSHOT-javadoc.jar
[INFO] 
[INFO] --- cyclonedx:2.9.3:makeAggregateBom (build-sbom-cyclonedx) @ cli-debug ---
[INFO] CycloneDX: Resolving Dependencies
[INFO] CycloneDX: Creating BOM version 1.6 with 166 component(s)
[INFO] CycloneDX: Writing and validating BOM (JSON): /Users/paulgallagher/Code/smart-caches-core/cli/cli-debug/target/cli-debug-1.3.3-SNAPSHOT-bom.json
[INFO]            attaching as cli-debug-1.3.3-SNAPSHOT-cyclonedx.json
[INFO] 
[INFO] --- dependency:3.11.0:copy-dependencies (copy-dependencies) @ cli-debug ---
[INFO] 
[INFO] --- dependency:3.11.0:copy-dependencies (copy-agents) @ cli-debug ---
[INFO] 
[INFO] --- failsafe:3.5.6:integration-test (default) @ cli-debug ---
[INFO] Using auto detected provider org.apache.maven.surefire.testng.TestNGProvider
[INFO] 
[INFO] -------------------------------------------------------
[INFO]  T E S T S
[INFO] -------------------------------------------------------
[INFO] Running TestSuite
Standard output for the next test will be captured to file /Users/paulgallagher/Code/smart-caches-core/cli/cli-debug/target/stdout11851606271751325674.txt
Standard error for the next test will be captured to file /Users/paulgallagher/Code/smart-caches-core/cli/cli-debug/target/stderr16679311456494522938.txt
[2026-09-08T08:41:27.231853Z] Starting external command /Users/paulgallagher/Code/smart-caches-core/cli/cli-debug/debug.sh with arguments:
  replay
  --source-dir
  /var/folders/4x/fvz0147s3vdgb92qdb3znfdr0000gq/T/dump-events-input3544168122146758069
  --max-stalls
  1
  --poll-timeout
  3
  --bootstrap-servers
  localhost:58922
  --topic
  tests
  --kafka-properties
  /var/folders/4x/fvz0147s3vdgb92qdb3znfdr0000gq/T/kafka7620518097871414189.properties
with environment variables:
  PROJECT_VERSION=1.3.3-SNAPSHOT
[2026-09-08T08:41:27.243534Z] Waiting for external command to complete...
[2026-09-08T08:41:49.724745Z] External command completed with status 0
[2026-09-08T08:41:49.751033Z] Starting external command /Users/paulgallagher/Code/smart-caches-core/cli/cli-debug/debug.sh with arguments:
  rdf-dump
  --bootstrap-server
  localhost:58922
  --topic
  tests
  --kafka-properties
  /var/folders/4x/fvz0147s3vdgb92qdb3znfdr0000gq/T/kafka7620518097871414189.properties
  --max-stalls
  1
  --poll-timeout
  5
  --read-policy
  BEGINNING
with environment variables:
  PROJECT_VERSION=1.3.3-SNAPSHOT
[2026-09-08T08:41:49.761932Z] Waiting for external command to complete...
[2026-09-08T08:42:09.399832Z] External command completed with status 0
[2026-09-08T08:42:09.697664Z] Starting external command /Users/paulgallagher/Code/smart-caches-core/cli/cli-debug/debug.sh with arguments:
  rdf-dump
  --max-stalls
  1
  --poll-timeout
  5
  --read-policy
  BEGINNING
  --capture-dir
  /var/folders/4x/fvz0147s3vdgb92qdb3znfdr0000gq/T/capture-target329452453731825308
with environment variables:
  KAFKA_PROPERTIES_FILE=/var/folders/4x/fvz0147s3vdgb92qdb3znfdr0000gq/T/kafka7620518097871414189.properties
  PROJECT_VERSION=1.3.3-SNAPSHOT
  BOOTSTRAP_SERVERS=localhost:58922
  TOPIC=tests
[2026-09-08T08:42:09.706341Z] Waiting for external command to complete...
[2026-09-08T08:42:29.039570Z] External command completed with status 0
[2026-09-08T08:42:29.147182Z] Starting external command /Users/paulgallagher/Code/smart-caches-core/cli/cli-debug/debug.sh with arguments:
  dump
  --source-dir
  /var/folders/4x/fvz0147s3vdgb92qdb3znfdr0000gq/T/capture-target329452453731825308
  --max-stalls
  1
  --poll-timeout
  3
  --read-policy
  BEGINNING
with environment variables:
  PROJECT_VERSION=1.3.3-SNAPSHOT
[2026-09-08T08:42:29.164587Z] Waiting for external command to complete...
[2026-09-08T08:42:47.889498Z] External command completed with status 0
[2026-09-08T08:42:48.047947Z] Starting external command /Users/paulgallagher/Code/smart-caches-core/cli/cli-debug/debug.sh with arguments:
  rdf-dump
  --bootstrap-servers
  localhost:58922
  --topic
  tests
  --kafka-properties
  /var/folders/4x/fvz0147s3vdgb92qdb3znfdr0000gq/T/kafka7620518097871414189.properties
  --max-stalls
  1
  --poll-timeout
  5
  --read-policy
  BEGINNING
  --capture-dir
  /var/folders/4x/fvz0147s3vdgb92qdb3znfdr0000gq/T/capture-target9100434535895428061
with environment variables:
  PROJECT_VERSION=1.3.3-SNAPSHOT
[2026-09-08T08:42:48.057622Z] Waiting for external command to complete...
[2026-09-08T08:43:07.649363Z] External command completed with status 0
[2026-09-08T08:43:07.741022Z] Starting external command /Users/paulgallagher/Code/smart-caches-core/cli/cli-debug/debug.sh with arguments:
  dump
  --source-dir
  /var/folders/4x/fvz0147s3vdgb92qdb3znfdr0000gq/T/capture-target9100434535895428061
  --max-stalls
  1
  --poll-timeout
  3
  --read-policy
  BEGINNING
with environment variables:
  PROJECT_VERSION=1.3.3-SNAPSHOT
[2026-09-08T08:43:07.752573Z] Waiting for external command to complete...
[2026-09-08T08:43:25.814115Z] External command completed with status 0
Standard output for the next test will be captured to file /Users/paulgallagher/Code/smart-caches-core/cli/cli-debug/target/stdout3245915880751375506.txt
Standard error for the next test will be captured to file /Users/paulgallagher/Code/smart-caches-core/cli/cli-debug/target/stderr1439153398689378970.txt
[2026-09-08T08:43:30.745651Z] Starting external command /Users/paulgallagher/Code/smart-caches-core/cli/cli-debug/debug.sh with arguments:
  replay
  --source-dir
  /var/folders/4x/fvz0147s3vdgb92qdb3znfdr0000gq/T/dump-events-input16492668367582515591
  --max-stalls
  1
  --poll-timeout
  3
  --bootstrap-servers
  PLAINTEXT://localhost:59238
  --topic
  tests
  --kafka-properties
  /var/folders/4x/fvz0147s3vdgb92qdb3znfdr0000gq/T/kafka4085116505110750523.properties
with environment variables:
  PROJECT_VERSION=1.3.3-SNAPSHOT
[2026-09-08T08:43:30.752134Z] Waiting for external command to complete...
[2026-09-08T08:43:50.793283Z] External command completed with status 0
[2026-09-08T08:43:50.822808Z] Starting external command /Users/paulgallagher/Code/smart-caches-core/cli/cli-debug/debug.sh with arguments:
  rdf-dump
  --bootstrap-server
  PLAINTEXT://localhost:59238
  --topic
  tests
  --kafka-properties
  /var/folders/4x/fvz0147s3vdgb92qdb3znfdr0000gq/T/kafka4085116505110750523.properties
  --max-stalls
  1
  --poll-timeout
  5
  --read-policy
  BEGINNING
with environment variables:
  PROJECT_VERSION=1.3.3-SNAPSHOT
[2026-09-08T08:43:50.836783Z] Waiting for external command to complete...
[2026-09-08T08:44:10.948077Z] External command completed with status 0
[2026-09-08T08:44:11.162567Z] Starting external command /Users/paulgallagher/Code/smart-caches-core/cli/cli-debug/debug.sh with arguments:
  rdf-dump
  --max-stalls
  1
  --poll-timeout
  5
  --read-policy
  BEGINNING
  --capture-dir
  /var/folders/4x/fvz0147s3vdgb92qdb3znfdr0000gq/T/capture-target9243665626109050109
with environment variables:
  KAFKA_PROPERTIES_FILE=/var/folders/4x/fvz0147s3vdgb92qdb3znfdr0000gq/T/kafka4085116505110750523.properties
  PROJECT_VERSION=1.3.3-SNAPSHOT
  BOOTSTRAP_SERVERS=PLAINTEXT://localhost:59238
  TOPIC=tests
[2026-09-08T08:44:11.169406Z] Waiting for external command to complete...
[2026-09-08T08:44:29.770930Z] External command completed with status 0
[2026-09-08T08:44:29.874927Z] Starting external command /Users/paulgallagher/Code/smart-caches-core/cli/cli-debug/debug.sh with arguments:
  dump
  --source-dir
  /var/folders/4x/fvz0147s3vdgb92qdb3znfdr0000gq/T/capture-target9243665626109050109
  --max-stalls
  1
  --poll-timeout
  3
  --read-policy
  BEGINNING
with environment variables:
  PROJECT_VERSION=1.3.3-SNAPSHOT
[2026-09-08T08:44:29.883800Z] Waiting for external command to complete...
[2026-09-08T08:44:48.665764Z] External command completed with status 0
[2026-09-08T08:44:48.822898Z] Starting external command /Users/paulgallagher/Code/smart-caches-core/cli/cli-debug/debug.sh with arguments:
  rdf-dump
  --bootstrap-servers
  PLAINTEXT://localhost:59238
  --topic
  tests
  --kafka-properties
  /var/folders/4x/fvz0147s3vdgb92qdb3znfdr0000gq/T/kafka4085116505110750523.properties
  --max-stalls
  1
  --poll-timeout
  5
  --read-policy
  BEGINNING
  --capture-dir
  /var/folders/4x/fvz0147s3vdgb92qdb3znfdr0000gq/T/capture-target297961497934774948
with environment variables:
  PROJECT_VERSION=1.3.3-SNAPSHOT
[2026-09-08T08:44:48.832754Z] Waiting for external command to complete...
[2026-09-08T08:45:07.697502Z] External command completed with status 0
[2026-09-08T08:45:07.794427Z] Starting external command /Users/paulgallagher/Code/smart-caches-core/cli/cli-debug/debug.sh with arguments:
  dump
  --source-dir
  /var/folders/4x/fvz0147s3vdgb92qdb3znfdr0000gq/T/capture-target297961497934774948
  --max-stalls
  1
  --poll-timeout
  3
  --read-policy
  BEGINNING
with environment variables:
  PROJECT_VERSION=1.3.3-SNAPSHOT
[2026-09-08T08:45:07.804627Z] Waiting for external command to complete...
[2026-09-08T08:45:26.693085Z] External command completed with status 0
Standard output for the next test will be captured to file /Users/paulgallagher/Code/smart-caches-core/cli/cli-debug/target/stdout1171904851698513884.txt
Standard error for the next test will be captured to file /Users/paulgallagher/Code/smart-caches-core/cli/cli-debug/target/stderr572226412480620608.txt
[2026-09-08T08:45:33.232986Z] Starting external command /Users/paulgallagher/Code/smart-caches-core/cli/cli-debug/debug.sh with arguments:
  replay
  --source-dir
  /var/folders/4x/fvz0147s3vdgb92qdb3znfdr0000gq/T/dump-events-input16073740445677142260
  --max-stalls
  1
  --poll-timeout
  3
  --bootstrap-servers
  SSL://localhost:39093
  --topic
  tests
  --kafka-properties
  /var/folders/4x/fvz0147s3vdgb92qdb3znfdr0000gq/T/kafka660091447288114254.properties
with environment variables:
  PROJECT_VERSION=1.3.3-SNAPSHOT
[2026-09-08T08:45:33.241092Z] Waiting for external command to complete...
[2026-09-08T08:45:53.768547Z] External command completed with status 0
[2026-09-08T08:45:53.794807Z] Starting external command /Users/paulgallagher/Code/smart-caches-core/cli/cli-debug/debug.sh with arguments:
  rdf-dump
  --bootstrap-server
  SSL://localhost:39093
  --topic
  tests
  --kafka-properties
  /var/folders/4x/fvz0147s3vdgb92qdb3znfdr0000gq/T/kafka660091447288114254.properties
  --max-stalls
  1
  --poll-timeout
  5
  --read-policy
  BEGINNING
with environment variables:
  PROJECT_VERSION=1.3.3-SNAPSHOT
[2026-09-08T08:45:53.812568Z] Waiting for external command to complete...
[2026-09-08T08:46:15.855970Z] External command completed with status 0
[2026-09-08T08:46:16.126864Z] Starting external command /Users/paulgallagher/Code/smart-caches-core/cli/cli-debug/debug.sh with arguments:
  rdf-dump
  --max-stalls
  1
  --poll-timeout
  5
  --read-policy
  BEGINNING
  --capture-dir
  /var/folders/4x/fvz0147s3vdgb92qdb3znfdr0000gq/T/capture-target13190769342310980205
with environment variables:
  KAFKA_PROPERTIES_FILE=/var/folders/4x/fvz0147s3vdgb92qdb3znfdr0000gq/T/kafka660091447288114254.properties
  PROJECT_VERSION=1.3.3-SNAPSHOT
  BOOTSTRAP_SERVERS=SSL://localhost:39093
  TOPIC=tests
[2026-09-08T08:46:16.137331Z] Waiting for external command to complete...
[2026-09-08T08:46:42.636772Z] External command completed with status 0
[2026-09-08T08:46:42.739710Z] Starting external command /Users/paulgallagher/Code/smart-caches-core/cli/cli-debug/debug.sh with arguments:
  dump
  --source-dir
  /var/folders/4x/fvz0147s3vdgb92qdb3znfdr0000gq/T/capture-target13190769342310980205
  --max-stalls
  1
  --poll-timeout
  3
  --read-policy
  BEGINNING
with environment variables:
  PROJECT_VERSION=1.3.3-SNAPSHOT
[2026-09-08T08:46:42.750592Z] Waiting for external command to complete...
[2026-09-08T08:47:02.590207Z] External command completed with status 0
[2026-09-08T08:47:02.819904Z] Starting external command /Users/paulgallagher/Code/smart-caches-core/cli/cli-debug/debug.sh with arguments:
  rdf-dump
  --bootstrap-servers
  SSL://localhost:39093
  --topic
  tests
  --kafka-properties
  /var/folders/4x/fvz0147s3vdgb92qdb3znfdr0000gq/T/kafka660091447288114254.properties
  --max-stalls
  1
  --poll-timeout
  5
  --read-policy
  BEGINNING
  --capture-dir
  /var/folders/4x/fvz0147s3vdgb92qdb3znfdr0000gq/T/capture-target11582610079803364723
with environment variables:
  PROJECT_VERSION=1.3.3-SNAPSHOT
[2026-09-08T08:47:02.830655Z] Waiting for external command to complete...
[2026-09-08T08:47:28.189898Z] External command completed with status 0
[2026-09-08T08:47:28.290619Z] Starting external command /Users/paulgallagher/Code/smart-caches-core/cli/cli-debug/debug.sh with arguments:
  dump
  --source-dir
  /var/folders/4x/fvz0147s3vdgb92qdb3znfdr0000gq/T/capture-target11582610079803364723
  --max-stalls
  1
  --poll-timeout
  3
  --read-policy
  BEGINNING
with environment variables:
  PROJECT_VERSION=1.3.3-SNAPSHOT
[2026-09-08T08:47:28.299357Z] Waiting for external command to complete...
[2026-09-08T08:47:47.561441Z] External command completed with status 0
Standard output for the next test will be captured to file /Users/paulgallagher/Code/smart-caches-core/cli/cli-debug/target/stdout6060826091510098568.txt
Standard error for the next test will be captured to file /Users/paulgallagher/Code/smart-caches-core/cli/cli-debug/target/stderr18060581030957012938.txt
[2026-09-08T08:47:48.386003Z] Starting external command /Users/paulgallagher/Code/smart-caches-core/cli/cli-debug/debug.sh with arguments:
  rdf-dump
  --source-dir
  /var/folders/4x/fvz0147s3vdgb92qdb3znfdr0000gq/T/dump-events-input15734958352374203149
  --max-stalls
  1
  --poll-timeout
  3
  --read-policy
  BEGINNING
  --capture-dir
  /var/folders/4x/fvz0147s3vdgb92qdb3znfdr0000gq/T/capture-target4497496059238099923
with environment variables:
  PROJECT_VERSION=1.3.3-SNAPSHOT
[2026-09-08T08:47:48.392650Z] Waiting for external command to complete...
[2026-09-08T08:48:06.855178Z] External command completed with status 0
[2026-09-08T08:48:06.950775Z] Starting external command /Users/paulgallagher/Code/smart-caches-core/cli/cli-debug/debug.sh with arguments:
  dump
  --source-dir
  /var/folders/4x/fvz0147s3vdgb92qdb3znfdr0000gq/T/capture-target4497496059238099923
  --max-stalls
  1
  --poll-timeout
  3
  --read-policy
  BEGINNING
with environment variables:
  PROJECT_VERSION=1.3.3-SNAPSHOT
[2026-09-08T08:48:06.964169Z] Waiting for external command to complete...
[2026-09-08T08:48:26.895548Z] External command completed with status 0
[INFO] Tests run: 10, Failures: 0, Errors: 0, Skipped: 0, Time elapsed: 425.8 s -- in TestSuite
[INFO] 
[INFO] Results:
[INFO] 
[INFO] Tests run: 10, Failures: 0, Errors: 0, Skipped: 0
[INFO] 
[INFO] 
[INFO] --- gpg:3.2.8:sign (default) @ cli-debug ---
[INFO] Signer 'gpg' is signing 5 files with key default
[INFO] 
[INFO] --- jacoco:0.8.15:report (report) @ cli-debug ---
[INFO] Loading execution data file /Users/paulgallagher/Code/smart-caches-core/cli/cli-debug/target/jacoco.exec
[INFO] Analyzed bundle 'Telicent Smart Caches - CLI - Debug Tools' with 5 classes
[INFO] 
[INFO] --- jacoco:0.8.15:check (require-test-coverage) @ cli-debug ---
[INFO] Loading execution data file /Users/paulgallagher/Code/smart-caches-core/cli/cli-debug/target/jacoco.exec
[INFO] Analyzed bundle 'cli-debug' with 5 classes
[INFO] All coverage checks have been met.
[INFO] 
[INFO] --- dependency:3.11.0:analyze-only (analyze) @ cli-debug ---
[WARNING] Used undeclared dependencies found:
[WARNING]    io.telicent.smart-caches:event-source-file:jar:1.3.3-SNAPSHOT:compile
[WARNING]    jakarta.ws.rs:jakarta.ws.rs-api:jar:3.1.0:compile
[WARNING] Unused declared dependencies found:
[WARNING]    at.yawk.lz4:lz4-java:jar:1.11.2:compile
[WARNING] Non-test scoped test only dependencies found:
[WARNING]    io.telicent.smart-caches:event-source-file:jar:1.3.3-SNAPSHOT:compile
[WARNING]    org.slf4j:slf4j-api:jar:2.0.18:compile
[WARNING]    io.telicent.smart-caches:projector-driver:jar:1.3.3-SNAPSHOT:compile
[WARNING]    ch.qos.logback:logback-classic:jar:1.6.3:compile
[WARNING]    org.apache.commons:commons-lang3:jar:3.20.0:compile
[INFO] 
[INFO] --- failsafe:3.5.6:verify (default) @ cli-debug ---
[INFO] 
[INFO] --- install:3.1.2:install (default-install) @ cli-debug ---
[INFO] Installing /Users/paulgallagher/Code/smart-caches-core/cli/cli-debug/pom.xml to /Users/paulgallagher/.m2/repository/io/telicent/smart-caches/cli-debug/1.3.3-SNAPSHOT/cli-debug-1.3.3-SNAPSHOT.pom
[INFO] Installing /Users/paulgallagher/Code/smart-caches-core/cli/cli-debug/target/cli-debug-1.3.3-SNAPSHOT.jar to /Users/paulgallagher/.m2/repository/io/telicent/smart-caches/cli-debug/1.3.3-SNAPSHOT/cli-debug-1.3.3-SNAPSHOT.jar
[INFO] Installing /Users/paulgallagher/Code/smart-caches-core/cli/cli-debug/target/cli-debug-1.3.3-SNAPSHOT-sources.jar to /Users/paulgallagher/.m2/repository/io/telicent/smart-caches/cli-debug/1.3.3-SNAPSHOT/cli-debug-1.3.3-SNAPSHOT-sources.jar
[INFO] Installing /Users/paulgallagher/Code/smart-caches-core/cli/cli-debug/target/cli-debug-1.3.3-SNAPSHOT-javadoc.jar to /Users/paulgallagher/.m2/repository/io/telicent/smart-caches/cli-debug/1.3.3-SNAPSHOT/cli-debug-1.3.3-SNAPSHOT-javadoc.jar
[INFO] Installing /Users/paulgallagher/Code/smart-caches-core/cli/cli-debug/target/cli-debug-1.3.3-SNAPSHOT-bom.json to /Users/paulgallagher/.m2/repository/io/telicent/smart-caches/cli-debug/1.3.3-SNAPSHOT/cli-debug-1.3.3-SNAPSHOT-cyclonedx.json
[INFO] Installing /Users/paulgallagher/Code/smart-caches-core/cli/cli-debug/target/cli-debug-1.3.3-SNAPSHOT.jar.asc to /Users/paulgallagher/.m2/repository/io/telicent/smart-caches/cli-debug/1.3.3-SNAPSHOT/cli-debug-1.3.3-SNAPSHOT.jar.asc
[INFO] Installing /Users/paulgallagher/Code/smart-caches-core/cli/cli-debug/target/cli-debug-1.3.3-SNAPSHOT.pom.asc to /Users/paulgallagher/.m2/repository/io/telicent/smart-caches/cli-debug/1.3.3-SNAPSHOT/cli-debug-1.3.3-SNAPSHOT.pom.asc
[INFO] Installing /Users/paulgallagher/Code/smart-caches-core/cli/cli-debug/target/cli-debug-1.3.3-SNAPSHOT-sources.jar.asc to /Users/paulgallagher/.m2/repository/io/telicent/smart-caches/cli-debug/1.3.3-SNAPSHOT/cli-debug-1.3.3-SNAPSHOT-sources.jar.asc
[INFO] Installing /Users/paulgallagher/Code/smart-caches-core/cli/cli-debug/target/cli-debug-1.3.3-SNAPSHOT-javadoc.jar.asc to /Users/paulgallagher/.m2/repository/io/telicent/smart-caches/cli-debug/1.3.3-SNAPSHOT/cli-debug-1.3.3-SNAPSHOT-javadoc.jar.asc
[INFO] Installing /Users/paulgallagher/Code/smart-caches-core/cli/cli-debug/target/cli-debug-1.3.3-SNAPSHOT-bom.json.asc to /Users/paulgallagher/.m2/repository/io/telicent/smart-caches/cli-debug/1.3.3-SNAPSHOT/cli-debug-1.3.3-SNAPSHOT-cyclonedx.json.asc
[INFO] 
[INFO] -------< io.telicent.smart-caches:data-security-plugin-rdf-abac >-------
[INFO] Building Telicent Smart Caches - Data Security Plugins - RDF ABAC Implementation 1.3.3-SNAPSHOT [20/22]
[INFO]   from data-security-parent/data-security-plugin-rdf-abac/pom.xml
[INFO] --------------------------------[ jar ]---------------------------------
[INFO] 
[INFO] --- clean:3.2.0:clean (default-clean) @ data-security-plugin-rdf-abac ---
[INFO] Deleting /Users/paulgallagher/Code/smart-caches-core/data-security-parent/data-security-plugin-rdf-abac/target
[INFO] 
[INFO] --- enforcer:3.6.3:enforce (enforce-versions) @ data-security-plugin-rdf-abac ---
[INFO] 
[INFO] --- license:5.1.2:check (check-licenses) @ data-security-plugin-rdf-abac ---
[INFO] Checking licenses...
[INFO] License check: 32 file(s) checked (OK: 32, Missing: 0, Unknown: 0)
[INFO] 
[INFO] --- dependency:3.11.0:properties (properties) @ data-security-plugin-rdf-abac ---
[INFO] 
[INFO] --- lombok:1.18.20.0:delombok (default) @ data-security-plugin-rdf-abac ---
[INFO] Delombok complete.
[INFO] 
[INFO] --- buildnumber:3.3.0:create-metadata (default) @ data-security-plugin-rdf-abac ---
[INFO] 
[INFO] --- resources:3.3.1:resources (default-resources) @ data-security-plugin-rdf-abac ---
[INFO] skip non existing resourceDirectory /Users/paulgallagher/Code/smart-caches-core/data-security-parent/data-security-plugin-rdf-abac/src/main/resources
[INFO] Copying 1 resource from target/generated/build-metadata to target/classes
[INFO] 
[INFO] --- compiler:3.15.0:compile (default-compile) @ data-security-plugin-rdf-abac ---
[INFO] Recompiling the module because of changed dependency.
[INFO] Compiling 15 source files with javac [debug release 21] to target/classes
[INFO] /Users/paulgallagher/Code/smart-caches-core/data-security-parent/data-security-plugin-rdf-abac/src/main/java/io/telicent/smart/cache/security/data/plugins/rdf/abac/RdfAbacLabelsBackup.java: Some input files use or override a deprecated API.
[INFO] /Users/paulgallagher/Code/smart-caches-core/data-security-parent/data-security-plugin-rdf-abac/src/main/java/io/telicent/smart/cache/security/data/plugins/rdf/abac/RdfAbacLabelsBackup.java: Recompile with -Xlint:deprecation for details.
[INFO] 
[INFO] --- resources:3.3.1:testResources (default-testResources) @ data-security-plugin-rdf-abac ---
[INFO] Copying 2 resources from src/test/resources to target/test-classes
[INFO] 
[INFO] --- compiler:3.15.0:testCompile (default-testCompile) @ data-security-plugin-rdf-abac ---
[INFO] Recompiling the module because of changed dependency.
[INFO] Compiling 15 source files with javac [debug release 21] to target/test-classes
[INFO] /Users/paulgallagher/Code/smart-caches-core/data-security-parent/data-security-plugin-rdf-abac/src/test/java/io/telicent/smart/cache/security/data/plugins/rdf/abac/TestRdfAbacLabelsRestore.java: Some input files use or override a deprecated API.
[INFO] /Users/paulgallagher/Code/smart-caches-core/data-security-parent/data-security-plugin-rdf-abac/src/test/java/io/telicent/smart/cache/security/data/plugins/rdf/abac/TestRdfAbacLabelsRestore.java: Recompile with -Xlint:deprecation for details.
[INFO] 
[INFO] --- jacoco:0.8.15:prepare-agent (prepare-agent) @ data-security-plugin-rdf-abac ---
[INFO] argLine set to -javaagent:/Users/paulgallagher/.m2/repository/org/jacoco/org.jacoco.agent/0.8.15/org.jacoco.agent-0.8.15-runtime.jar=destfile=/Users/paulgallagher/Code/smart-caches-core/data-security-parent/data-security-plugin-rdf-abac/target/jacoco.exec,append=true
[INFO] 
[INFO] --- surefire:3.5.6:test (default-test) @ data-security-plugin-rdf-abac ---
[INFO] Using auto detected provider org.apache.maven.surefire.testng.TestNGProvider
[INFO] 
[INFO] -------------------------------------------------------
[INFO]  T E S T S
[INFO] -------------------------------------------------------
[INFO] Running TestSuite
[WARNING] Tests run: 187, Failures: 0, Errors: 0, Skipped: 1, Time elapsed: 3.164 s -- in TestSuite
[INFO] 
[INFO] Results:
[INFO] 
[INFO] Tests run: 187, Failures: 0, Errors: 0, Skipped: 1
[INFO] 
[INFO] 
[INFO] --- jar:3.5.1:jar (default-jar) @ data-security-plugin-rdf-abac ---
[INFO] Building jar: /Users/paulgallagher/Code/smart-caches-core/data-security-parent/data-security-plugin-rdf-abac/target/data-security-plugin-rdf-abac-1.3.3-SNAPSHOT.jar
[INFO] 
[INFO] --- jar:3.5.1:test-jar (create-test-jar) @ data-security-plugin-rdf-abac ---
[INFO] Skipping packaging of the test-jar
[INFO] 
[INFO] >>> source:3.4.0:jar (attach-sources) > generate-sources @ data-security-plugin-rdf-abac >>>
[INFO] 
[INFO] --- enforcer:3.6.3:enforce (enforce-versions) @ data-security-plugin-rdf-abac ---
[INFO] 
[INFO] --- license:5.1.2:check (check-licenses) @ data-security-plugin-rdf-abac ---
[INFO] Checking licenses...
[INFO] License check: 32 file(s) checked (OK: 32, Missing: 0, Unknown: 0)
[INFO] 
[INFO] --- dependency:3.11.0:properties (properties) @ data-security-plugin-rdf-abac ---
[INFO] 
[INFO] --- lombok:1.18.20.0:delombok (default) @ data-security-plugin-rdf-abac ---
[INFO] Delombok complete.
[INFO] 
[INFO] <<< source:3.4.0:jar (attach-sources) < generate-sources @ data-security-plugin-rdf-abac <<<
[INFO] 
[INFO] 
[INFO] --- source:3.4.0:jar (attach-sources) @ data-security-plugin-rdf-abac ---
[INFO] Building jar: /Users/paulgallagher/Code/smart-caches-core/data-security-parent/data-security-plugin-rdf-abac/target/data-security-plugin-rdf-abac-1.3.3-SNAPSHOT-sources.jar
[INFO] 
[INFO] >>> source:3.4.0:test-jar (attach-test-sources) > generate-sources @ data-security-plugin-rdf-abac >>>
[INFO] 
[INFO] --- enforcer:3.6.3:enforce (enforce-versions) @ data-security-plugin-rdf-abac ---
[INFO] 
[INFO] --- license:5.1.2:check (check-licenses) @ data-security-plugin-rdf-abac ---
[INFO] Checking licenses...
[INFO] License check: 32 file(s) checked (OK: 32, Missing: 0, Unknown: 0)
[INFO] 
[INFO] --- dependency:3.11.0:properties (properties) @ data-security-plugin-rdf-abac ---
[INFO] 
[INFO] --- lombok:1.18.20.0:delombok (default) @ data-security-plugin-rdf-abac ---
[INFO] Delombok complete.
[INFO] 
[INFO] <<< source:3.4.0:test-jar (attach-test-sources) < generate-sources @ data-security-plugin-rdf-abac <<<
[INFO] 
[INFO] 
[INFO] --- source:3.4.0:test-jar (attach-test-sources) @ data-security-plugin-rdf-abac ---
[INFO] Skipping source per configuration.
[INFO] 
[INFO] --- javadoc:3.12.0:jar (default) @ data-security-plugin-rdf-abac ---
[INFO] Building jar: /Users/paulgallagher/Code/smart-caches-core/data-security-parent/data-security-plugin-rdf-abac/target/data-security-plugin-rdf-abac-1.3.3-SNAPSHOT-javadoc.jar
[INFO] 
[INFO] --- cyclonedx:2.9.3:makeAggregateBom (build-sbom-cyclonedx) @ data-security-plugin-rdf-abac ---
[INFO] CycloneDX: Resolving Dependencies
[INFO] CycloneDX: Creating BOM version 1.6 with 123 component(s)
[INFO] CycloneDX: Writing and validating BOM (JSON): /Users/paulgallagher/Code/smart-caches-core/data-security-parent/data-security-plugin-rdf-abac/target/data-security-plugin-rdf-abac-1.3.3-SNAPSHOT-bom.json
[INFO]            attaching as data-security-plugin-rdf-abac-1.3.3-SNAPSHOT-cyclonedx.json
[INFO] 
[INFO] --- gpg:3.2.8:sign (default) @ data-security-plugin-rdf-abac ---
[INFO] Signer 'gpg' is signing 5 files with key default
[INFO] 
[INFO] --- jacoco:0.8.15:report (report) @ data-security-plugin-rdf-abac ---
[INFO] Loading execution data file /Users/paulgallagher/Code/smart-caches-core/data-security-parent/data-security-plugin-rdf-abac/target/jacoco.exec
[INFO] Analyzed bundle 'Telicent Smart Caches - Data Security Plugins - RDF ABAC Implementation' with 14 classes
[INFO] 
[INFO] --- jacoco:0.8.15:check (require-test-coverage) @ data-security-plugin-rdf-abac ---
[INFO] Loading execution data file /Users/paulgallagher/Code/smart-caches-core/data-security-parent/data-security-plugin-rdf-abac/target/jacoco.exec
[INFO] Analyzed bundle 'data-security-plugin-rdf-abac' with 14 classes
[INFO] All coverage checks have been met.
[INFO] 
[INFO] --- dependency:3.11.0:analyze-only (analyze) @ data-security-plugin-rdf-abac ---
[WARNING] Used undeclared dependencies found:
[WARNING]    io.telicent.smart-caches:event-sources-core:jar:1.2.2:compile
[WARNING]    org.apache.jena:jena-fuseki-core:jar:6.2.0:compile
[WARNING]    org.apache.jena:jena-rdfpatch:jar:6.2.0:compile
[WARNING]    io.telicent.smart-caches:configurator:jar:1.3.3-SNAPSHOT:compile
[WARNING]    org.apache.kafka:kafka-clients:jar:3.9.2:compile
[WARNING]    org.apache.commons:commons-collections4:jar:4.6.0:compile
[WARNING]    io.telicent.jena:jena-kafka-connector:jar:3.2.1:compile
[WARNING]    org.apache.jena:jena-arq:jar:6.2.0:compile
[WARNING]    io.telicent.smart-caches:jwt-auth-common:jar:1.3.3-SNAPSHOT:provided
[WARNING]    com.github.ben-manes.caffeine:caffeine:jar:3.2.4:compile
[WARNING]    org.apache.jena:jena-core:jar:6.2.0:compile
[WARNING]    org.slf4j:slf4j-api:jar:2.0.18:compile
[WARNING]    org.apache.commons:commons-lang3:jar:3.20.0:compile
[WARNING]    io.telicent.smart-caches.storage:common:jar:0.14.0:compile
[WARNING]    io.telicent.smart-caches:observability-core:jar:1.3.3-SNAPSHOT:compile
[WARNING]    io.jsonwebtoken:jjwt-api:jar:0.13.0:provided
[WARNING]    org.apache.jena:jena-base:jar:6.2.0:compile
[WARNING] Unused declared dependencies found:
[WARNING]    io.telicent.jena:jena-fuseki-kafka-module:jar:3.2.1:compile
[WARNING]    ch.qos.logback:logback-classic:jar:1.6.3:test
[WARNING] Non-test scoped test only dependencies found:
[WARNING]    org.testng:testng:jar:7.12.0:compile
[INFO] 
[INFO] --- install:3.1.2:install (default-install) @ data-security-plugin-rdf-abac ---
[INFO] Installing /Users/paulgallagher/Code/smart-caches-core/data-security-parent/data-security-plugin-rdf-abac/pom.xml to /Users/paulgallagher/.m2/repository/io/telicent/smart-caches/data-security-plugin-rdf-abac/1.3.3-SNAPSHOT/data-security-plugin-rdf-abac-1.3.3-SNAPSHOT.pom
[INFO] Installing /Users/paulgallagher/Code/smart-caches-core/data-security-parent/data-security-plugin-rdf-abac/target/data-security-plugin-rdf-abac-1.3.3-SNAPSHOT.jar to /Users/paulgallagher/.m2/repository/io/telicent/smart-caches/data-security-plugin-rdf-abac/1.3.3-SNAPSHOT/data-security-plugin-rdf-abac-1.3.3-SNAPSHOT.jar
[INFO] Installing /Users/paulgallagher/Code/smart-caches-core/data-security-parent/data-security-plugin-rdf-abac/target/data-security-plugin-rdf-abac-1.3.3-SNAPSHOT-sources.jar to /Users/paulgallagher/.m2/repository/io/telicent/smart-caches/data-security-plugin-rdf-abac/1.3.3-SNAPSHOT/data-security-plugin-rdf-abac-1.3.3-SNAPSHOT-sources.jar
[INFO] Installing /Users/paulgallagher/Code/smart-caches-core/data-security-parent/data-security-plugin-rdf-abac/target/data-security-plugin-rdf-abac-1.3.3-SNAPSHOT-javadoc.jar to /Users/paulgallagher/.m2/repository/io/telicent/smart-caches/data-security-plugin-rdf-abac/1.3.3-SNAPSHOT/data-security-plugin-rdf-abac-1.3.3-SNAPSHOT-javadoc.jar
[INFO] Installing /Users/paulgallagher/Code/smart-caches-core/data-security-parent/data-security-plugin-rdf-abac/target/data-security-plugin-rdf-abac-1.3.3-SNAPSHOT-bom.json to /Users/paulgallagher/.m2/repository/io/telicent/smart-caches/data-security-plugin-rdf-abac/1.3.3-SNAPSHOT/data-security-plugin-rdf-abac-1.3.3-SNAPSHOT-cyclonedx.json
[INFO] Installing /Users/paulgallagher/Code/smart-caches-core/data-security-parent/data-security-plugin-rdf-abac/target/data-security-plugin-rdf-abac-1.3.3-SNAPSHOT.jar.asc to /Users/paulgallagher/.m2/repository/io/telicent/smart-caches/data-security-plugin-rdf-abac/1.3.3-SNAPSHOT/data-security-plugin-rdf-abac-1.3.3-SNAPSHOT.jar.asc
[INFO] Installing /Users/paulgallagher/Code/smart-caches-core/data-security-parent/data-security-plugin-rdf-abac/target/data-security-plugin-rdf-abac-1.3.3-SNAPSHOT.pom.asc to /Users/paulgallagher/.m2/repository/io/telicent/smart-caches/data-security-plugin-rdf-abac/1.3.3-SNAPSHOT/data-security-plugin-rdf-abac-1.3.3-SNAPSHOT.pom.asc
[INFO] Installing /Users/paulgallagher/Code/smart-caches-core/data-security-parent/data-security-plugin-rdf-abac/target/data-security-plugin-rdf-abac-1.3.3-SNAPSHOT-sources.jar.asc to /Users/paulgallagher/.m2/repository/io/telicent/smart-caches/data-security-plugin-rdf-abac/1.3.3-SNAPSHOT/data-security-plugin-rdf-abac-1.3.3-SNAPSHOT-sources.jar.asc
[INFO] Installing /Users/paulgallagher/Code/smart-caches-core/data-security-parent/data-security-plugin-rdf-abac/target/data-security-plugin-rdf-abac-1.3.3-SNAPSHOT-javadoc.jar.asc to /Users/paulgallagher/.m2/repository/io/telicent/smart-caches/data-security-plugin-rdf-abac/1.3.3-SNAPSHOT/data-security-plugin-rdf-abac-1.3.3-SNAPSHOT-javadoc.jar.asc
[INFO] Installing /Users/paulgallagher/Code/smart-caches-core/data-security-parent/data-security-plugin-rdf-abac/target/data-security-plugin-rdf-abac-1.3.3-SNAPSHOT-bom.json.asc to /Users/paulgallagher/.m2/repository/io/telicent/smart-caches/data-security-plugin-rdf-abac/1.3.3-SNAPSHOT/data-security-plugin-rdf-abac-1.3.3-SNAPSHOT-cyclonedx.json.asc
[INFO] 
[INFO] --< io.telicent.smart-caches:data-security-plugin-rdf-abac-registration >--
[INFO] Building Telicent Smart Caches - Data Security Plugins - RDF ABAC Registration 1.3.3-SNAPSHOT [21/22]
[INFO]   from data-security-parent/data-security-plugin-rdf-abac-registration/pom.xml
[INFO] --------------------------------[ jar ]---------------------------------
[INFO] 
[INFO] --- clean:3.2.0:clean (default-clean) @ data-security-plugin-rdf-abac-registration ---
[INFO] Deleting /Users/paulgallagher/Code/smart-caches-core/data-security-parent/data-security-plugin-rdf-abac-registration/target
[INFO] 
[INFO] --- enforcer:3.6.3:enforce (enforce-versions) @ data-security-plugin-rdf-abac-registration ---
[INFO] 
[INFO] --- license:5.1.2:check (check-licenses) @ data-security-plugin-rdf-abac-registration ---
[INFO] Checking licenses...
[INFO] License check: 2 file(s) checked (OK: 2, Missing: 0, Unknown: 0)
[INFO] 
[INFO] --- lombok:1.18.20.0:delombok (default) @ data-security-plugin-rdf-abac-registration ---
[WARNING] Skipping Delombok; no source to process.
[INFO] 
[INFO] --- buildnumber:3.3.0:create-metadata (default) @ data-security-plugin-rdf-abac-registration ---
[INFO] 
[INFO] --- resources:3.3.1:resources (default-resources) @ data-security-plugin-rdf-abac-registration ---
[INFO] Copying 1 resource from src/main/resources to target/classes
[INFO] Copying 1 resource from target/generated/build-metadata to target/classes
[INFO] 
[INFO] --- compiler:3.15.0:compile (default-compile) @ data-security-plugin-rdf-abac-registration ---
[INFO] No sources to compile
[INFO] 
[INFO] --- resources:3.3.1:testResources (default-testResources) @ data-security-plugin-rdf-abac-registration ---
[INFO] Copying 1 resource from src/test/resources to target/test-classes
[INFO] 
[INFO] --- compiler:3.15.0:testCompile (default-testCompile) @ data-security-plugin-rdf-abac-registration ---
[INFO] Recompiling the module because of changed dependency.
[INFO] Compiling 1 source file with javac [debug release 21] to target/test-classes
[INFO] 
[INFO] --- surefire:3.2.5:test (default-test) @ data-security-plugin-rdf-abac-registration ---
[INFO] Using auto detected provider org.apache.maven.surefire.testng.TestNGProvider
[INFO] 
[INFO] -------------------------------------------------------
[INFO]  T E S T S
[INFO] -------------------------------------------------------
[INFO] Running io.telicent.smart.cache.security.data.plugins.rdf.abac.TestRdfAbacPluginLoaded
[INFO] Tests run: 1, Failures: 0, Errors: 0, Skipped: 0, Time elapsed: 0.458 s -- in io.telicent.smart.cache.security.data.plugins.rdf.abac.TestRdfAbacPluginLoaded
[INFO] 
[INFO] Results:
[INFO] 
[INFO] Tests run: 1, Failures: 0, Errors: 0, Skipped: 0
[INFO] 
[INFO] 
[INFO] --- jar:3.5.1:jar (default-jar) @ data-security-plugin-rdf-abac-registration ---
[INFO] Building jar: /Users/paulgallagher/Code/smart-caches-core/data-security-parent/data-security-plugin-rdf-abac-registration/target/data-security-plugin-rdf-abac-registration-1.3.3-SNAPSHOT.jar
[INFO] 
[INFO] --- jar:3.5.1:test-jar (create-test-jar) @ data-security-plugin-rdf-abac-registration ---
[INFO] Skipping packaging of the test-jar
[INFO] 
[INFO] >>> source:3.4.0:jar (attach-sources) > generate-sources @ data-security-plugin-rdf-abac-registration >>>
[INFO] 
[INFO] --- enforcer:3.6.3:enforce (enforce-versions) @ data-security-plugin-rdf-abac-registration ---
[INFO] 
[INFO] --- license:5.1.2:check (check-licenses) @ data-security-plugin-rdf-abac-registration ---
[INFO] Checking licenses...
[INFO] License check: 2 file(s) checked (OK: 2, Missing: 0, Unknown: 0)
[INFO] 
[INFO] --- lombok:1.18.20.0:delombok (default) @ data-security-plugin-rdf-abac-registration ---
[WARNING] Skipping Delombok; no source to process.
[INFO] 
[INFO] <<< source:3.4.0:jar (attach-sources) < generate-sources @ data-security-plugin-rdf-abac-registration <<<
[INFO] 
[INFO] 
[INFO] --- source:3.4.0:jar (attach-sources) @ data-security-plugin-rdf-abac-registration ---
[INFO] Building jar: /Users/paulgallagher/Code/smart-caches-core/data-security-parent/data-security-plugin-rdf-abac-registration/target/data-security-plugin-rdf-abac-registration-1.3.3-SNAPSHOT-sources.jar
[INFO] 
[INFO] >>> source:3.4.0:test-jar (attach-test-sources) > generate-sources @ data-security-plugin-rdf-abac-registration >>>
[INFO] 
[INFO] --- enforcer:3.6.3:enforce (enforce-versions) @ data-security-plugin-rdf-abac-registration ---
[INFO] 
[INFO] --- license:5.1.2:check (check-licenses) @ data-security-plugin-rdf-abac-registration ---
[INFO] Checking licenses...
[INFO] License check: 2 file(s) checked (OK: 2, Missing: 0, Unknown: 0)
[INFO] 
[INFO] --- lombok:1.18.20.0:delombok (default) @ data-security-plugin-rdf-abac-registration ---
[WARNING] Skipping Delombok; no source to process.
[INFO] 
[INFO] <<< source:3.4.0:test-jar (attach-test-sources) < generate-sources @ data-security-plugin-rdf-abac-registration <<<
[INFO] 
[INFO] 
[INFO] --- source:3.4.0:test-jar (attach-test-sources) @ data-security-plugin-rdf-abac-registration ---
[INFO] Skipping source per configuration.
[INFO] 
[INFO] --- javadoc:3.12.0:jar (default) @ data-security-plugin-rdf-abac-registration ---
[INFO] No Javadoc in project. Archive not created.
[INFO] 
[INFO] --- cyclonedx:2.9.3:makeAggregateBom (build-sbom-cyclonedx) @ data-security-plugin-rdf-abac-registration ---
[INFO] CycloneDX: Resolving Dependencies
[INFO] CycloneDX: Creating BOM version 1.6 with 126 component(s)
[INFO] CycloneDX: Writing and validating BOM (JSON): /Users/paulgallagher/Code/smart-caches-core/data-security-parent/data-security-plugin-rdf-abac-registration/target/data-security-plugin-rdf-abac-registration-1.3.3-SNAPSHOT-bom.json
[INFO]            attaching as data-security-plugin-rdf-abac-registration-1.3.3-SNAPSHOT-cyclonedx.json
[INFO] 
[INFO] --- gpg:3.2.8:sign (default) @ data-security-plugin-rdf-abac-registration ---
[INFO] Signer 'gpg' is signing 4 files with key default
[INFO] 
[INFO] --- install:3.1.2:install (default-install) @ data-security-plugin-rdf-abac-registration ---
[INFO] Installing /Users/paulgallagher/Code/smart-caches-core/data-security-parent/data-security-plugin-rdf-abac-registration/pom.xml to /Users/paulgallagher/.m2/repository/io/telicent/smart-caches/data-security-plugin-rdf-abac-registration/1.3.3-SNAPSHOT/data-security-plugin-rdf-abac-registration-1.3.3-SNAPSHOT.pom
[INFO] Installing /Users/paulgallagher/Code/smart-caches-core/data-security-parent/data-security-plugin-rdf-abac-registration/target/data-security-plugin-rdf-abac-registration-1.3.3-SNAPSHOT.jar to /Users/paulgallagher/.m2/repository/io/telicent/smart-caches/data-security-plugin-rdf-abac-registration/1.3.3-SNAPSHOT/data-security-plugin-rdf-abac-registration-1.3.3-SNAPSHOT.jar
[INFO] Installing /Users/paulgallagher/Code/smart-caches-core/data-security-parent/data-security-plugin-rdf-abac-registration/target/data-security-plugin-rdf-abac-registration-1.3.3-SNAPSHOT-sources.jar to /Users/paulgallagher/.m2/repository/io/telicent/smart-caches/data-security-plugin-rdf-abac-registration/1.3.3-SNAPSHOT/data-security-plugin-rdf-abac-registration-1.3.3-SNAPSHOT-sources.jar
[INFO] Installing /Users/paulgallagher/Code/smart-caches-core/data-security-parent/data-security-plugin-rdf-abac-registration/target/data-security-plugin-rdf-abac-registration-1.3.3-SNAPSHOT-bom.json to /Users/paulgallagher/.m2/repository/io/telicent/smart-caches/data-security-plugin-rdf-abac-registration/1.3.3-SNAPSHOT/data-security-plugin-rdf-abac-registration-1.3.3-SNAPSHOT-cyclonedx.json
[INFO] Installing /Users/paulgallagher/Code/smart-caches-core/data-security-parent/data-security-plugin-rdf-abac-registration/target/data-security-plugin-rdf-abac-registration-1.3.3-SNAPSHOT.jar.asc to /Users/paulgallagher/.m2/repository/io/telicent/smart-caches/data-security-plugin-rdf-abac-registration/1.3.3-SNAPSHOT/data-security-plugin-rdf-abac-registration-1.3.3-SNAPSHOT.jar.asc
[INFO] Installing /Users/paulgallagher/Code/smart-caches-core/data-security-parent/data-security-plugin-rdf-abac-registration/target/data-security-plugin-rdf-abac-registration-1.3.3-SNAPSHOT.pom.asc to /Users/paulgallagher/.m2/repository/io/telicent/smart-caches/data-security-plugin-rdf-abac-registration/1.3.3-SNAPSHOT/data-security-plugin-rdf-abac-registration-1.3.3-SNAPSHOT.pom.asc
[INFO] Installing /Users/paulgallagher/Code/smart-caches-core/data-security-parent/data-security-plugin-rdf-abac-registration/target/data-security-plugin-rdf-abac-registration-1.3.3-SNAPSHOT-sources.jar.asc to /Users/paulgallagher/.m2/repository/io/telicent/smart-caches/data-security-plugin-rdf-abac-registration/1.3.3-SNAPSHOT/data-security-plugin-rdf-abac-registration-1.3.3-SNAPSHOT-sources.jar.asc
[INFO] Installing /Users/paulgallagher/Code/smart-caches-core/data-security-parent/data-security-plugin-rdf-abac-registration/target/data-security-plugin-rdf-abac-registration-1.3.3-SNAPSHOT-bom.json.asc to /Users/paulgallagher/.m2/repository/io/telicent/smart-caches/data-security-plugin-rdf-abac-registration/1.3.3-SNAPSHOT/data-security-plugin-rdf-abac-registration-1.3.3-SNAPSHOT-cyclonedx.json.asc
[INFO] 
[INFO] ----------------< io.telicent.smart-caches:benchmarks >-----------------
[INFO] Building Telicent Smart Caches - Core Benchmarks 1.3.3-SNAPSHOT  [22/22]
[INFO]   from benchmarks/pom.xml
[INFO] --------------------------------[ jar ]---------------------------------
[INFO] 
[INFO] --- clean:3.2.0:clean (default-clean) @ benchmarks ---
[INFO] Deleting /Users/paulgallagher/Code/smart-caches-core/benchmarks/target
[INFO] 
[INFO] --- enforcer:3.6.3:enforce (enforce-versions) @ benchmarks ---
[INFO] 
[INFO] --- license:5.1.2:check (check-licenses) @ benchmarks ---
[INFO] Checking licenses...
[INFO] License check: 2 file(s) checked (OK: 2, Missing: 0, Unknown: 0)
[INFO] 
[INFO] --- lombok:1.18.20.0:delombok (default) @ benchmarks ---
[INFO] Delombok complete.
[INFO] 
[INFO] --- buildnumber:3.3.0:create-metadata (default) @ benchmarks ---
[INFO] 
[INFO] --- resources:3.3.1:resources (default-resources) @ benchmarks ---
[INFO] skip non existing resourceDirectory /Users/paulgallagher/Code/smart-caches-core/benchmarks/src/main/resources
[INFO] Copying 1 resource from target/generated/build-metadata to target/classes
[INFO] 
[INFO] --- compiler:3.15.0:compile (default-compile) @ benchmarks ---
[INFO] Recompiling the module because of changed dependency.
[INFO] Compiling 2 source files with javac [debug release 21] to target/classes
[INFO] 
[INFO] --- resources:3.3.1:testResources (default-testResources) @ benchmarks ---
[INFO] skip non existing resourceDirectory /Users/paulgallagher/Code/smart-caches-core/benchmarks/src/test/resources
[INFO] 
[INFO] --- compiler:3.15.0:testCompile (default-testCompile) @ benchmarks ---
[INFO] No sources to compile
[INFO] 
[INFO] --- surefire:3.2.5:test (default-test) @ benchmarks ---
[INFO] No tests to run.
[INFO] 
[INFO] --- jar:3.5.1:jar (default-jar) @ benchmarks ---
[INFO] Building jar: /Users/paulgallagher/Code/smart-caches-core/benchmarks/target/benchmarks-1.3.3-SNAPSHOT.jar
[INFO] 
[INFO] --- shade:3.6.2:shade (default) @ benchmarks ---
[INFO] Dependency-reduced POM written at: /Users/paulgallagher/Code/smart-caches-core/benchmarks/dependency-reduced-pom.xml
[WARNING] jackson-core-2.22.2.jar, jackson-core-3.2.2.jar define 3 overlapping resources: 
[WARNING]   - META-INF/FastDoubleParser-LICENSE
[WARNING]   - META-INF/FastDoubleParser-ThirdParty-LICENSE
[WARNING]   - META-INF/Schubfach-LICENSE
[WARNING] maven-shade-plugin has detected that some files are
[WARNING] present in two or more JARs. When this happens, only one
[WARNING] single version of the file is copied to the uber jar.
[WARNING] Usually this is not harmful and you can skip these warnings,
[WARNING] otherwise try to manually exclude artifacts based on
[WARNING] mvn dependency:tree -Ddetail=true and the above output.
[WARNING] See https://maven.apache.org/plugins/maven-shade-plugin/
[INFO] 
[INFO] --- jar:3.5.1:test-jar (create-test-jar) @ benchmarks ---
[INFO] Skipping packaging of the test-jar
[INFO] 
[INFO] >>> source:3.4.0:jar (attach-sources) > generate-sources @ benchmarks >>>
[INFO] 
[INFO] --- enforcer:3.6.3:enforce (enforce-versions) @ benchmarks ---
[INFO] 
[INFO] --- license:5.1.2:check (check-licenses) @ benchmarks ---
[INFO] Checking licenses...
[INFO] License check: 2 file(s) checked (OK: 2, Missing: 0, Unknown: 0)
[INFO] 
[INFO] --- lombok:1.18.20.0:delombok (default) @ benchmarks ---
[INFO] Delombok complete.
[INFO] 
[INFO] <<< source:3.4.0:jar (attach-sources) < generate-sources @ benchmarks <<<
[INFO] 
[INFO] 
[INFO] --- source:3.4.0:jar (attach-sources) @ benchmarks ---
[INFO] Building jar: /Users/paulgallagher/Code/smart-caches-core/benchmarks/target/benchmarks-1.3.3-SNAPSHOT-sources.jar
[INFO] 
[INFO] >>> source:3.4.0:test-jar (attach-test-sources) > generate-sources @ benchmarks >>>
[INFO] 
[INFO] --- enforcer:3.6.3:enforce (enforce-versions) @ benchmarks ---
[INFO] 
[INFO] --- license:5.1.2:check (check-licenses) @ benchmarks ---
[INFO] Checking licenses...
[INFO] License check: 2 file(s) checked (OK: 2, Missing: 0, Unknown: 0)
[INFO] 
[INFO] --- lombok:1.18.20.0:delombok (default) @ benchmarks ---
[INFO] Delombok complete.
[INFO] 
[INFO] <<< source:3.4.0:test-jar (attach-test-sources) < generate-sources @ benchmarks <<<
[INFO] 
[INFO] 
[INFO] --- source:3.4.0:test-jar (attach-test-sources) @ benchmarks ---
[INFO] Skipping source per configuration.
[INFO] 
[INFO] --- javadoc:3.12.0:jar (default) @ benchmarks ---
[INFO] Building jar: /Users/paulgallagher/Code/smart-caches-core/benchmarks/target/benchmarks-1.3.3-SNAPSHOT-javadoc.jar
[INFO] 
[INFO] --- cyclonedx:2.9.3:makeAggregateBom (build-sbom-cyclonedx) @ benchmarks ---
[INFO] CycloneDX: Resolving Dependencies
[INFO] CycloneDX: Creating BOM version 1.6 with 23 component(s)
[INFO] CycloneDX: Writing and validating BOM (JSON): /Users/paulgallagher/Code/smart-caches-core/benchmarks/target/benchmarks-1.3.3-SNAPSHOT-bom.json
[INFO]            attaching as benchmarks-1.3.3-SNAPSHOT-cyclonedx.json
[INFO] 
[INFO] --- gpg:3.2.8:sign (default) @ benchmarks ---
[INFO] 
[INFO] --- install:3.1.2:install (default-install) @ benchmarks ---
[INFO] Installing /Users/paulgallagher/Code/smart-caches-core/benchmarks/dependency-reduced-pom.xml to /Users/paulgallagher/.m2/repository/io/telicent/smart-caches/benchmarks/1.3.3-SNAPSHOT/benchmarks-1.3.3-SNAPSHOT.pom
[INFO] Installing /Users/paulgallagher/Code/smart-caches-core/benchmarks/target/benchmarks-1.3.3-SNAPSHOT.jar to /Users/paulgallagher/.m2/repository/io/telicent/smart-caches/benchmarks/1.3.3-SNAPSHOT/benchmarks-1.3.3-SNAPSHOT.jar
[INFO] Installing /Users/paulgallagher/Code/smart-caches-core/benchmarks/target/benchmarks-1.3.3-SNAPSHOT-sources.jar to /Users/paulgallagher/.m2/repository/io/telicent/smart-caches/benchmarks/1.3.3-SNAPSHOT/benchmarks-1.3.3-SNAPSHOT-sources.jar
[INFO] Installing /Users/paulgallagher/Code/smart-caches-core/benchmarks/target/benchmarks-1.3.3-SNAPSHOT-javadoc.jar to /Users/paulgallagher/.m2/repository/io/telicent/smart-caches/benchmarks/1.3.3-SNAPSHOT/benchmarks-1.3.3-SNAPSHOT-javadoc.jar
[INFO] Installing /Users/paulgallagher/Code/smart-caches-core/benchmarks/target/benchmarks-1.3.3-SNAPSHOT-bom.json to /Users/paulgallagher/.m2/repository/io/telicent/smart-caches/benchmarks/1.3.3-SNAPSHOT/benchmarks-1.3.3-SNAPSHOT-cyclonedx.json
[INFO] ------------------------------------------------------------------------
[INFO] Reactor Summary for Telicent Smart Caches - Parent 1.3.3-SNAPSHOT:
[INFO] 
[INFO] Telicent Smart Caches - Parent ..................... SUCCESS [ 13.995 s]
[INFO] Telicent Smart Caches - Configuration API .......... SUCCESS [  5.432 s]
[INFO] Telicent Smart Caches - Observability Core API ..... SUCCESS [  8.375 s]
[INFO] Telicent Smart Caches - Projectors - Core API ...... SUCCESS [ 31.757 s]
[INFO] Telicent Smart Caches - Event Sources .............. SUCCESS [  0.676 s]
[INFO] Telicent Smart Caches - Event Sources - Core API ... SUCCESS [ 11.361 s]
[INFO] Telicent Smart Caches - Projectors - Driver ........ SUCCESS [ 14.510 s]
[INFO] Telicent Smart Caches - Event Sources - Kafka ...... SUCCESS [05:11 min]
[INFO] Telicent Smart Caches - Event Sources - File ....... SUCCESS [ 24.859 s]
[INFO] Telicent Smart Caches - JWT Authentication ......... SUCCESS [  8.564 s]
[INFO] Telicent Smart Caches - Distribution Lifecycle ..... SUCCESS [02:16 min]
[INFO] Telicent Smart Caches - Data Security Plugins - Parent SUCCESS [  0.692 s]
[INFO] Telicent Smart Caches - Data Security Plugins - Plugin API SUCCESS [  9.687 s]
[INFO] Telicent Smart Caches - JAX-RS Base Server ......... SUCCESS [ 25.582 s]
[INFO] Telicent Smart Caches - CLI ........................ SUCCESS [  0.779 s]
[INFO] Telicent Smart Caches - CLI - Health Probe Server .. SUCCESS [ 11.452 s]
[INFO] Telicent Smart Caches - Action Tracker ............. SUCCESS [01:07 min]
[INFO] Telicent Smart Caches - CLI - Core API ............. SUCCESS [02:25 min]
[INFO] Telicent Smart Caches - CLI - Debug Tools .......... SUCCESS [08:49 min]
[INFO] Telicent Smart Caches - Data Security Plugins - RDF ABAC Implementation SUCCESS [ 12.173 s]
[INFO] Telicent Smart Caches - Data Security Plugins - RDF ABAC Registration SUCCESS [  3.813 s]
[INFO] Telicent Smart Caches - Core Benchmarks ............ SUCCESS [  2.424 s]
[INFO] ------------------------------------------------------------------------
[INFO] BUILD SUCCESS
[INFO] ------------------------------------------------------------------------
[INFO] Total time:  22:55 min
[INFO] Finished at: 2026-09-08T09:48:47+01:00
[INFO] ------------------------------------------------------------------------
