[INFO] Scanning for projects...
[INFO] Inspecting build with total of 22 modules
[INFO] Installing Central Publishing features
[INFO] ------------------------------------------------------------------------
[INFO] Reactor Build Order:
[INFO] 
[INFO] Telicent Smart Caches - Parent                                     [pom]
[INFO] Telicent Smart Caches - Configuration API                          [jar]
[INFO] Telicent Smart Caches - Observability Core API                     [jar]
[INFO] Telicent Smart Caches - Projectors - Core API                      [jar]
[INFO] Telicent Smart Caches - Event Sources                              [pom]
[INFO] Telicent Smart Caches - Event Sources - Core API                   [jar]
[INFO] Telicent Smart Caches - Projectors - Driver                        [jar]
[INFO] Telicent Smart Caches - Event Sources - Kafka                      [jar]
[INFO] Telicent Smart Caches - Event Sources - File                       [jar]
[INFO] Telicent Smart Caches - JWT Authentication                         [jar]
[INFO] Telicent Smart Caches - Distribution Lifecycle                     [jar]
[INFO] Telicent Smart Caches - Data Security Plugins - Parent             [pom]
[INFO] Telicent Smart Caches - Data Security Plugins - Plugin API         [jar]
[INFO] Telicent Smart Caches - JAX-RS Base Server                         [jar]
[INFO] Telicent Smart Caches - CLI                                        [pom]
[INFO] Telicent Smart Caches - CLI - Health Probe Server                  [jar]
[INFO] Telicent Smart Caches - Action Tracker                             [jar]
[INFO] Telicent Smart Caches - CLI - Core API                             [jar]
[INFO] Telicent Smart Caches - CLI - Debug Tools                          [jar]
[INFO] Telicent Smart Caches - Data Security Plugins - RDF ABAC Implementation [jar]
[INFO] Telicent Smart Caches - Data Security Plugins - RDF ABAC Registration [jar]
[INFO] Telicent Smart Caches - Core Benchmarks                            [jar]
[INFO] 
[INFO] ------------------< io.telicent.smart-caches:parent >-------------------
[INFO] Building Telicent Smart Caches - Parent 1.2.2-SNAPSHOT            [1/22]
[INFO]   from pom.xml
[INFO] --------------------------------[ pom ]---------------------------------
[INFO] 
[INFO] --- clean:3.2.0:clean (default-clean) @ parent ---
[INFO] Deleting /Users/paulgallagher/Code/smart-caches-core/target
[INFO] 
[INFO] --- enforcer:3.6.3:enforce (enforce-versions) @ parent ---
[INFO] Rule 0: org.apache.maven.enforcer.rules.version.RequireMavenVersion passed
[INFO] Rule 1: org.apache.maven.enforcer.rules.version.RequireJavaVersion passed
[INFO] 
[INFO] --- license:5.1.1:check (check-licenses) @ parent ---
[INFO] Checking licenses...
[WARNING] Unknown file extension: /Users/paulgallagher/Code/smart-caches-core/lombok.config
[WARNING] Unknown file extension: /Users/paulgallagher/Code/smart-caches-core/docs/data-security/label-data-access-flow.mmd
[WARNING] Unknown file extension: /Users/paulgallagher/Code/smart-caches-core/docs/data-security/label-ingest-flow.mmd
[WARNING] Unknown file extension: /Users/paulgallagher/Code/smart-caches-core/.active-profiles-codex
[WARNING] Unknown file extension: /Users/paulgallagher/Code/smart-caches-core/.canunlink.tDNx
[INFO] License check: 13 file(s) checked (OK: 8, Missing: 0, Unknown: 5)
[WARNING] Unable to find a comment style definition for some files. You may want to add a custom mapping for the relevant file extensions.
[INFO] 
[INFO] --- lombok:1.18.20.0:delombok (default) @ parent ---
[WARNING] Skipping Delombok; no source to process.
[INFO] 
[INFO] --- buildnumber:3.3.0:create-metadata (default) @ parent ---
[INFO] 
[INFO] --- jar:3.5.1:test-jar (create-test-jar) @ parent ---
[INFO] Skipping packaging of the test-jar
[INFO] 
[INFO] >>> source:3.4.0:jar (attach-sources) > generate-sources @ parent >>>
[INFO] 
[INFO] --- enforcer:3.6.3:enforce (enforce-versions) @ parent ---
[INFO] 
[INFO] --- license:5.1.1:check (check-licenses) @ parent ---
[INFO] Checking licenses...
[WARNING] Unknown file extension: /Users/paulgallagher/Code/smart-caches-core/lombok.config
[WARNING] Unknown file extension: /Users/paulgallagher/Code/smart-caches-core/.active-profiles-codex
[WARNING] Unknown file extension: /Users/paulgallagher/Code/smart-caches-core/docs/data-security/label-data-access-flow.mmd
[WARNING] Unknown file extension: /Users/paulgallagher/Code/smart-caches-core/docs/data-security/label-ingest-flow.mmd
[WARNING] Unknown file extension: /Users/paulgallagher/Code/smart-caches-core/.canunlink.tDNx
[INFO] License check: 13 file(s) checked (OK: 8, Missing: 0, Unknown: 5)
[WARNING] Unable to find a comment style definition for some files. You may want to add a custom mapping for the relevant file extensions.
[INFO] 
[INFO] --- lombok:1.18.20.0:delombok (default) @ parent ---
[WARNING] Skipping Delombok; no source to process.
[INFO] 
[INFO] <<< source:3.4.0:jar (attach-sources) < generate-sources @ parent <<<
[INFO] 
[INFO] 
[INFO] --- source:3.4.0:jar (attach-sources) @ parent ---
[INFO] 
[INFO] >>> source:3.4.0:test-jar (attach-test-sources) > generate-sources @ parent >>>
[INFO] 
[INFO] --- enforcer:3.6.3:enforce (enforce-versions) @ parent ---
[INFO] 
[INFO] --- license:5.1.1:check (check-licenses) @ parent ---
[INFO] Checking licenses...
[WARNING] Unknown file extension: /Users/paulgallagher/Code/smart-caches-core/lombok.config
[WARNING] Unknown file extension: /Users/paulgallagher/Code/smart-caches-core/docs/data-security/label-ingest-flow.mmd
[WARNING] Unknown file extension: /Users/paulgallagher/Code/smart-caches-core/docs/data-security/label-data-access-flow.mmd
[WARNING] Unknown file extension: /Users/paulgallagher/Code/smart-caches-core/.active-profiles-codex
[WARNING] Unknown file extension: /Users/paulgallagher/Code/smart-caches-core/.canunlink.tDNx
[INFO] License check: 13 file(s) checked (OK: 8, Missing: 0, Unknown: 5)
[WARNING] Unable to find a comment style definition for some files. You may want to add a custom mapping for the relevant file extensions.
[INFO] 
[INFO] --- lombok:1.18.20.0:delombok (default) @ parent ---
[WARNING] Skipping Delombok; no source to process.
[INFO] 
[INFO] <<< source:3.4.0:test-jar (attach-test-sources) < generate-sources @ parent <<<
[INFO] 
[INFO] 
[INFO] --- source:3.4.0:test-jar (attach-test-sources) @ parent ---
[INFO] Skipping source per configuration.
[INFO] 
[INFO] --- javadoc:3.12.0:jar (default) @ parent ---
[INFO] Not executing Javadoc as the project is not a Java classpath-capable package
[INFO] 
[INFO] --- cyclonedx:2.9.3:makeAggregateBom (build-sbom-cyclonedx) @ parent ---
[INFO] CycloneDX: Resolving Aggregated Dependencies
[WARNING] BOM dependency listed but is not depended upon: pkg:maven/com.google.errorprone/error_prone_annotations@2.49.0?type=jar
[WARNING] BOM dependency listed but is not depended upon: pkg:maven/io.telicent.smart-caches/projector-driver@1.2.1?type=jar
[INFO] CycloneDX: Creating BOM version 1.6 with 185 component(s)
[INFO] CycloneDX: Writing and validating BOM (JSON): /Users/paulgallagher/Code/smart-caches-core/target/parent-1.2.2-SNAPSHOT-bom.json
[WARNING] Unknown keyword meta:enum - you should define your own Meta Schema. If the keyword is irrelevant for validation, just use a NonValidationKeyword or if it should generate annotations AnnotationKeyword
[WARNING] Unknown keyword deprecated - you should define your own Meta Schema. If the keyword is irrelevant for validation, just use a NonValidationKeyword or if it should generate annotations AnnotationKeyword
[INFO]            attaching as parent-1.2.2-SNAPSHOT-cyclonedx.json
[INFO] 
[INFO] --- gpg:3.2.8:sign (default) @ parent ---
[INFO] Signer 'gpg' is signing 2 files with key default
[INFO] 
[INFO] --- install:3.1.2:install (default-install) @ parent ---
[INFO] Installing /Users/paulgallagher/Code/smart-caches-core/pom.xml to /Users/paulgallagher/.m2/repository/io/telicent/smart-caches/parent/1.2.2-SNAPSHOT/parent-1.2.2-SNAPSHOT.pom
[INFO] Installing /Users/paulgallagher/Code/smart-caches-core/target/parent-1.2.2-SNAPSHOT-bom.json to /Users/paulgallagher/.m2/repository/io/telicent/smart-caches/parent/1.2.2-SNAPSHOT/parent-1.2.2-SNAPSHOT-cyclonedx.json
[INFO] Installing /Users/paulgallagher/Code/smart-caches-core/target/parent-1.2.2-SNAPSHOT.pom.asc to /Users/paulgallagher/.m2/repository/io/telicent/smart-caches/parent/1.2.2-SNAPSHOT/parent-1.2.2-SNAPSHOT.pom.asc
[INFO] Installing /Users/paulgallagher/Code/smart-caches-core/target/parent-1.2.2-SNAPSHOT-bom.json.asc to /Users/paulgallagher/.m2/repository/io/telicent/smart-caches/parent/1.2.2-SNAPSHOT/parent-1.2.2-SNAPSHOT-cyclonedx.json.asc
[INFO] 
[INFO] ---------------< io.telicent.smart-caches:configurator >----------------
[INFO] Building Telicent Smart Caches - Configuration API 1.2.2-SNAPSHOT [2/22]
[INFO]   from configurator/pom.xml
[INFO] --------------------------------[ jar ]---------------------------------
[INFO] 
[INFO] --- clean:3.2.0:clean (default-clean) @ configurator ---
[INFO] Deleting /Users/paulgallagher/Code/smart-caches-core/configurator/target
[INFO] 
[INFO] --- enforcer:3.6.3:enforce (enforce-versions) @ configurator ---
[INFO] 
[INFO] --- license:5.1.1:check (check-licenses) @ configurator ---
[INFO] Checking licenses...
[INFO] License check: 10 file(s) checked (OK: 10, Missing: 0, Unknown: 0)
[INFO] 
[INFO] --- lombok:1.18.20.0:delombok (default) @ configurator ---
[INFO] Delombok complete.
[INFO] 
[INFO] --- buildnumber:3.3.0:create-metadata (default) @ configurator ---
[INFO] 
[INFO] --- resources:3.3.1:resources (default-resources) @ configurator ---
[INFO] skip non existing resourceDirectory /Users/paulgallagher/Code/smart-caches-core/configurator/src/main/resources
[INFO] Copying 1 resource from target/generated/build-metadata to target/classes
[INFO] 
[INFO] --- compiler:3.15.0:compile (default-compile) @ configurator ---
[INFO] Recompiling the module because of changed source code.
[INFO] Compiling 6 source files with javac [debug release 21] to target/classes
[INFO] 
[INFO] --- resources:3.3.1:testResources (default-testResources) @ configurator ---
[INFO] Copying 2 resources from src/test/resources to target/test-classes
[INFO] 
[INFO] --- compiler:3.15.0:testCompile (default-testCompile) @ configurator ---
[INFO] Recompiling the module because of changed dependency.
[INFO] Compiling 2 source files with javac [debug release 21] to target/test-classes
[INFO] 
[INFO] --- jacoco:0.8.15:prepare-agent (prepare-agent) @ configurator ---
[INFO] argLine set to -javaagent:/Users/paulgallagher/.m2/repository/org/jacoco/org.jacoco.agent/0.8.15/org.jacoco.agent-0.8.15-runtime.jar=destfile=/Users/paulgallagher/Code/smart-caches-core/configurator/target/jacoco.exec,append=true
[INFO] 
[INFO] --- surefire:3.2.5:test (default-test) @ configurator ---
[INFO] Using auto detected provider org.apache.maven.surefire.testng.TestNGProvider
[INFO] 
[INFO] -------------------------------------------------------
[INFO]  T E S T S
[INFO] -------------------------------------------------------
[INFO] Running TestSuite
[INFO] Tests run: 29, Failures: 0, Errors: 0, Skipped: 0, Time elapsed: 0.472 s -- in TestSuite
[INFO] 
[INFO] Results:
[INFO] 
[INFO] Tests run: 29, Failures: 0, Errors: 0, Skipped: 0
[INFO] 
[INFO] 
[INFO] --- jar:3.5.1:jar (default-jar) @ configurator ---
[INFO] Building jar: /Users/paulgallagher/Code/smart-caches-core/configurator/target/configurator-1.2.2-SNAPSHOT.jar
[INFO] 
[INFO] --- jar:3.5.1:test-jar (create-test-jar) @ configurator ---
[INFO] Skipping packaging of the test-jar
[INFO] 
[INFO] >>> source:3.4.0:jar (attach-sources) > generate-sources @ configurator >>>
[INFO] 
[INFO] --- enforcer:3.6.3:enforce (enforce-versions) @ configurator ---
[INFO] 
[INFO] --- license:5.1.1:check (check-licenses) @ configurator ---
[INFO] Checking licenses...
[INFO] License check: 10 file(s) checked (OK: 10, Missing: 0, Unknown: 0)
[INFO] 
[INFO] --- lombok:1.18.20.0:delombok (default) @ configurator ---
[INFO] Delombok complete.
[INFO] 
[INFO] <<< source:3.4.0:jar (attach-sources) < generate-sources @ configurator <<<
[INFO] 
[INFO] 
[INFO] --- source:3.4.0:jar (attach-sources) @ configurator ---
[INFO] Building jar: /Users/paulgallagher/Code/smart-caches-core/configurator/target/configurator-1.2.2-SNAPSHOT-sources.jar
[INFO] 
[INFO] >>> source:3.4.0:test-jar (attach-test-sources) > generate-sources @ configurator >>>
[INFO] 
[INFO] --- enforcer:3.6.3:enforce (enforce-versions) @ configurator ---
[INFO] 
[INFO] --- license:5.1.1:check (check-licenses) @ configurator ---
[INFO] Checking licenses...
[INFO] License check: 10 file(s) checked (OK: 10, Missing: 0, Unknown: 0)
[INFO] 
[INFO] --- lombok:1.18.20.0:delombok (default) @ configurator ---
[INFO] Delombok complete.
[INFO] 
[INFO] <<< source:3.4.0:test-jar (attach-test-sources) < generate-sources @ configurator <<<
[INFO] 
[INFO] 
[INFO] --- source:3.4.0:test-jar (attach-test-sources) @ configurator ---
[INFO] Skipping source per configuration.
[INFO] 
[INFO] --- javadoc:3.12.0:jar (default) @ configurator ---
[INFO] Building jar: /Users/paulgallagher/Code/smart-caches-core/configurator/target/configurator-1.2.2-SNAPSHOT-javadoc.jar
[INFO] 
[INFO] --- cyclonedx:2.9.3:makeAggregateBom (build-sbom-cyclonedx) @ configurator ---
[INFO] CycloneDX: Resolving Dependencies
[INFO] CycloneDX: Creating BOM version 1.6 with 1 component(s)
[INFO] CycloneDX: Writing and validating BOM (JSON): /Users/paulgallagher/Code/smart-caches-core/configurator/target/configurator-1.2.2-SNAPSHOT-bom.json
[INFO]            attaching as configurator-1.2.2-SNAPSHOT-cyclonedx.json
[INFO] 
[INFO] --- gpg:3.2.8:sign (default) @ configurator ---
[INFO] Signer 'gpg' is signing 5 files with key default
[INFO] 
[INFO] --- jacoco:0.8.15:report (report) @ configurator ---
[INFO] Loading execution data file /Users/paulgallagher/Code/smart-caches-core/configurator/target/jacoco.exec
[INFO] Analyzed bundle 'Telicent Smart Caches - Configuration API' with 6 classes
[INFO] 
[INFO] --- jacoco:0.8.15:check (require-test-coverage) @ configurator ---
[INFO] Loading execution data file /Users/paulgallagher/Code/smart-caches-core/configurator/target/jacoco.exec
[INFO] Analyzed bundle 'configurator' with 6 classes
[INFO] All coverage checks have been met.
[INFO] 
[INFO] --- install:3.1.2:install (default-install) @ configurator ---
[INFO] Installing /Users/paulgallagher/Code/smart-caches-core/configurator/pom.xml to /Users/paulgallagher/.m2/repository/io/telicent/smart-caches/configurator/1.2.2-SNAPSHOT/configurator-1.2.2-SNAPSHOT.pom
[INFO] Installing /Users/paulgallagher/Code/smart-caches-core/configurator/target/configurator-1.2.2-SNAPSHOT.jar to /Users/paulgallagher/.m2/repository/io/telicent/smart-caches/configurator/1.2.2-SNAPSHOT/configurator-1.2.2-SNAPSHOT.jar
[INFO] Installing /Users/paulgallagher/Code/smart-caches-core/configurator/target/configurator-1.2.2-SNAPSHOT-sources.jar to /Users/paulgallagher/.m2/repository/io/telicent/smart-caches/configurator/1.2.2-SNAPSHOT/configurator-1.2.2-SNAPSHOT-sources.jar
[INFO] Installing /Users/paulgallagher/Code/smart-caches-core/configurator/target/configurator-1.2.2-SNAPSHOT-javadoc.jar to /Users/paulgallagher/.m2/repository/io/telicent/smart-caches/configurator/1.2.2-SNAPSHOT/configurator-1.2.2-SNAPSHOT-javadoc.jar
[INFO] Installing /Users/paulgallagher/Code/smart-caches-core/configurator/target/configurator-1.2.2-SNAPSHOT-bom.json to /Users/paulgallagher/.m2/repository/io/telicent/smart-caches/configurator/1.2.2-SNAPSHOT/configurator-1.2.2-SNAPSHOT-cyclonedx.json
[INFO] Installing /Users/paulgallagher/Code/smart-caches-core/configurator/target/configurator-1.2.2-SNAPSHOT.jar.asc to /Users/paulgallagher/.m2/repository/io/telicent/smart-caches/configurator/1.2.2-SNAPSHOT/configurator-1.2.2-SNAPSHOT.jar.asc
[INFO] Installing /Users/paulgallagher/Code/smart-caches-core/configurator/target/configurator-1.2.2-SNAPSHOT.pom.asc to /Users/paulgallagher/.m2/repository/io/telicent/smart-caches/configurator/1.2.2-SNAPSHOT/configurator-1.2.2-SNAPSHOT.pom.asc
[INFO] Installing /Users/paulgallagher/Code/smart-caches-core/configurator/target/configurator-1.2.2-SNAPSHOT-sources.jar.asc to /Users/paulgallagher/.m2/repository/io/telicent/smart-caches/configurator/1.2.2-SNAPSHOT/configurator-1.2.2-SNAPSHOT-sources.jar.asc
[INFO] Installing /Users/paulgallagher/Code/smart-caches-core/configurator/target/configurator-1.2.2-SNAPSHOT-javadoc.jar.asc to /Users/paulgallagher/.m2/repository/io/telicent/smart-caches/configurator/1.2.2-SNAPSHOT/configurator-1.2.2-SNAPSHOT-javadoc.jar.asc
[INFO] Installing /Users/paulgallagher/Code/smart-caches-core/configurator/target/configurator-1.2.2-SNAPSHOT-bom.json.asc to /Users/paulgallagher/.m2/repository/io/telicent/smart-caches/configurator/1.2.2-SNAPSHOT/configurator-1.2.2-SNAPSHOT-cyclonedx.json.asc
[INFO] 
[INFO] ------------< io.telicent.smart-caches:observability-core >-------------
[INFO] Building Telicent Smart Caches - Observability Core API 1.2.2-SNAPSHOT [3/22]
[INFO]   from observability-core/pom.xml
[INFO] --------------------------------[ jar ]---------------------------------
[INFO] 
[INFO] --- clean:3.2.0:clean (default-clean) @ observability-core ---
[INFO] Deleting /Users/paulgallagher/Code/smart-caches-core/observability-core/target
[INFO] 
[INFO] --- enforcer:3.6.3:enforce (enforce-versions) @ observability-core ---
[INFO] 
[INFO] --- license:5.1.1:check (check-licenses) @ observability-core ---
[INFO] Checking licenses...
[INFO] License check: 41 file(s) checked (OK: 41, Missing: 0, Unknown: 0)
[INFO] 
[INFO] --- dependency:3.11.0:properties (properties) @ observability-core ---
[INFO] 
[INFO] --- lombok:1.18.20.0:delombok (default) @ observability-core ---
[INFO] Delombok complete.
[INFO] 
[INFO] --- buildnumber:3.3.0:create-metadata (default) @ observability-core ---
[INFO] 
[INFO] --- resources:3.3.1:resources (default-resources) @ observability-core ---
[INFO] skip non existing resourceDirectory /Users/paulgallagher/Code/smart-caches-core/observability-core/src/main/resources
[INFO] Copying 1 resource from target/generated/build-metadata to target/classes
[INFO] 
[INFO] --- compiler:3.15.0:compile (default-compile) @ observability-core ---
[INFO] Recompiling the module because of changed dependency.
[INFO] Compiling 26 source files with javac [debug release 21] to target/classes
[INFO] 
[INFO] --- resources:3.3.1:testResources (default-testResources) @ observability-core ---
[INFO] Copying 5 resources from src/test/resources to target/test-classes
[INFO] 
[INFO] --- compiler:3.15.0:testCompile (default-testCompile) @ observability-core ---
[INFO] Recompiling the module because of changed dependency.
[INFO] Compiling 13 source files with javac [debug release 21] to target/test-classes
[INFO] 
[INFO] --- jacoco:0.8.15:prepare-agent (prepare-agent) @ observability-core ---
[INFO] argLine set to -javaagent:/Users/paulgallagher/.m2/repository/org/jacoco/org.jacoco.agent/0.8.15/org.jacoco.agent-0.8.15-runtime.jar=destfile=/Users/paulgallagher/Code/smart-caches-core/observability-core/target/jacoco.exec,append=true
[INFO] 
[INFO] --- surefire:3.5.6:test (default-test) @ observability-core ---
[INFO] Using auto detected provider org.apache.maven.surefire.testng.TestNGProvider
[INFO] 
[INFO] -------------------------------------------------------
[INFO]  T E S T S
[INFO] -------------------------------------------------------
[INFO] Running TestSuite
[INFO] Tests run: 67, Failures: 0, Errors: 0, Skipped: 0, Time elapsed: 1.362 s -- in TestSuite
[INFO] 
[INFO] Results:
[INFO] 
[INFO] Tests run: 67, Failures: 0, Errors: 0, Skipped: 0
[INFO] 
[INFO] 
[INFO] --- jar:3.5.1:jar (default-jar) @ observability-core ---
[INFO] Building jar: /Users/paulgallagher/Code/smart-caches-core/observability-core/target/observability-core-1.2.2-SNAPSHOT.jar
[INFO] 
[INFO] --- jar:3.5.1:test-jar (create-test-jar) @ observability-core ---
[INFO] Building jar: /Users/paulgallagher/Code/smart-caches-core/observability-core/target/observability-core-1.2.2-SNAPSHOT-tests.jar
[INFO] 
[INFO] >>> source:3.4.0:jar (attach-sources) > generate-sources @ observability-core >>>
[INFO] 
[INFO] --- enforcer:3.6.3:enforce (enforce-versions) @ observability-core ---
[INFO] 
[INFO] --- license:5.1.1:check (check-licenses) @ observability-core ---
[INFO] Checking licenses...
[INFO] License check: 41 file(s) checked (OK: 41, Missing: 0, Unknown: 0)
[INFO] 
[INFO] --- dependency:3.11.0:properties (properties) @ observability-core ---
[INFO] 
[INFO] --- lombok:1.18.20.0:delombok (default) @ observability-core ---
[INFO] Delombok complete.
[INFO] 
[INFO] <<< source:3.4.0:jar (attach-sources) < generate-sources @ observability-core <<<
[INFO] 
[INFO] 
[INFO] --- source:3.4.0:jar (attach-sources) @ observability-core ---
[INFO] Building jar: /Users/paulgallagher/Code/smart-caches-core/observability-core/target/observability-core-1.2.2-SNAPSHOT-sources.jar
[INFO] 
[INFO] >>> source:3.4.0:test-jar (attach-test-sources) > generate-sources @ observability-core >>>
[INFO] 
[INFO] --- enforcer:3.6.3:enforce (enforce-versions) @ observability-core ---
[INFO] 
[INFO] --- license:5.1.1:check (check-licenses) @ observability-core ---
[INFO] Checking licenses...
[INFO] License check: 41 file(s) checked (OK: 41, Missing: 0, Unknown: 0)
[INFO] 
[INFO] --- dependency:3.11.0:properties (properties) @ observability-core ---
[INFO] 
[INFO] --- lombok:1.18.20.0:delombok (default) @ observability-core ---
[INFO] Delombok complete.
[INFO] 
[INFO] <<< source:3.4.0:test-jar (attach-test-sources) < generate-sources @ observability-core <<<
[INFO] 
[INFO] 
[INFO] --- source:3.4.0:test-jar (attach-test-sources) @ observability-core ---
[INFO] Building jar: /Users/paulgallagher/Code/smart-caches-core/observability-core/target/observability-core-1.2.2-SNAPSHOT-test-sources.jar
[INFO] 
[INFO] --- javadoc:3.12.0:jar (default) @ observability-core ---
[INFO] Building jar: /Users/paulgallagher/Code/smart-caches-core/observability-core/target/observability-core-1.2.2-SNAPSHOT-javadoc.jar
[INFO] 
[INFO] --- cyclonedx:2.9.3:makeAggregateBom (build-sbom-cyclonedx) @ observability-core ---
[INFO] CycloneDX: Resolving Dependencies
[INFO] CycloneDX: Creating BOM version 1.6 with 7 component(s)
[INFO] CycloneDX: Writing and validating BOM (JSON): /Users/paulgallagher/Code/smart-caches-core/observability-core/target/observability-core-1.2.2-SNAPSHOT-bom.json
[INFO]            attaching as observability-core-1.2.2-SNAPSHOT-cyclonedx.json
[INFO] 
[INFO] --- gpg:3.2.8:sign (default) @ observability-core ---
[INFO] Signer 'gpg' is signing 7 files with key default
[INFO] 
[INFO] --- jacoco:0.8.15:report (report) @ observability-core ---
[INFO] Loading execution data file /Users/paulgallagher/Code/smart-caches-core/observability-core/target/jacoco.exec
[INFO] Analyzed bundle 'Telicent Smart Caches - Observability Core API' with 17 classes
[INFO] 
[INFO] --- jacoco:0.8.15:check (require-test-coverage) @ observability-core ---
[INFO] Loading execution data file /Users/paulgallagher/Code/smart-caches-core/observability-core/target/jacoco.exec
[INFO] Analyzed bundle 'observability-core' with 17 classes
[INFO] All coverage checks have been met.
[INFO] 
[INFO] --- dependency:3.11.0:analyze-only (analyze) @ observability-core ---
[INFO] No dependency problems found
[INFO] 
[INFO] --- install:3.1.2:install (default-install) @ observability-core ---
[INFO] Installing /Users/paulgallagher/Code/smart-caches-core/observability-core/pom.xml to /Users/paulgallagher/.m2/repository/io/telicent/smart-caches/observability-core/1.2.2-SNAPSHOT/observability-core-1.2.2-SNAPSHOT.pom
[INFO] Installing /Users/paulgallagher/Code/smart-caches-core/observability-core/target/observability-core-1.2.2-SNAPSHOT.jar to /Users/paulgallagher/.m2/repository/io/telicent/smart-caches/observability-core/1.2.2-SNAPSHOT/observability-core-1.2.2-SNAPSHOT.jar
[INFO] Installing /Users/paulgallagher/Code/smart-caches-core/observability-core/target/observability-core-1.2.2-SNAPSHOT-tests.jar to /Users/paulgallagher/.m2/repository/io/telicent/smart-caches/observability-core/1.2.2-SNAPSHOT/observability-core-1.2.2-SNAPSHOT-tests.jar
[INFO] Installing /Users/paulgallagher/Code/smart-caches-core/observability-core/target/observability-core-1.2.2-SNAPSHOT-sources.jar to /Users/paulgallagher/.m2/repository/io/telicent/smart-caches/observability-core/1.2.2-SNAPSHOT/observability-core-1.2.2-SNAPSHOT-sources.jar
[INFO] Installing /Users/paulgallagher/Code/smart-caches-core/observability-core/target/observability-core-1.2.2-SNAPSHOT-test-sources.jar to /Users/paulgallagher/.m2/repository/io/telicent/smart-caches/observability-core/1.2.2-SNAPSHOT/observability-core-1.2.2-SNAPSHOT-test-sources.jar
[INFO] Installing /Users/paulgallagher/Code/smart-caches-core/observability-core/target/observability-core-1.2.2-SNAPSHOT-javadoc.jar to /Users/paulgallagher/.m2/repository/io/telicent/smart-caches/observability-core/1.2.2-SNAPSHOT/observability-core-1.2.2-SNAPSHOT-javadoc.jar
[INFO] Installing /Users/paulgallagher/Code/smart-caches-core/observability-core/target/observability-core-1.2.2-SNAPSHOT-bom.json to /Users/paulgallagher/.m2/repository/io/telicent/smart-caches/observability-core/1.2.2-SNAPSHOT/observability-core-1.2.2-SNAPSHOT-cyclonedx.json
[INFO] Installing /Users/paulgallagher/Code/smart-caches-core/observability-core/target/observability-core-1.2.2-SNAPSHOT.jar.asc to /Users/paulgallagher/.m2/repository/io/telicent/smart-caches/observability-core/1.2.2-SNAPSHOT/observability-core-1.2.2-SNAPSHOT.jar.asc
[INFO] Installing /Users/paulgallagher/Code/smart-caches-core/observability-core/target/observability-core-1.2.2-SNAPSHOT.pom.asc to /Users/paulgallagher/.m2/repository/io/telicent/smart-caches/observability-core/1.2.2-SNAPSHOT/observability-core-1.2.2-SNAPSHOT.pom.asc
[INFO] Installing /Users/paulgallagher/Code/smart-caches-core/observability-core/target/observability-core-1.2.2-SNAPSHOT-tests.jar.asc to /Users/paulgallagher/.m2/repository/io/telicent/smart-caches/observability-core/1.2.2-SNAPSHOT/observability-core-1.2.2-SNAPSHOT-tests.jar.asc
[INFO] Installing /Users/paulgallagher/Code/smart-caches-core/observability-core/target/observability-core-1.2.2-SNAPSHOT-sources.jar.asc to /Users/paulgallagher/.m2/repository/io/telicent/smart-caches/observability-core/1.2.2-SNAPSHOT/observability-core-1.2.2-SNAPSHOT-sources.jar.asc
[INFO] Installing /Users/paulgallagher/Code/smart-caches-core/observability-core/target/observability-core-1.2.2-SNAPSHOT-test-sources.jar.asc to /Users/paulgallagher/.m2/repository/io/telicent/smart-caches/observability-core/1.2.2-SNAPSHOT/observability-core-1.2.2-SNAPSHOT-test-sources.jar.asc
[INFO] Installing /Users/paulgallagher/Code/smart-caches-core/observability-core/target/observability-core-1.2.2-SNAPSHOT-javadoc.jar.asc to /Users/paulgallagher/.m2/repository/io/telicent/smart-caches/observability-core/1.2.2-SNAPSHOT/observability-core-1.2.2-SNAPSHOT-javadoc.jar.asc
[INFO] Installing /Users/paulgallagher/Code/smart-caches-core/observability-core/target/observability-core-1.2.2-SNAPSHOT-bom.json.asc to /Users/paulgallagher/.m2/repository/io/telicent/smart-caches/observability-core/1.2.2-SNAPSHOT/observability-core-1.2.2-SNAPSHOT-cyclonedx.json.asc
[INFO] 
[INFO] --------------< io.telicent.smart-caches:projectors-core >--------------
[INFO] Building Telicent Smart Caches - Projectors - Core API 1.2.2-SNAPSHOT [4/22]
[INFO]   from projectors-core/pom.xml
[INFO] --------------------------------[ jar ]---------------------------------
[INFO] 
[INFO] --- clean:3.2.0:clean (default-clean) @ projectors-core ---
[INFO] Deleting /Users/paulgallagher/Code/smart-caches-core/projectors-core/target
[INFO] 
[INFO] --- enforcer:3.6.3:enforce (enforce-versions) @ projectors-core ---
[INFO] 
[INFO] --- license:5.1.1:check (check-licenses) @ projectors-core ---
[INFO] Checking licenses...
[INFO] License check: 49 file(s) checked (OK: 49, Missing: 0, Unknown: 0)
[INFO] 
[INFO] --- lombok:1.18.20.0:delombok (default) @ projectors-core ---
[INFO] Delombok complete.
[INFO] 
[INFO] --- buildnumber:3.3.0:create-metadata (default) @ projectors-core ---
[INFO] 
[INFO] --- resources:3.3.1:resources (default-resources) @ projectors-core ---
[INFO] Copying 1 resource from src/main/resources to target/classes
[INFO] Copying 1 resource from target/generated/build-metadata to target/classes
[INFO] 
[INFO] --- compiler:3.15.0:compile (default-compile) @ projectors-core ---
[INFO] Recompiling the module because of changed dependency.
[INFO] Compiling 24 source files with javac [debug release 21] to target/classes
[INFO] 
[INFO] --- resources:3.3.1:testResources (default-testResources) @ projectors-core ---
[INFO] Copying 2 resources from src/test/resources to target/test-classes
[INFO] 
[INFO] --- compiler:3.15.0:testCompile (default-testCompile) @ projectors-core ---
[INFO] Recompiling the module because of changed dependency.
[INFO] Compiling 22 source files with javac [debug release 21] to target/test-classes
[INFO] 
[INFO] --- jacoco:0.8.15:prepare-agent (prepare-agent) @ projectors-core ---
[INFO] argLine set to -javaagent:/Users/paulgallagher/.m2/repository/org/jacoco/org.jacoco.agent/0.8.15/org.jacoco.agent-0.8.15-runtime.jar=destfile=/Users/paulgallagher/Code/smart-caches-core/projectors-core/target/jacoco.exec,append=true
[INFO] 
[INFO] --- surefire:3.2.5:test (default-test) @ projectors-core ---
[INFO] Using auto detected provider org.apache.maven.surefire.testng.TestNGProvider
[INFO] 
[INFO] -------------------------------------------------------
[INFO]  T E S T S
[INFO] -------------------------------------------------------
[INFO] Running TestSuite
Aug 19, 2026 3:11:46 PM io.opentelemetry.sdk.common.internal.ThrottlingLogger doLog
WARNING: CallbackRegistration{instrumentDescriptors=[InstrumentDescriptor{name=items.processing_rate, description=How fast items are being processed, unit=, type=OBSERVABLE_GAUGE, valueType=DOUBLE, advice=Advice{explicitBucketBoundaries=null, attributes=null}}]} has called close() multiple times.
Aug 19, 2026 3:11:52 PM io.opentelemetry.sdk.common.internal.ThrottlingLogger doLog
WARNING: CallbackRegistration{instrumentDescriptors=[InstrumentDescriptor{name=items.processing_rate, description=How fast items are being processed, unit=, type=OBSERVABLE_GAUGE, valueType=DOUBLE, advice=Advice{explicitBucketBoundaries=null, attributes=null}}]} has called close() multiple times.
[INFO] Tests run: 218, Failures: 0, Errors: 0, Skipped: 0, Time elapsed: 25.93 s -- in TestSuite
[INFO] 
[INFO] Results:
[INFO] 
[INFO] Tests run: 218, Failures: 0, Errors: 0, Skipped: 0
[INFO] 
[INFO] 
[INFO] --- jar:3.5.1:jar (default-jar) @ projectors-core ---
[INFO] Building jar: /Users/paulgallagher/Code/smart-caches-core/projectors-core/target/projectors-core-1.2.2-SNAPSHOT.jar
[INFO] 
[INFO] --- jar:3.5.1:test-jar (create-test-jar) @ projectors-core ---
[INFO] Building jar: /Users/paulgallagher/Code/smart-caches-core/projectors-core/target/projectors-core-1.2.2-SNAPSHOT-tests.jar
[INFO] 
[INFO] >>> source:3.4.0:jar (attach-sources) > generate-sources @ projectors-core >>>
[INFO] 
[INFO] --- enforcer:3.6.3:enforce (enforce-versions) @ projectors-core ---
[INFO] 
[INFO] --- license:5.1.1:check (check-licenses) @ projectors-core ---
[INFO] Checking licenses...
[INFO] License check: 49 file(s) checked (OK: 49, Missing: 0, Unknown: 0)
[INFO] 
[INFO] --- lombok:1.18.20.0:delombok (default) @ projectors-core ---
[INFO] Delombok complete.
[INFO] 
[INFO] <<< source:3.4.0:jar (attach-sources) < generate-sources @ projectors-core <<<
[INFO] 
[INFO] 
[INFO] --- source:3.4.0:jar (attach-sources) @ projectors-core ---
[INFO] Building jar: /Users/paulgallagher/Code/smart-caches-core/projectors-core/target/projectors-core-1.2.2-SNAPSHOT-sources.jar
[INFO] 
[INFO] >>> source:3.4.0:test-jar (attach-test-sources) > generate-sources @ projectors-core >>>
[INFO] 
[INFO] --- enforcer:3.6.3:enforce (enforce-versions) @ projectors-core ---
[INFO] 
[INFO] --- license:5.1.1:check (check-licenses) @ projectors-core ---
[INFO] Checking licenses...
[INFO] License check: 49 file(s) checked (OK: 49, Missing: 0, Unknown: 0)
[INFO] 
[INFO] --- lombok:1.18.20.0:delombok (default) @ projectors-core ---
[INFO] Delombok complete.
[INFO] 
[INFO] <<< source:3.4.0:test-jar (attach-test-sources) < generate-sources @ projectors-core <<<
[INFO] 
[INFO] 
[INFO] --- source:3.4.0:test-jar (attach-test-sources) @ projectors-core ---
[INFO] Building jar: /Users/paulgallagher/Code/smart-caches-core/projectors-core/target/projectors-core-1.2.2-SNAPSHOT-test-sources.jar
[INFO] 
[INFO] --- javadoc:3.12.0:jar (default) @ projectors-core ---
[INFO] Building jar: /Users/paulgallagher/Code/smart-caches-core/projectors-core/target/projectors-core-1.2.2-SNAPSHOT-javadoc.jar
[INFO] 
[INFO] --- cyclonedx:2.9.3:makeAggregateBom (build-sbom-cyclonedx) @ projectors-core ---
[INFO] CycloneDX: Resolving Dependencies
[INFO] CycloneDX: Creating BOM version 1.6 with 20 component(s)
[INFO] CycloneDX: Writing and validating BOM (JSON): /Users/paulgallagher/Code/smart-caches-core/projectors-core/target/projectors-core-1.2.2-SNAPSHOT-bom.json
[INFO]            attaching as projectors-core-1.2.2-SNAPSHOT-cyclonedx.json
[INFO] 
[INFO] --- gpg:3.2.8:sign (default) @ projectors-core ---
[INFO] Signer 'gpg' is signing 7 files with key default
[INFO] 
[INFO] --- jacoco:0.8.15:report (report) @ projectors-core ---
[INFO] Loading execution data file /Users/paulgallagher/Code/smart-caches-core/projectors-core/target/jacoco.exec
[INFO] Analyzed bundle 'Telicent Smart Caches - Projectors - Core API' with 33 classes
[INFO] 
[INFO] --- jacoco:0.8.15:check (require-test-coverage) @ projectors-core ---
[INFO] Loading execution data file /Users/paulgallagher/Code/smart-caches-core/projectors-core/target/jacoco.exec
[INFO] Analyzed bundle 'projectors-core' with 33 classes
[INFO] All coverage checks have been met.
[INFO] 
[INFO] --- install:3.1.2:install (default-install) @ projectors-core ---
[INFO] Installing /Users/paulgallagher/Code/smart-caches-core/projectors-core/pom.xml to /Users/paulgallagher/.m2/repository/io/telicent/smart-caches/projectors-core/1.2.2-SNAPSHOT/projectors-core-1.2.2-SNAPSHOT.pom
[INFO] Installing /Users/paulgallagher/Code/smart-caches-core/projectors-core/target/projectors-core-1.2.2-SNAPSHOT.jar to /Users/paulgallagher/.m2/repository/io/telicent/smart-caches/projectors-core/1.2.2-SNAPSHOT/projectors-core-1.2.2-SNAPSHOT.jar
[INFO] Installing /Users/paulgallagher/Code/smart-caches-core/projectors-core/target/projectors-core-1.2.2-SNAPSHOT-tests.jar to /Users/paulgallagher/.m2/repository/io/telicent/smart-caches/projectors-core/1.2.2-SNAPSHOT/projectors-core-1.2.2-SNAPSHOT-tests.jar
[INFO] Installing /Users/paulgallagher/Code/smart-caches-core/projectors-core/target/projectors-core-1.2.2-SNAPSHOT-sources.jar to /Users/paulgallagher/.m2/repository/io/telicent/smart-caches/projectors-core/1.2.2-SNAPSHOT/projectors-core-1.2.2-SNAPSHOT-sources.jar
[INFO] Installing /Users/paulgallagher/Code/smart-caches-core/projectors-core/target/projectors-core-1.2.2-SNAPSHOT-test-sources.jar to /Users/paulgallagher/.m2/repository/io/telicent/smart-caches/projectors-core/1.2.2-SNAPSHOT/projectors-core-1.2.2-SNAPSHOT-test-sources.jar
[INFO] Installing /Users/paulgallagher/Code/smart-caches-core/projectors-core/target/projectors-core-1.2.2-SNAPSHOT-javadoc.jar to /Users/paulgallagher/.m2/repository/io/telicent/smart-caches/projectors-core/1.2.2-SNAPSHOT/projectors-core-1.2.2-SNAPSHOT-javadoc.jar
[INFO] Installing /Users/paulgallagher/Code/smart-caches-core/projectors-core/target/projectors-core-1.2.2-SNAPSHOT-bom.json to /Users/paulgallagher/.m2/repository/io/telicent/smart-caches/projectors-core/1.2.2-SNAPSHOT/projectors-core-1.2.2-SNAPSHOT-cyclonedx.json
[INFO] Installing /Users/paulgallagher/Code/smart-caches-core/projectors-core/target/projectors-core-1.2.2-SNAPSHOT.jar.asc to /Users/paulgallagher/.m2/repository/io/telicent/smart-caches/projectors-core/1.2.2-SNAPSHOT/projectors-core-1.2.2-SNAPSHOT.jar.asc
[INFO] Installing /Users/paulgallagher/Code/smart-caches-core/projectors-core/target/projectors-core-1.2.2-SNAPSHOT.pom.asc to /Users/paulgallagher/.m2/repository/io/telicent/smart-caches/projectors-core/1.2.2-SNAPSHOT/projectors-core-1.2.2-SNAPSHOT.pom.asc
[INFO] Installing /Users/paulgallagher/Code/smart-caches-core/projectors-core/target/projectors-core-1.2.2-SNAPSHOT-tests.jar.asc to /Users/paulgallagher/.m2/repository/io/telicent/smart-caches/projectors-core/1.2.2-SNAPSHOT/projectors-core-1.2.2-SNAPSHOT-tests.jar.asc
[INFO] Installing /Users/paulgallagher/Code/smart-caches-core/projectors-core/target/projectors-core-1.2.2-SNAPSHOT-sources.jar.asc to /Users/paulgallagher/.m2/repository/io/telicent/smart-caches/projectors-core/1.2.2-SNAPSHOT/projectors-core-1.2.2-SNAPSHOT-sources.jar.asc
[INFO] Installing /Users/paulgallagher/Code/smart-caches-core/projectors-core/target/projectors-core-1.2.2-SNAPSHOT-test-sources.jar.asc to /Users/paulgallagher/.m2/repository/io/telicent/smart-caches/projectors-core/1.2.2-SNAPSHOT/projectors-core-1.2.2-SNAPSHOT-test-sources.jar.asc
[INFO] Installing /Users/paulgallagher/Code/smart-caches-core/projectors-core/target/projectors-core-1.2.2-SNAPSHOT-javadoc.jar.asc to /Users/paulgallagher/.m2/repository/io/telicent/smart-caches/projectors-core/1.2.2-SNAPSHOT/projectors-core-1.2.2-SNAPSHOT-javadoc.jar.asc
[INFO] Installing /Users/paulgallagher/Code/smart-caches-core/projectors-core/target/projectors-core-1.2.2-SNAPSHOT-bom.json.asc to /Users/paulgallagher/.m2/repository/io/telicent/smart-caches/projectors-core/1.2.2-SNAPSHOT/projectors-core-1.2.2-SNAPSHOT-cyclonedx.json.asc
[INFO] 
[INFO] ---------------< io.telicent.smart-caches:event-sources >---------------
[INFO] Building Telicent Smart Caches - Event Sources 1.2.2-SNAPSHOT     [5/22]
[INFO]   from event-sources/pom.xml
[INFO] --------------------------------[ pom ]---------------------------------
[INFO] 
[INFO] --- clean:3.2.0:clean (default-clean) @ event-sources ---
[INFO] Deleting /Users/paulgallagher/Code/smart-caches-core/event-sources/target
[INFO] 
[INFO] --- enforcer:3.6.3:enforce (enforce-versions) @ event-sources ---
[INFO] 
[INFO] --- license:5.1.1:check (check-licenses) @ event-sources ---
[INFO] Checking licenses...
[INFO] License check: 0 file(s) checked (OK: 0, Missing: 0, Unknown: 0)
[INFO] 
[INFO] --- lombok:1.18.20.0:delombok (default) @ event-sources ---
[WARNING] Skipping Delombok; no source to process.
[INFO] 
[INFO] --- buildnumber:3.3.0:create-metadata (default) @ event-sources ---
[INFO] 
[INFO] --- jacoco:0.8.15:prepare-agent (prepare-agent) @ event-sources ---
[INFO] argLine set to -javaagent:/Users/paulgallagher/.m2/repository/org/jacoco/org.jacoco.agent/0.8.15/org.jacoco.agent-0.8.15-runtime.jar=destfile=/Users/paulgallagher/Code/smart-caches-core/event-sources/target/jacoco.exec,append=true
[INFO] 
[INFO] --- jar:3.5.1:test-jar (create-test-jar) @ event-sources ---
[INFO] Skipping packaging of the test-jar
[INFO] 
[INFO] >>> source:3.4.0:jar (attach-sources) > generate-sources @ event-sources >>>
[INFO] 
[INFO] --- enforcer:3.6.3:enforce (enforce-versions) @ event-sources ---
[INFO] 
[INFO] --- license:5.1.1:check (check-licenses) @ event-sources ---
[INFO] Checking licenses...
[INFO] License check: 0 file(s) checked (OK: 0, Missing: 0, Unknown: 0)
[INFO] 
[INFO] --- lombok:1.18.20.0:delombok (default) @ event-sources ---
[WARNING] Skipping Delombok; no source to process.
[INFO] 
[INFO] <<< source:3.4.0:jar (attach-sources) < generate-sources @ event-sources <<<
[INFO] 
[INFO] 
[INFO] --- source:3.4.0:jar (attach-sources) @ event-sources ---
[INFO] 
[INFO] >>> source:3.4.0:test-jar (attach-test-sources) > generate-sources @ event-sources >>>
[INFO] 
[INFO] --- enforcer:3.6.3:enforce (enforce-versions) @ event-sources ---
[INFO] 
[INFO] --- license:5.1.1:check (check-licenses) @ event-sources ---
[INFO] Checking licenses...
[INFO] License check: 0 file(s) checked (OK: 0, Missing: 0, Unknown: 0)
[INFO] 
[INFO] --- lombok:1.18.20.0:delombok (default) @ event-sources ---
[WARNING] Skipping Delombok; no source to process.
[INFO] 
[INFO] <<< source:3.4.0:test-jar (attach-test-sources) < generate-sources @ event-sources <<<
[INFO] 
[INFO] 
[INFO] --- source:3.4.0:test-jar (attach-test-sources) @ event-sources ---
[INFO] Skipping source per configuration.
[INFO] 
[INFO] --- javadoc:3.12.0:jar (default) @ event-sources ---
[INFO] Not executing Javadoc as the project is not a Java classpath-capable package
[INFO] 
[INFO] --- cyclonedx:2.9.3:makeAggregateBom (build-sbom-cyclonedx) @ event-sources ---
[INFO] CycloneDX: Resolving Dependencies
[INFO] CycloneDX: Creating BOM version 1.6 with 0 component(s)
[INFO] CycloneDX: Writing and validating BOM (JSON): /Users/paulgallagher/Code/smart-caches-core/event-sources/target/event-sources-1.2.2-SNAPSHOT-bom.json
[INFO]            attaching as event-sources-1.2.2-SNAPSHOT-cyclonedx.json
[INFO] 
[INFO] --- gpg:3.2.8:sign (default) @ event-sources ---
[INFO] Signer 'gpg' is signing 2 files with key default
[INFO] 
[INFO] --- jacoco:0.8.15:report (report) @ event-sources ---
[INFO] Skipping JaCoCo execution due to missing execution data file.
[INFO] 
[INFO] --- jacoco:0.8.15:check (require-test-coverage) @ event-sources ---
[INFO] Skipping JaCoCo execution due to missing execution data file:/Users/paulgallagher/Code/smart-caches-core/event-sources/target/jacoco.exec
[INFO] 
[INFO] --- install:3.1.2:install (default-install) @ event-sources ---
[INFO] Installing /Users/paulgallagher/Code/smart-caches-core/event-sources/pom.xml to /Users/paulgallagher/.m2/repository/io/telicent/smart-caches/event-sources/1.2.2-SNAPSHOT/event-sources-1.2.2-SNAPSHOT.pom
[INFO] Installing /Users/paulgallagher/Code/smart-caches-core/event-sources/target/event-sources-1.2.2-SNAPSHOT-bom.json to /Users/paulgallagher/.m2/repository/io/telicent/smart-caches/event-sources/1.2.2-SNAPSHOT/event-sources-1.2.2-SNAPSHOT-cyclonedx.json
[INFO] Installing /Users/paulgallagher/Code/smart-caches-core/event-sources/target/event-sources-1.2.2-SNAPSHOT.pom.asc to /Users/paulgallagher/.m2/repository/io/telicent/smart-caches/event-sources/1.2.2-SNAPSHOT/event-sources-1.2.2-SNAPSHOT.pom.asc
[INFO] Installing /Users/paulgallagher/Code/smart-caches-core/event-sources/target/event-sources-1.2.2-SNAPSHOT-bom.json.asc to /Users/paulgallagher/.m2/repository/io/telicent/smart-caches/event-sources/1.2.2-SNAPSHOT/event-sources-1.2.2-SNAPSHOT-cyclonedx.json.asc
[INFO] 
[INFO] ------------< io.telicent.smart-caches:event-sources-core >-------------
[INFO] Building Telicent Smart Caches - Event Sources - Core API 1.2.2-SNAPSHOT [6/22]
[INFO]   from event-sources/event-sources-core/pom.xml
[INFO] --------------------------------[ jar ]---------------------------------
[INFO] 
[INFO] --- clean:3.2.0:clean (default-clean) @ event-sources-core ---
[INFO] Deleting /Users/paulgallagher/Code/smart-caches-core/event-sources/event-sources-core/target
[INFO] 
[INFO] --- enforcer:3.6.3:enforce (enforce-versions) @ event-sources-core ---
[INFO] 
[INFO] --- license:5.1.1:check (check-licenses) @ event-sources-core ---
[INFO] Checking licenses...
[INFO] License check: 56 file(s) checked (OK: 56, Missing: 0, Unknown: 0)
[INFO] 
[INFO] --- lombok:1.18.20.0:delombok (default) @ event-sources-core ---
[INFO] Delombok complete.
[INFO] 
[INFO] --- buildnumber:3.3.0:create-metadata (default) @ event-sources-core ---
[INFO] 
[INFO] --- resources:3.3.1:resources (default-resources) @ event-sources-core ---
[INFO] Copying 1 resource from src/main/resources to target/classes
[INFO] Copying 1 resource from target/generated/build-metadata to target/classes
[INFO] 
[INFO] --- compiler:3.15.0:compile (default-compile) @ event-sources-core ---
[INFO] Recompiling the module because of changed dependency.
[INFO] Compiling 27 source files with javac [debug release 21] to target/classes
[INFO] 
[INFO] --- resources:3.3.1:testResources (default-testResources) @ event-sources-core ---
[INFO] Copying 2 resources from src/test/resources to target/test-classes
[INFO] 
[INFO] --- compiler:3.15.0:testCompile (default-testCompile) @ event-sources-core ---
[INFO] Recompiling the module because of changed dependency.
[INFO] Compiling 26 source files with javac [debug release 21] to target/test-classes
[INFO] 
[INFO] --- jacoco:0.8.15:prepare-agent (prepare-agent) @ event-sources-core ---
[INFO] argLine set to -javaagent:/Users/paulgallagher/.m2/repository/org/jacoco/org.jacoco.agent/0.8.15/org.jacoco.agent-0.8.15-runtime.jar=destfile=/Users/paulgallagher/Code/smart-caches-core/event-sources/event-sources-core/target/jacoco.exec,append=true
[INFO] 
[INFO] --- surefire:3.2.5:test (default-test) @ event-sources-core ---
[INFO] Using auto detected provider org.apache.maven.surefire.testng.TestNGProvider
[INFO] 
[INFO] -------------------------------------------------------
[INFO]  T E S T S
[INFO] -------------------------------------------------------
[INFO] Running TestSuite
[WARNING] Tests run: 250, Failures: 0, Errors: 0, Skipped: 16, Time elapsed: 3.796 s -- in TestSuite
[INFO] 
[INFO] Results:
[INFO] 
[WARNING] Tests run: 250, Failures: 0, Errors: 0, Skipped: 16
[INFO] 
[INFO] 
[INFO] --- jar:3.5.1:jar (default-jar) @ event-sources-core ---
[INFO] Building jar: /Users/paulgallagher/Code/smart-caches-core/event-sources/event-sources-core/target/event-sources-core-1.2.2-SNAPSHOT.jar
[INFO] 
[INFO] --- jar:3.5.1:test-jar (create-test-jar) @ event-sources-core ---
[INFO] Building jar: /Users/paulgallagher/Code/smart-caches-core/event-sources/event-sources-core/target/event-sources-core-1.2.2-SNAPSHOT-tests.jar
[INFO] 
[INFO] >>> source:3.4.0:jar (attach-sources) > generate-sources @ event-sources-core >>>
[INFO] 
[INFO] --- enforcer:3.6.3:enforce (enforce-versions) @ event-sources-core ---
[INFO] 
[INFO] --- license:5.1.1:check (check-licenses) @ event-sources-core ---
[INFO] Checking licenses...
[INFO] License check: 56 file(s) checked (OK: 56, Missing: 0, Unknown: 0)
[INFO] 
[INFO] --- lombok:1.18.20.0:delombok (default) @ event-sources-core ---
[INFO] Delombok complete.
[INFO] 
[INFO] <<< source:3.4.0:jar (attach-sources) < generate-sources @ event-sources-core <<<
[INFO] 
[INFO] 
[INFO] --- source:3.4.0:jar (attach-sources) @ event-sources-core ---
[INFO] Building jar: /Users/paulgallagher/Code/smart-caches-core/event-sources/event-sources-core/target/event-sources-core-1.2.2-SNAPSHOT-sources.jar
[INFO] 
[INFO] >>> source:3.4.0:test-jar (attach-test-sources) > generate-sources @ event-sources-core >>>
[INFO] 
[INFO] --- enforcer:3.6.3:enforce (enforce-versions) @ event-sources-core ---
[INFO] 
[INFO] --- license:5.1.1:check (check-licenses) @ event-sources-core ---
[INFO] Checking licenses...
[INFO] License check: 56 file(s) checked (OK: 56, Missing: 0, Unknown: 0)
[INFO] 
[INFO] --- lombok:1.18.20.0:delombok (default) @ event-sources-core ---
[INFO] Delombok complete.
[INFO] 
[INFO] <<< source:3.4.0:test-jar (attach-test-sources) < generate-sources @ event-sources-core <<<
[INFO] 
[INFO] 
[INFO] --- source:3.4.0:test-jar (attach-test-sources) @ event-sources-core ---
[INFO] Building jar: /Users/paulgallagher/Code/smart-caches-core/event-sources/event-sources-core/target/event-sources-core-1.2.2-SNAPSHOT-test-sources.jar
[INFO] 
[INFO] --- javadoc:3.12.0:jar (default) @ event-sources-core ---
[INFO] Building jar: /Users/paulgallagher/Code/smart-caches-core/event-sources/event-sources-core/target/event-sources-core-1.2.2-SNAPSHOT-javadoc.jar
[INFO] 
[INFO] --- cyclonedx:2.9.3:makeAggregateBom (build-sbom-cyclonedx) @ event-sources-core ---
[INFO] CycloneDX: Resolving Dependencies
[INFO] CycloneDX: Creating BOM version 1.6 with 40 component(s)
[INFO] CycloneDX: Writing and validating BOM (JSON): /Users/paulgallagher/Code/smart-caches-core/event-sources/event-sources-core/target/event-sources-core-1.2.2-SNAPSHOT-bom.json
[INFO]            attaching as event-sources-core-1.2.2-SNAPSHOT-cyclonedx.json
[INFO] 
[INFO] --- gpg:3.2.8:sign (default) @ event-sources-core ---
[INFO] Signer 'gpg' is signing 7 files with key default
[INFO] 
[INFO] --- jacoco:0.8.15:report (report) @ event-sources-core ---
[INFO] Loading execution data file /Users/paulgallagher/Code/smart-caches-core/event-sources/event-sources-core/target/jacoco.exec
[INFO] Analyzed bundle 'Telicent Smart Caches - Event Sources - Core API' with 28 classes
[INFO] 
[INFO] --- jacoco:0.8.15:check (require-test-coverage) @ event-sources-core ---
[INFO] Loading execution data file /Users/paulgallagher/Code/smart-caches-core/event-sources/event-sources-core/target/jacoco.exec
[INFO] Analyzed bundle 'event-sources-core' with 28 classes
[INFO] All coverage checks have been met.
[INFO] 
[INFO] --- install:3.1.2:install (default-install) @ event-sources-core ---
[INFO] Installing /Users/paulgallagher/Code/smart-caches-core/event-sources/event-sources-core/pom.xml to /Users/paulgallagher/.m2/repository/io/telicent/smart-caches/event-sources-core/1.2.2-SNAPSHOT/event-sources-core-1.2.2-SNAPSHOT.pom
[INFO] Installing /Users/paulgallagher/Code/smart-caches-core/event-sources/event-sources-core/target/event-sources-core-1.2.2-SNAPSHOT.jar to /Users/paulgallagher/.m2/repository/io/telicent/smart-caches/event-sources-core/1.2.2-SNAPSHOT/event-sources-core-1.2.2-SNAPSHOT.jar
[INFO] Installing /Users/paulgallagher/Code/smart-caches-core/event-sources/event-sources-core/target/event-sources-core-1.2.2-SNAPSHOT-tests.jar to /Users/paulgallagher/.m2/repository/io/telicent/smart-caches/event-sources-core/1.2.2-SNAPSHOT/event-sources-core-1.2.2-SNAPSHOT-tests.jar
[INFO] Installing /Users/paulgallagher/Code/smart-caches-core/event-sources/event-sources-core/target/event-sources-core-1.2.2-SNAPSHOT-sources.jar to /Users/paulgallagher/.m2/repository/io/telicent/smart-caches/event-sources-core/1.2.2-SNAPSHOT/event-sources-core-1.2.2-SNAPSHOT-sources.jar
[INFO] Installing /Users/paulgallagher/Code/smart-caches-core/event-sources/event-sources-core/target/event-sources-core-1.2.2-SNAPSHOT-test-sources.jar to /Users/paulgallagher/.m2/repository/io/telicent/smart-caches/event-sources-core/1.2.2-SNAPSHOT/event-sources-core-1.2.2-SNAPSHOT-test-sources.jar
[INFO] Installing /Users/paulgallagher/Code/smart-caches-core/event-sources/event-sources-core/target/event-sources-core-1.2.2-SNAPSHOT-javadoc.jar to /Users/paulgallagher/.m2/repository/io/telicent/smart-caches/event-sources-core/1.2.2-SNAPSHOT/event-sources-core-1.2.2-SNAPSHOT-javadoc.jar
[INFO] Installing /Users/paulgallagher/Code/smart-caches-core/event-sources/event-sources-core/target/event-sources-core-1.2.2-SNAPSHOT-bom.json to /Users/paulgallagher/.m2/repository/io/telicent/smart-caches/event-sources-core/1.2.2-SNAPSHOT/event-sources-core-1.2.2-SNAPSHOT-cyclonedx.json
[INFO] Installing /Users/paulgallagher/Code/smart-caches-core/event-sources/event-sources-core/target/event-sources-core-1.2.2-SNAPSHOT.jar.asc to /Users/paulgallagher/.m2/repository/io/telicent/smart-caches/event-sources-core/1.2.2-SNAPSHOT/event-sources-core-1.2.2-SNAPSHOT.jar.asc
[INFO] Installing /Users/paulgallagher/Code/smart-caches-core/event-sources/event-sources-core/target/event-sources-core-1.2.2-SNAPSHOT.pom.asc to /Users/paulgallagher/.m2/repository/io/telicent/smart-caches/event-sources-core/1.2.2-SNAPSHOT/event-sources-core-1.2.2-SNAPSHOT.pom.asc
[INFO] Installing /Users/paulgallagher/Code/smart-caches-core/event-sources/event-sources-core/target/event-sources-core-1.2.2-SNAPSHOT-tests.jar.asc to /Users/paulgallagher/.m2/repository/io/telicent/smart-caches/event-sources-core/1.2.2-SNAPSHOT/event-sources-core-1.2.2-SNAPSHOT-tests.jar.asc
[INFO] Installing /Users/paulgallagher/Code/smart-caches-core/event-sources/event-sources-core/target/event-sources-core-1.2.2-SNAPSHOT-sources.jar.asc to /Users/paulgallagher/.m2/repository/io/telicent/smart-caches/event-sources-core/1.2.2-SNAPSHOT/event-sources-core-1.2.2-SNAPSHOT-sources.jar.asc
[INFO] Installing /Users/paulgallagher/Code/smart-caches-core/event-sources/event-sources-core/target/event-sources-core-1.2.2-SNAPSHOT-test-sources.jar.asc to /Users/paulgallagher/.m2/repository/io/telicent/smart-caches/event-sources-core/1.2.2-SNAPSHOT/event-sources-core-1.2.2-SNAPSHOT-test-sources.jar.asc
[INFO] Installing /Users/paulgallagher/Code/smart-caches-core/event-sources/event-sources-core/target/event-sources-core-1.2.2-SNAPSHOT-javadoc.jar.asc to /Users/paulgallagher/.m2/repository/io/telicent/smart-caches/event-sources-core/1.2.2-SNAPSHOT/event-sources-core-1.2.2-SNAPSHOT-javadoc.jar.asc
[INFO] Installing /Users/paulgallagher/Code/smart-caches-core/event-sources/event-sources-core/target/event-sources-core-1.2.2-SNAPSHOT-bom.json.asc to /Users/paulgallagher/.m2/repository/io/telicent/smart-caches/event-sources-core/1.2.2-SNAPSHOT/event-sources-core-1.2.2-SNAPSHOT-cyclonedx.json.asc
[INFO] 
[INFO] -------------< io.telicent.smart-caches:projector-driver >--------------
[INFO] Building Telicent Smart Caches - Projectors - Driver 1.2.2-SNAPSHOT [7/22]
[INFO]   from projector-driver/pom.xml
[INFO] --------------------------------[ jar ]---------------------------------
[INFO] 
[INFO] --- clean:3.2.0:clean (default-clean) @ projector-driver ---
[INFO] Deleting /Users/paulgallagher/Code/smart-caches-core/projector-driver/target
[INFO] 
[INFO] --- enforcer:3.6.3:enforce (enforce-versions) @ projector-driver ---
[INFO] 
[INFO] --- license:5.1.1:check (check-licenses) @ projector-driver ---
[INFO] Checking licenses...
[INFO] License check: 16 file(s) checked (OK: 16, Missing: 0, Unknown: 0)
[INFO] 
[INFO] --- lombok:1.18.20.0:delombok (default) @ projector-driver ---
[INFO] Delombok complete.
[INFO] 
[INFO] --- buildnumber:3.3.0:create-metadata (default) @ projector-driver ---
[INFO] 
[INFO] --- resources:3.3.1:resources (default-resources) @ projector-driver ---
[INFO] Copying 1 resource from src/main/resources to target/classes
[INFO] Copying 1 resource from target/generated/build-metadata to target/classes
[INFO] 
[INFO] --- compiler:3.15.0:compile (default-compile) @ projector-driver ---
[INFO] Recompiling the module because of changed dependency.
[INFO] Compiling 5 source files with javac [debug release 21] to target/classes
[INFO] 
[INFO] --- resources:3.3.1:testResources (default-testResources) @ projector-driver ---
[INFO] Copying 2 resources from src/test/resources to target/test-classes
[INFO] 
[INFO] --- compiler:3.15.0:testCompile (default-testCompile) @ projector-driver ---
[INFO] Recompiling the module because of changed dependency.
[INFO] Compiling 8 source files with javac [debug release 21] to target/test-classes
[INFO] 
[INFO] --- jacoco:0.8.15:prepare-agent (prepare-agent) @ projector-driver ---
[INFO] argLine set to -javaagent:/Users/paulgallagher/.m2/repository/org/jacoco/org.jacoco.agent/0.8.15/org.jacoco.agent-0.8.15-runtime.jar=destfile=/Users/paulgallagher/Code/smart-caches-core/projector-driver/target/jacoco.exec,append=true
[INFO] 
[INFO] --- surefire:3.2.5:test (default-test) @ projector-driver ---
[INFO] Using auto detected provider org.apache.maven.surefire.testng.TestNGProvider
[INFO] 
[INFO] -------------------------------------------------------
[INFO]  T E S T S
[INFO] -------------------------------------------------------
[INFO] Running TestSuite
[INFO] Tests run: 21, Failures: 0, Errors: 0, Skipped: 0, Time elapsed: 19.56 s -- in TestSuite
[INFO] 
[INFO] Results:
[INFO] 
[INFO] Tests run: 21, Failures: 0, Errors: 0, Skipped: 0
[INFO] 
[INFO] 
[INFO] --- jar:3.5.1:jar (default-jar) @ projector-driver ---
[INFO] Building jar: /Users/paulgallagher/Code/smart-caches-core/projector-driver/target/projector-driver-1.2.2-SNAPSHOT.jar
[INFO] 
[INFO] --- jar:3.5.1:test-jar (create-test-jar) @ projector-driver ---
[INFO] Skipping packaging of the test-jar
[INFO] 
[INFO] >>> source:3.4.0:jar (attach-sources) > generate-sources @ projector-driver >>>
[INFO] 
[INFO] --- enforcer:3.6.3:enforce (enforce-versions) @ projector-driver ---
[INFO] 
[INFO] --- license:5.1.1:check (check-licenses) @ projector-driver ---
[INFO] Checking licenses...
[INFO] License check: 16 file(s) checked (OK: 16, Missing: 0, Unknown: 0)
[INFO] 
[INFO] --- lombok:1.18.20.0:delombok (default) @ projector-driver ---
[INFO] Delombok complete.
[INFO] 
[INFO] <<< source:3.4.0:jar (attach-sources) < generate-sources @ projector-driver <<<
[INFO] 
[INFO] 
[INFO] --- source:3.4.0:jar (attach-sources) @ projector-driver ---
[INFO] Building jar: /Users/paulgallagher/Code/smart-caches-core/projector-driver/target/projector-driver-1.2.2-SNAPSHOT-sources.jar
[INFO] 
[INFO] >>> source:3.4.0:test-jar (attach-test-sources) > generate-sources @ projector-driver >>>
[INFO] 
[INFO] --- enforcer:3.6.3:enforce (enforce-versions) @ projector-driver ---
[INFO] 
[INFO] --- license:5.1.1:check (check-licenses) @ projector-driver ---
[INFO] Checking licenses...
[INFO] License check: 16 file(s) checked (OK: 16, Missing: 0, Unknown: 0)
[INFO] 
[INFO] --- lombok:1.18.20.0:delombok (default) @ projector-driver ---
[INFO] Delombok complete.
[INFO] 
[INFO] <<< source:3.4.0:test-jar (attach-test-sources) < generate-sources @ projector-driver <<<
[INFO] 
[INFO] 
[INFO] --- source:3.4.0:test-jar (attach-test-sources) @ projector-driver ---
[INFO] Skipping source per configuration.
[INFO] 
[INFO] --- javadoc:3.12.0:jar (default) @ projector-driver ---
[INFO] Building jar: /Users/paulgallagher/Code/smart-caches-core/projector-driver/target/projector-driver-1.2.2-SNAPSHOT-javadoc.jar
[INFO] 
[INFO] --- cyclonedx:2.9.3:makeAggregateBom (build-sbom-cyclonedx) @ projector-driver ---
[INFO] CycloneDX: Resolving Dependencies
[INFO] CycloneDX: Creating BOM version 1.6 with 41 component(s)
[INFO] CycloneDX: Writing and validating BOM (JSON): /Users/paulgallagher/Code/smart-caches-core/projector-driver/target/projector-driver-1.2.2-SNAPSHOT-bom.json
[INFO]            attaching as projector-driver-1.2.2-SNAPSHOT-cyclonedx.json
[INFO] 
[INFO] --- gpg:3.2.8:sign (default) @ projector-driver ---
[INFO] Signer 'gpg' is signing 5 files with key default
[INFO] 
[INFO] --- jacoco:0.8.15:report (report) @ projector-driver ---
[INFO] Loading execution data file /Users/paulgallagher/Code/smart-caches-core/projector-driver/target/jacoco.exec
[INFO] Analyzed bundle 'Telicent Smart Caches - Projectors - Driver' with 2 classes
[INFO] 
[INFO] --- jacoco:0.8.15:check (require-test-coverage) @ projector-driver ---
[INFO] Loading execution data file /Users/paulgallagher/Code/smart-caches-core/projector-driver/target/jacoco.exec
[INFO] Analyzed bundle 'projector-driver' with 2 classes
[INFO] All coverage checks have been met.
[INFO] 
[INFO] --- install:3.1.2:install (default-install) @ projector-driver ---
[INFO] Installing /Users/paulgallagher/Code/smart-caches-core/projector-driver/pom.xml to /Users/paulgallagher/.m2/repository/io/telicent/smart-caches/projector-driver/1.2.2-SNAPSHOT/projector-driver-1.2.2-SNAPSHOT.pom
[INFO] Installing /Users/paulgallagher/Code/smart-caches-core/projector-driver/target/projector-driver-1.2.2-SNAPSHOT.jar to /Users/paulgallagher/.m2/repository/io/telicent/smart-caches/projector-driver/1.2.2-SNAPSHOT/projector-driver-1.2.2-SNAPSHOT.jar
[INFO] Installing /Users/paulgallagher/Code/smart-caches-core/projector-driver/target/projector-driver-1.2.2-SNAPSHOT-sources.jar to /Users/paulgallagher/.m2/repository/io/telicent/smart-caches/projector-driver/1.2.2-SNAPSHOT/projector-driver-1.2.2-SNAPSHOT-sources.jar
[INFO] Installing /Users/paulgallagher/Code/smart-caches-core/projector-driver/target/projector-driver-1.2.2-SNAPSHOT-javadoc.jar to /Users/paulgallagher/.m2/repository/io/telicent/smart-caches/projector-driver/1.2.2-SNAPSHOT/projector-driver-1.2.2-SNAPSHOT-javadoc.jar
[INFO] Installing /Users/paulgallagher/Code/smart-caches-core/projector-driver/target/projector-driver-1.2.2-SNAPSHOT-bom.json to /Users/paulgallagher/.m2/repository/io/telicent/smart-caches/projector-driver/1.2.2-SNAPSHOT/projector-driver-1.2.2-SNAPSHOT-cyclonedx.json
[INFO] Installing /Users/paulgallagher/Code/smart-caches-core/projector-driver/target/projector-driver-1.2.2-SNAPSHOT.jar.asc to /Users/paulgallagher/.m2/repository/io/telicent/smart-caches/projector-driver/1.2.2-SNAPSHOT/projector-driver-1.2.2-SNAPSHOT.jar.asc
[INFO] Installing /Users/paulgallagher/Code/smart-caches-core/projector-driver/target/projector-driver-1.2.2-SNAPSHOT.pom.asc to /Users/paulgallagher/.m2/repository/io/telicent/smart-caches/projector-driver/1.2.2-SNAPSHOT/projector-driver-1.2.2-SNAPSHOT.pom.asc
[INFO] Installing /Users/paulgallagher/Code/smart-caches-core/projector-driver/target/projector-driver-1.2.2-SNAPSHOT-sources.jar.asc to /Users/paulgallagher/.m2/repository/io/telicent/smart-caches/projector-driver/1.2.2-SNAPSHOT/projector-driver-1.2.2-SNAPSHOT-sources.jar.asc
[INFO] Installing /Users/paulgallagher/Code/smart-caches-core/projector-driver/target/projector-driver-1.2.2-SNAPSHOT-javadoc.jar.asc to /Users/paulgallagher/.m2/repository/io/telicent/smart-caches/projector-driver/1.2.2-SNAPSHOT/projector-driver-1.2.2-SNAPSHOT-javadoc.jar.asc
[INFO] Installing /Users/paulgallagher/Code/smart-caches-core/projector-driver/target/projector-driver-1.2.2-SNAPSHOT-bom.json.asc to /Users/paulgallagher/.m2/repository/io/telicent/smart-caches/projector-driver/1.2.2-SNAPSHOT/projector-driver-1.2.2-SNAPSHOT-cyclonedx.json.asc
[INFO] 
[INFO] ------------< io.telicent.smart-caches:event-source-kafka >-------------
[INFO] Building Telicent Smart Caches - Event Sources - Kafka 1.2.2-SNAPSHOT [8/22]
[INFO]   from event-sources/event-source-kafka/pom.xml
[INFO] --------------------------------[ jar ]---------------------------------
[INFO] 
[INFO] --- clean:3.2.0:clean (default-clean) @ event-source-kafka ---
[INFO] Deleting /Users/paulgallagher/Code/smart-caches-core/event-sources/event-source-kafka/target
[INFO] 
[INFO] --- enforcer:3.6.3:enforce (enforce-versions) @ event-source-kafka ---
[INFO] 
[INFO] --- license:5.1.1:check (check-licenses) @ event-source-kafka ---
[INFO] Checking licenses...
[INFO] License check: 112 file(s) checked (OK: 112, Missing: 0, Unknown: 0)
[INFO] 
[INFO] --- dependency:3.11.0:properties (properties) @ event-source-kafka ---
[INFO] 
[INFO] --- lombok:1.18.20.0:delombok (default) @ event-source-kafka ---
[INFO] Delombok complete.
[INFO] 
[INFO] --- buildnumber:3.3.0:create-metadata (default) @ event-source-kafka ---
[INFO] 
[INFO] --- resources:3.3.1:resources (default-resources) @ event-source-kafka ---
[INFO] Copying 1 resource from src/main/resources to target/classes
[INFO] Copying 1 resource from target/generated/build-metadata to target/classes
[INFO] 
[INFO] --- compiler:3.15.0:compile (default-compile) @ event-source-kafka ---
[INFO] Recompiling the module because of changed dependency.
[INFO] Compiling 40 source files with javac [debug release 21] to target/classes
[INFO] 
[INFO] --- resources:3.3.1:testResources (default-testResources) @ event-source-kafka ---
[INFO] Copying 2 resources from src/test/resources to target/test-classes
[INFO] 
[INFO] --- exec:3.6.3:exec (generate-test-ssl-certs) @ event-source-kafka ---
Creating /Users/paulgallagher/Code/smart-caches-core/event-sources/event-source-kafka/test-certs/broker-keystore for Kafka Broker...
keytool -keystore /Users/paulgallagher/Code/smart-caches-core/event-sources/event-source-kafka/test-certs/broker-keystore -alias localhost -validity 30 -genkey -keyalg RSA -storetype pkcs12 -dname cn=Kafka Broker, ou=Engineering, o=Telicent Ltd, c=UK -storepass squirrel
Generating 3,072 bit RSA key pair and self-signed certificate (SHA384withRSA) with a validity of 30 days
	for: CN=Kafka Broker, OU=Engineering, O=Telicent Ltd, C=UK
keytool -certreq -alias localhost -keyalg RSA -file /Users/paulgallagher/Code/smart-caches-core/event-sources/event-source-kafka/test-certs/broker-keystore.csr -keystore /Users/paulgallagher/Code/smart-caches-core/event-sources/event-source-kafka/test-certs/broker-keystore -storepass squirrel
Creating /Users/paulgallagher/Code/smart-caches-core/event-sources/event-source-kafka/test-certs/client-keystore for Kafka Client...
keytool -keystore /Users/paulgallagher/Code/smart-caches-core/event-sources/event-source-kafka/test-certs/client-keystore -alias localhost -validity 30 -genkey -keyalg RSA -storetype pkcs12 -dname cn=Kafka Client, ou=Engineering, o=Telicent Ltd, c=UK -storepass squirrel
Generating 3,072 bit RSA key pair and self-signed certificate (SHA384withRSA) with a validity of 30 days
	for: CN=Kafka Client, OU=Engineering, O=Telicent Ltd, C=UK
keytool -certreq -alias localhost -keyalg RSA -file /Users/paulgallagher/Code/smart-caches-core/event-sources/event-source-kafka/test-certs/client-keystore.csr -keystore /Users/paulgallagher/Code/smart-caches-core/event-sources/event-source-kafka/test-certs/client-keystore -storepass squirrel
~/Code/smart-caches-core/event-sources/event-source-kafka/test-certs ~/Code/smart-caches-core/event-sources/event-source-kafka
openssl req -x509 -config /Users/paulgallagher/Code/smart-caches-core/event-sources/event-source-kafka/test-certs/openssl-ca.cnf -newkey rsa:4096 -sha256 -nodes -batch -out /Users/paulgallagher/Code/smart-caches-core/event-sources/event-source-kafka/test-certs/cacert.pem -outform PEM -subj /CN=Platform Team/OU=Engineering/O=Telicent Ltd/C=UK
...+.........+.+.....+....+........+...+++++++++++++++++++++++++++++++++++++++++++++*...+..+.+..+.+...........+.........+.+.....+.........+....+...+...............+...+..+.......+.....+.......+...+++++++++++++++++++++++++++++++++++++++++++++*.............+......+......+...............+............+.+......+...+..+...+.+......+++++
......+.+............+..+....+..+...+..........+..+.......+..+++++++++++++++++++++++++++++++++++++++++++++*....+......+..+......+............+.......+...+.....+...+++++++++++++++++++++++++++++++++++++++++++++*.....+.....+...+...+...................+......+.....+.......+........+.............+..+....+...+++++
-----
Importing CA Root Certificate into /Users/paulgallagher/Code/smart-caches-core/event-sources/event-source-kafka/test-certs/broker-truststore...
keytool -keystore /Users/paulgallagher/Code/smart-caches-core/event-sources/event-source-kafka/test-certs/broker-truststore -alias CARoot -import -file /Users/paulgallagher/Code/smart-caches-core/event-sources/event-source-kafka/test-certs/cacert.pem -noprompt -storepass squirrel
Certificate was added to keystore
Importing CA Root Certificate into /Users/paulgallagher/Code/smart-caches-core/event-sources/event-source-kafka/test-certs/client-truststore...
keytool -keystore /Users/paulgallagher/Code/smart-caches-core/event-sources/event-source-kafka/test-certs/client-truststore -alias CARoot -import -file /Users/paulgallagher/Code/smart-caches-core/event-sources/event-source-kafka/test-certs/cacert.pem -noprompt -storepass squirrel
Certificate was added to keystore
Signing /Users/paulgallagher/Code/smart-caches-core/event-sources/event-source-kafka/test-certs/broker-keystore Certificate with CA Root Certificate...
openssl ca -config /Users/paulgallagher/Code/smart-caches-core/event-sources/event-source-kafka/test-certs/openssl-ca.cnf -policy signing_policy -extensions signing_req -out /Users/paulgallagher/Code/smart-caches-core/event-sources/event-source-kafka/test-certs/broker-keystore.crt -days 30 -batch -infiles /Users/paulgallagher/Code/smart-caches-core/event-sources/event-source-kafka/test-certs/broker-keystore.csr
Using configuration from /Users/paulgallagher/Code/smart-caches-core/event-sources/event-source-kafka/test-certs/openssl-ca.cnf
Check that the request matches the signature
Signature ok
The Subject's Distinguished Name is as follows
countryName           :PRINTABLE:'UK'
organizationName      :PRINTABLE:'Telicent Ltd'
organizationalUnitName:PRINTABLE:'Engineering'
commonName            :PRINTABLE:'Kafka Broker'
Certificate is to be certified until Sep 18 14:12:54 2026 GMT (30 days)

Write out database with 1 new entries
Database updated
Importing CA Root Certificate and Signed /Users/paulgallagher/Code/smart-caches-core/event-sources/event-source-kafka/test-certs/broker-keystore Certificate...
keytool -keystore /Users/paulgallagher/Code/smart-caches-core/event-sources/event-source-kafka/test-certs/broker-keystore -alias CARoot -import -file /Users/paulgallagher/Code/smart-caches-core/event-sources/event-source-kafka/test-certs/cacert.pem -noprompt -storepass squirrel
Certificate was added to keystore
keytool -keystore /Users/paulgallagher/Code/smart-caches-core/event-sources/event-source-kafka/test-certs/broker-keystore -alias localhost -import -file /Users/paulgallagher/Code/smart-caches-core/event-sources/event-source-kafka/test-certs/broker-keystore.crt -noprompt -storepass squirrel
Certificate reply was installed in keystore
Signing /Users/paulgallagher/Code/smart-caches-core/event-sources/event-source-kafka/test-certs/client-keystore Certificate with CA Root Certificate...
openssl ca -config /Users/paulgallagher/Code/smart-caches-core/event-sources/event-source-kafka/test-certs/openssl-ca.cnf -policy signing_policy -extensions signing_req -out /Users/paulgallagher/Code/smart-caches-core/event-sources/event-source-kafka/test-certs/client-keystore.crt -days 30 -batch -infiles /Users/paulgallagher/Code/smart-caches-core/event-sources/event-source-kafka/test-certs/client-keystore.csr
Using configuration from /Users/paulgallagher/Code/smart-caches-core/event-sources/event-source-kafka/test-certs/openssl-ca.cnf
Check that the request matches the signature
Signature ok
The Subject's Distinguished Name is as follows
countryName           :PRINTABLE:'UK'
organizationName      :PRINTABLE:'Telicent Ltd'
organizationalUnitName:PRINTABLE:'Engineering'
commonName            :PRINTABLE:'Kafka Client'
Certificate is to be certified until Sep 18 14:12:54 2026 GMT (30 days)

Write out database with 1 new entries
Database updated
Importing CA Root Certificate and Signed /Users/paulgallagher/Code/smart-caches-core/event-sources/event-source-kafka/test-certs/client-keystore Certificate...
keytool -keystore /Users/paulgallagher/Code/smart-caches-core/event-sources/event-source-kafka/test-certs/client-keystore -alias CARoot -import -file /Users/paulgallagher/Code/smart-caches-core/event-sources/event-source-kafka/test-certs/cacert.pem -noprompt -storepass squirrel
Certificate was added to keystore
keytool -keystore /Users/paulgallagher/Code/smart-caches-core/event-sources/event-source-kafka/test-certs/client-keystore -alias localhost -import -file /Users/paulgallagher/Code/smart-caches-core/event-sources/event-source-kafka/test-certs/client-keystore.crt -noprompt -storepass squirrel
Certificate reply was installed in keystore
Temporary CA Root, SSL Certificates, Key and Trust Stores generated!

Broker Trust Store is /Users/paulgallagher/Code/smart-caches-core/event-sources/event-source-kafka/test-certs/broker-truststore
Broker Key Store is /Users/paulgallagher/Code/smart-caches-core/event-sources/event-source-kafka/test-certs/broker-keystore
Client Trust Store is /Users/paulgallagher/Code/smart-caches-core/event-sources/event-source-kafka/test-certs/client-truststore
Client Key Store is /Users/paulgallagher/Code/smart-caches-core/event-sources/event-source-kafka/test-certs/client-keystore
Password used to access Trust and Key Stores is found in /Users/paulgallagher/Code/smart-caches-core/event-sources/event-source-kafka/test-certs/credentials
Kafka Client Properties file is /Users/paulgallagher/Code/smart-caches-core/event-sources/event-source-kafka/test-certs/client.properties

[INFO] 
[INFO] --- compiler:3.15.0:testCompile (default-testCompile) @ event-source-kafka ---
[INFO] Recompiling the module because of changed dependency.
[INFO] Compiling 68 source files with javac [debug release 21] to target/test-classes
[INFO] 
[INFO] --- jacoco:0.8.15:prepare-agent (prepare-agent) @ event-source-kafka ---
[INFO] argLine set to -javaagent:/Users/paulgallagher/.m2/repository/org/jacoco/org.jacoco.agent/0.8.15/org.jacoco.agent-0.8.15-runtime.jar=destfile=/Users/paulgallagher/Code/smart-caches-core/event-sources/event-source-kafka/target/jacoco.exec,append=true
[INFO] 
[INFO] --- surefire:3.5.6:test (default-test) @ event-source-kafka ---
[INFO] Using auto detected provider org.apache.maven.surefire.testng.TestNGProvider
[INFO] 
[INFO] -------------------------------------------------------
[INFO]  T E S T S
[INFO] -------------------------------------------------------
[INFO] Running io.telicent.smart.cache.sources.kafka.DockerTestKafkaSinkErrorHandling
[INFO] Running io.telicent.smart.cache.sources.kafka.TestKafkaEventSourceProcessed
[PID 70063 @ 2026-08-19T14:12:57.848792Z] Started test class io.telicent.smart.cache.sources.kafka.DockerTestKafkaSinkErrorHandling
[INFO] Tests run: 50, Failures: 0, Errors: 0, Skipped: 0, Time elapsed: 5.582 s -- in io.telicent.smart.cache.sources.kafka.TestKafkaEventSourceProcessed
[INFO] Running io.telicent.smart.cache.sources.kafka.TestKafkaEventSourceClosure
[INFO] Tests run: 4, Failures: 0, Errors: 0, Skipped: 0, Time elapsed: 0.845 s -- in io.telicent.smart.cache.sources.kafka.TestKafkaEventSourceClosure
[INFO] Running io.telicent.smart.cache.sources.kafka.TestKafkaEventSourceFromLatest
[PID 70063 @ 2026-08-19T14:13:04.261577Z] Finished test class io.telicent.smart.cache.sources.kafka.DockerTestKafkaSinkErrorHandling
[INFO] Tests run: 4, Failures: 0, Errors: 0, Skipped: 0, Time elapsed: 6.737 s -- in io.telicent.smart.cache.sources.kafka.DockerTestKafkaSinkErrorHandling
[INFO] Running io.telicent.smart.cache.sources.kafka.DockerTestKafkaEventSource
[PID 70063 @ 2026-08-19T14:13:04.434608Z] Started test class io.telicent.smart.cache.sources.kafka.DockerTestKafkaEventSource
[INFO] Tests run: 32, Failures: 0, Errors: 0, Skipped: 0, Time elapsed: 2.951 s -- in io.telicent.smart.cache.sources.kafka.TestKafkaEventSourceFromLatest
[INFO] Running io.telicent.smart.cache.sources.kafka.config.TestKafkaConfiguration
[INFO] Tests run: 16, Failures: 0, Errors: 0, Skipped: 0, Time elapsed: 0.113 s -- in io.telicent.smart.cache.sources.kafka.config.TestKafkaConfiguration
[INFO] Running io.telicent.smart.cache.sources.kafka.DockerTestKafkaEventSourceBehaviour
[PID 70064 @ 2026-08-19T14:13:07.184049Z] Started test class io.telicent.smart.cache.sources.kafka.DockerTestKafkaEventSourceBehaviour
[PID 70064 @ 2026-08-19T14:13:36.398165Z] Finished test class io.telicent.smart.cache.sources.kafka.DockerTestKafkaEventSourceBehaviour
[INFO] Tests run: 15, Failures: 0, Errors: 0, Skipped: 0, Time elapsed: 29.31 s -- in io.telicent.smart.cache.sources.kafka.DockerTestKafkaEventSourceBehaviour
[INFO] Running io.telicent.smart.cache.sources.kafka.DockerTestKafkaPollingTimeout
[PID 70064 @ 2026-08-19T14:13:36.489504Z] Started test class io.telicent.smart.cache.sources.kafka.DockerTestKafkaPollingTimeout
[PID 70064 @ 2026-08-19T14:13:56.785702Z] Retrying failed test givenKafkaSource_whenDecreasingDelayBetweenPollAndCommit_thenRereadsEventUntilDelayShortEnough_andLoggingAsExpected with status FAILURE
[PID 70063 @ 2026-08-19T14:14:06.692884Z] Finished test class io.telicent.smart.cache.sources.kafka.DockerTestKafkaEventSource
[INFO] Tests run: 46, Failures: 0, Errors: 0, Skipped: 0, Time elapsed: 62.42 s -- in io.telicent.smart.cache.sources.kafka.DockerTestKafkaEventSource
[INFO] Running io.telicent.smart.cache.sources.kafka.TestKafkaEventSourceBuilder
[INFO] Tests run: 11, Failures: 0, Errors: 0, Skipped: 0, Time elapsed: 0.117 s -- in io.telicent.smart.cache.sources.kafka.TestKafkaEventSourceBuilder
[INFO] Running io.telicent.smart.cache.sources.kafka.TestKafkaEvents
[INFO] Tests run: 7, Failures: 0, Errors: 0, Skipped: 0, Time elapsed: 0.070 s -- in io.telicent.smart.cache.sources.kafka.TestKafkaEvents
[INFO] Running io.telicent.smart.cache.sources.kafka.TestTopicExistenceCheckerInterrupts
[INFO] Tests run: 3, Failures: 0, Errors: 0, Skipped: 0, Time elapsed: 0.362 s -- in io.telicent.smart.cache.sources.kafka.TestTopicExistenceCheckerInterrupts
[INFO] Running io.telicent.smart.cache.sources.kafka.TestKafkaEventSourceManual
[INFO] Tests run: 32, Failures: 0, Errors: 0, Skipped: 0, Time elapsed: 2.870 s -- in io.telicent.smart.cache.sources.kafka.TestKafkaEventSourceManual
[INFO] Running io.telicent.smart.cache.sources.kafka.policies.TestAutoFromLatest
[INFO] Tests run: 15, Failures: 0, Errors: 0, Skipped: 0, Time elapsed: 0.159 s -- in io.telicent.smart.cache.sources.kafka.policies.TestAutoFromLatest
[INFO] Running io.telicent.smart.cache.sources.kafka.policies.TestAutoFromEnd
[INFO] Tests run: 15, Failures: 0, Errors: 0, Skipped: 0, Time elapsed: 0.043 s -- in io.telicent.smart.cache.sources.kafka.policies.TestAutoFromEnd
[INFO] Running io.telicent.smart.cache.sources.kafka.policies.TestAutoFromEarliest
[INFO] Tests run: 15, Failures: 0, Errors: 0, Skipped: 0, Time elapsed: 0.073 s -- in io.telicent.smart.cache.sources.kafka.policies.TestAutoFromEarliest
[INFO] Running io.telicent.smart.cache.sources.kafka.policies.TestAutoFromOffset
[INFO] Tests run: 16, Failures: 0, Errors: 0, Skipped: 0, Time elapsed: 0.061 s -- in io.telicent.smart.cache.sources.kafka.policies.TestAutoFromOffset
[INFO] Running io.telicent.smart.cache.sources.kafka.policies.TestManualFromBeginning
[INFO] Tests run: 15, Failures: 0, Errors: 0, Skipped: 0, Time elapsed: 0.070 s -- in io.telicent.smart.cache.sources.kafka.policies.TestManualFromBeginning
[INFO] Running io.telicent.smart.cache.sources.kafka.policies.TestAutoFromExternalOffsets
[INFO] Tests run: 17, Failures: 0, Errors: 0, Skipped: 0, Time elapsed: 0.056 s -- in io.telicent.smart.cache.sources.kafka.policies.TestAutoFromExternalOffsets
[INFO] Running io.telicent.smart.cache.sources.kafka.policies.TestAutoFromBeginning
[INFO] Tests run: 15, Failures: 0, Errors: 0, Skipped: 0, Time elapsed: 0.052 s -- in io.telicent.smart.cache.sources.kafka.policies.TestAutoFromBeginning
[INFO] Running io.telicent.smart.cache.sources.kafka.serializers.TestGraphDeserializer
[PID 70064 @ 2026-08-19T14:14:13.187464Z] Retrying failed test givenKafkaSource_whenDecreasingDelayBetweenPollAndCommit_thenRereadsEventUntilDelayShortEnough_andLoggingAsExpected with status FAILURE
[INFO] Tests run: 30, Failures: 0, Errors: 0, Skipped: 0, Time elapsed: 3.955 s -- in io.telicent.smart.cache.sources.kafka.serializers.TestGraphDeserializer
[INFO] Running io.telicent.smart.cache.sources.kafka.serializers.TestLazyJacksonSerdesBad
[INFO] Tests run: 4, Failures: 0, Errors: 0, Skipped: 0, Time elapsed: 0.261 s -- in io.telicent.smart.cache.sources.kafka.serializers.TestLazyJacksonSerdesBad
[INFO] Running io.telicent.smart.cache.sources.kafka.serializers.TestDatasetDeserializer
[INFO] Tests run: 2, Failures: 0, Errors: 0, Skipped: 0, Time elapsed: 0.097 s -- in io.telicent.smart.cache.sources.kafka.serializers.TestDatasetDeserializer
[INFO] Running io.telicent.smart.cache.sources.kafka.serializers.TestLazyEnvelopeSerdes
[INFO] Tests run: 7, Failures: 0, Errors: 0, Skipped: 0, Time elapsed: 0.116 s -- in io.telicent.smart.cache.sources.kafka.serializers.TestLazyEnvelopeSerdes
[INFO] Running io.telicent.smart.cache.sources.kafka.serializers.TestJacksonSerdes
[INFO] Tests run: 4, Failures: 0, Errors: 0, Skipped: 0, Time elapsed: 0.084 s -- in io.telicent.smart.cache.sources.kafka.serializers.TestJacksonSerdes
[INFO] Running io.telicent.smart.cache.sources.kafka.serializers.TestPayloadDeserializer
[INFO] Tests run: 25, Failures: 0, Errors: 0, Skipped: 0, Time elapsed: 0.266 s -- in io.telicent.smart.cache.sources.kafka.serializers.TestPayloadDeserializer
[INFO] Running io.telicent.smart.cache.sources.kafka.serializers.TestLazyJacksonDataSerdes
[INFO] Tests run: 7, Failures: 0, Errors: 0, Skipped: 0, Time elapsed: 0.076 s -- in io.telicent.smart.cache.sources.kafka.serializers.TestLazyJacksonDataSerdes
[INFO] Running io.telicent.smart.cache.sources.kafka.TestKafkaSinkErrorHandling
[INFO] Tests run: 4, Failures: 0, Errors: 0, Skipped: 0, Time elapsed: 4.191 s -- in io.telicent.smart.cache.sources.kafka.TestKafkaSinkErrorHandling
[INFO] Running io.telicent.smart.cache.sources.kafka.TestKafkaRdfPayloadSource
[INFO] Tests run: 15, Failures: 0, Errors: 0, Skipped: 0, Time elapsed: 1.697 s -- in io.telicent.smart.cache.sources.kafka.TestKafkaRdfPayloadSource
[INFO] Running io.telicent.smart.cache.sources.kafka.DockerTestSecureKafkaCluster
[PID 70063 @ 2026-08-19T14:14:21.630596Z] Started test class io.telicent.smart.cache.sources.kafka.DockerTestSecureKafkaCluster
[PID 70064 @ 2026-08-19T14:14:29.651226Z] Retrying failed test givenKafkaSource_whenDecreasingDelayBetweenPollAndCommit_thenRereadsEventUntilDelayShortEnough_andLoggingAsExpected with status FAILURE
[PID 70063 @ 2026-08-19T14:14:32.954358Z] Trying to poll for events with no credentials
[PID 70063 @ 2026-08-19T14:14:35.964388Z] Finished polling for events
[PID 70063 @ 2026-08-19T14:14:35.964574Z] Polling for events with valid credentials
[PID 70063 @ 2026-08-19T14:14:36.796955Z] Finished polling for events
[PID 70063 @ 2026-08-19T14:14:36.797045Z] Polling for events with valid credentials
[PID 70063 @ 2026-08-19T14:14:37.449089Z] Finished polling for events
[PID 70063 @ 2026-08-19T14:14:37.449193Z] Polling for events with valid credentials
[PID 70063 @ 2026-08-19T14:14:38.116422Z] Finished polling for events
[PID 70063 @ 2026-08-19T14:14:38.116560Z] Polling for events with invalid credentials
[PID 70063 @ 2026-08-19T14:14:41.124655Z] Finished polling for events
[PID 70063 @ 2026-08-19T14:14:41.409297Z] Finished test class io.telicent.smart.cache.sources.kafka.DockerTestSecureKafkaCluster
[INFO] Tests run: 8, Failures: 0, Errors: 0, Skipped: 0, Time elapsed: 19.93 s -- in io.telicent.smart.cache.sources.kafka.DockerTestSecureKafkaCluster
[INFO] Running io.telicent.smart.cache.sources.kafka.TestKafkaEventSourceTombstones
[INFO] Tests run: 4, Failures: 0, Errors: 0, Skipped: 0, Time elapsed: 0.544 s -- in io.telicent.smart.cache.sources.kafka.TestKafkaEventSourceTombstones
[INFO] Running io.telicent.smart.cache.sources.kafka.DockerTestKafkaMultipleTopics
[PID 70063 @ 2026-08-19T14:14:42.127528Z] Started test class io.telicent.smart.cache.sources.kafka.DockerTestKafkaMultipleTopics
[PID 70064 @ 2026-08-19T14:15:36.699248Z] Finished test class io.telicent.smart.cache.sources.kafka.DockerTestKafkaPollingTimeout
[WARNING] Tests run: 8, Failures: 0, Errors: 0, Skipped: 3, Time elapsed: 120.4 s -- in io.telicent.smart.cache.sources.kafka.DockerTestKafkaPollingTimeout
[INFO] Running io.telicent.smart.cache.sources.kafka.TestKafkaEventSourceFromOffset
[INFO] Tests run: 32, Failures: 0, Errors: 0, Skipped: 0, Time elapsed: 2.943 s -- in io.telicent.smart.cache.sources.kafka.TestKafkaEventSourceFromOffset
[INFO] Running io.telicent.smart.cache.sources.kafka.tombstones.DockerTestKafkaTombstonesRdfPayload
[PID 70064 @ 2026-08-19T14:15:39.914376Z] Started test class io.telicent.smart.cache.sources.kafka.tombstones.DockerTestKafkaTombstonesRdfPayload
[PID 70063 @ 2026-08-19T14:15:47.405510Z] Finished test class io.telicent.smart.cache.sources.kafka.DockerTestKafkaMultipleTopics
[INFO] Tests run: 25, Failures: 0, Errors: 0, Skipped: 0, Time elapsed: 65.40 s -- in io.telicent.smart.cache.sources.kafka.DockerTestKafkaMultipleTopics
[INFO] Running io.telicent.smart.cache.sources.kafka.tombstones.DockerTestKafkaTombstonesGraph
[PID 70063 @ 2026-08-19T14:15:47.539605Z] Started test class io.telicent.smart.cache.sources.kafka.tombstones.DockerTestKafkaTombstonesGraph
[PID 70064 @ 2026-08-19T14:15:58.157812Z] Finished test class io.telicent.smart.cache.sources.kafka.tombstones.DockerTestKafkaTombstonesRdfPayload
[INFO] Tests run: 4, Failures: 0, Errors: 0, Skipped: 0, Time elapsed: 18.33 s -- in io.telicent.smart.cache.sources.kafka.tombstones.DockerTestKafkaTombstonesRdfPayload
[INFO] Running io.telicent.smart.cache.sources.kafka.tombstones.DockerTestKafkaTombstonesLazyJackson
[PID 70064 @ 2026-08-19T14:15:58.260188Z] Started test class io.telicent.smart.cache.sources.kafka.tombstones.DockerTestKafkaTombstonesLazyJackson
[PID 70063 @ 2026-08-19T14:16:05.699012Z] Finished test class io.telicent.smart.cache.sources.kafka.tombstones.DockerTestKafkaTombstonesGraph
[INFO] Tests run: 4, Failures: 0, Errors: 0, Skipped: 0, Time elapsed: 18.24 s -- in io.telicent.smart.cache.sources.kafka.tombstones.DockerTestKafkaTombstonesGraph
[INFO] Running io.telicent.smart.cache.sources.kafka.tombstones.DockerTestKafkaTombstonesLazyEnvelope
[PID 70063 @ 2026-08-19T14:16:05.789802Z] Started test class io.telicent.smart.cache.sources.kafka.tombstones.DockerTestKafkaTombstonesLazyEnvelope
[PID 70064 @ 2026-08-19T14:16:16.432023Z] Finished test class io.telicent.smart.cache.sources.kafka.tombstones.DockerTestKafkaTombstonesLazyJackson
[INFO] Tests run: 4, Failures: 0, Errors: 0, Skipped: 0, Time elapsed: 18.27 s -- in io.telicent.smart.cache.sources.kafka.tombstones.DockerTestKafkaTombstonesLazyJackson
[INFO] Running io.telicent.smart.cache.sources.kafka.tombstones.DockerTestKafkaTombstonesJackson
[PID 70064 @ 2026-08-19T14:16:16.547484Z] Started test class io.telicent.smart.cache.sources.kafka.tombstones.DockerTestKafkaTombstonesJackson
[PID 70063 @ 2026-08-19T14:16:23.797783Z] Finished test class io.telicent.smart.cache.sources.kafka.tombstones.DockerTestKafkaTombstonesLazyEnvelope
[INFO] Tests run: 4, Failures: 0, Errors: 0, Skipped: 0, Time elapsed: 18.08 s -- in io.telicent.smart.cache.sources.kafka.tombstones.DockerTestKafkaTombstonesLazyEnvelope
[INFO] Running io.telicent.smart.cache.sources.kafka.TestKafkaEventSource
[INFO] Tests run: 32, Failures: 0, Errors: 0, Skipped: 0, Time elapsed: 2.889 s -- in io.telicent.smart.cache.sources.kafka.TestKafkaEventSource
[INFO] Running io.telicent.smart.cache.sources.kafka.DockerTestMutualTlsKafkaCluster
[PID 70063 @ 2026-08-19T14:16:26.772087Z] Started test class io.telicent.smart.cache.sources.kafka.DockerTestMutualTlsKafkaCluster
[PID 70064 @ 2026-08-19T14:16:34.657248Z] Finished test class io.telicent.smart.cache.sources.kafka.tombstones.DockerTestKafkaTombstonesJackson
[INFO] Tests run: 4, Failures: 0, Errors: 0, Skipped: 0, Time elapsed: 18.27 s -- in io.telicent.smart.cache.sources.kafka.tombstones.DockerTestKafkaTombstonesJackson
[INFO] Running io.telicent.smart.cache.sources.kafka.TestKafkaDatasetGraphSource
[INFO] Tests run: 15, Failures: 0, Errors: 0, Skipped: 0, Time elapsed: 1.676 s -- in io.telicent.smart.cache.sources.kafka.TestKafkaDatasetGraphSource
[INFO] Running io.telicent.smart.cache.sources.kafka.TestKafkaEventMutations
[INFO] Tests run: 10, Failures: 0, Errors: 0, Skipped: 0, Time elapsed: 0.097 s -- in io.telicent.smart.cache.sources.kafka.TestKafkaEventMutations
[INFO] Running io.telicent.smart.cache.sources.kafka.TestKafkaEventSourceBuilderTopics
[INFO] Tests run: 4, Failures: 0, Errors: 0, Skipped: 0, Time elapsed: 0.059 s -- in io.telicent.smart.cache.sources.kafka.TestKafkaEventSourceBuilderTopics
[INFO] Running io.telicent.smart.cache.sources.kafka.DockerTestKafkaTopicExistence
[PID 70064 @ 2026-08-19T14:16:36.693584Z] Started test class io.telicent.smart.cache.sources.kafka.DockerTestKafkaTopicExistence
[PID 70063 @ 2026-08-19T14:16:41.060781Z] Finished test class io.telicent.smart.cache.sources.kafka.DockerTestMutualTlsKafkaCluster
[INFO] Tests run: 4, Failures: 0, Errors: 0, Skipped: 0, Time elapsed: 14.37 s -- in io.telicent.smart.cache.sources.kafka.DockerTestMutualTlsKafkaCluster
[INFO] Running io.telicent.smart.cache.sources.kafka.TestKafkaEventSourceFromEarliest
[INFO] Tests run: 32, Failures: 0, Errors: 0, Skipped: 0, Time elapsed: 2.778 s -- in io.telicent.smart.cache.sources.kafka.TestKafkaEventSourceFromEarliest
[PID 70064 @ 2026-08-19T14:17:03.224704Z] Waiting for event [Topic, no-such-topic, to exist] to occur...after attempt 1
[PID 70064 @ 2026-08-19T14:17:46.617285Z] Finished test class io.telicent.smart.cache.sources.kafka.DockerTestKafkaTopicExistence
[INFO] Tests run: 11, Failures: 0, Errors: 0, Skipped: 0, Time elapsed: 70.08 s -- in io.telicent.smart.cache.sources.kafka.DockerTestKafkaTopicExistence
[INFO] 
[INFO] Results:
[INFO] 
[INFO] Tests run: 628, Failures: 0, Errors: 0, Skipped: 0
[INFO] 
[INFO] 
[INFO] --- jar:3.5.1:jar (default-jar) @ event-source-kafka ---
[INFO] Building jar: /Users/paulgallagher/Code/smart-caches-core/event-sources/event-source-kafka/target/event-source-kafka-1.2.2-SNAPSHOT.jar
[INFO] 
[INFO] --- jar:3.5.1:test-jar (create-test-jar) @ event-source-kafka ---
[INFO] Building jar: /Users/paulgallagher/Code/smart-caches-core/event-sources/event-source-kafka/target/event-source-kafka-1.2.2-SNAPSHOT-tests.jar
[INFO] 
[INFO] >>> source:3.4.0:jar (attach-sources) > generate-sources @ event-source-kafka >>>
[INFO] 
[INFO] --- enforcer:3.6.3:enforce (enforce-versions) @ event-source-kafka ---
[INFO] 
[INFO] --- license:5.1.1:check (check-licenses) @ event-source-kafka ---
[INFO] Checking licenses...
[INFO] License check: 112 file(s) checked (OK: 112, Missing: 0, Unknown: 0)
[INFO] 
[INFO] --- dependency:3.11.0:properties (properties) @ event-source-kafka ---
[INFO] 
[INFO] --- lombok:1.18.20.0:delombok (default) @ event-source-kafka ---
[INFO] Delombok complete.
[INFO] 
[INFO] <<< source:3.4.0:jar (attach-sources) < generate-sources @ event-source-kafka <<<
[INFO] 
[INFO] 
[INFO] --- source:3.4.0:jar (attach-sources) @ event-source-kafka ---
[INFO] Building jar: /Users/paulgallagher/Code/smart-caches-core/event-sources/event-source-kafka/target/event-source-kafka-1.2.2-SNAPSHOT-sources.jar
[INFO] 
[INFO] >>> source:3.4.0:test-jar (attach-test-sources) > generate-sources @ event-source-kafka >>>
[INFO] 
[INFO] --- enforcer:3.6.3:enforce (enforce-versions) @ event-source-kafka ---
[INFO] 
[INFO] --- license:5.1.1:check (check-licenses) @ event-source-kafka ---
[INFO] Checking licenses...
[INFO] License check: 112 file(s) checked (OK: 112, Missing: 0, Unknown: 0)
[INFO] 
[INFO] --- dependency:3.11.0:properties (properties) @ event-source-kafka ---
[INFO] 
[INFO] --- lombok:1.18.20.0:delombok (default) @ event-source-kafka ---
[INFO] Delombok complete.
[INFO] 
[INFO] <<< source:3.4.0:test-jar (attach-test-sources) < generate-sources @ event-source-kafka <<<
[INFO] 
[INFO] 
[INFO] --- source:3.4.0:test-jar (attach-test-sources) @ event-source-kafka ---
[INFO] Building jar: /Users/paulgallagher/Code/smart-caches-core/event-sources/event-source-kafka/target/event-source-kafka-1.2.2-SNAPSHOT-test-sources.jar
[INFO] 
[INFO] --- javadoc:3.12.0:jar (default) @ event-source-kafka ---
[INFO] Building jar: /Users/paulgallagher/Code/smart-caches-core/event-sources/event-source-kafka/target/event-source-kafka-1.2.2-SNAPSHOT-javadoc.jar
[INFO] 
[INFO] --- cyclonedx:2.9.3:makeAggregateBom (build-sbom-cyclonedx) @ event-source-kafka ---
[INFO] CycloneDX: Resolving Dependencies
[INFO] CycloneDX: Creating BOM version 1.6 with 45 component(s)
[INFO] CycloneDX: Writing and validating BOM (JSON): /Users/paulgallagher/Code/smart-caches-core/event-sources/event-source-kafka/target/event-source-kafka-1.2.2-SNAPSHOT-bom.json
[INFO]            attaching as event-source-kafka-1.2.2-SNAPSHOT-cyclonedx.json
[INFO] 
[INFO] --- assembly:3.8.0:single (build-distribution) @ event-source-kafka ---
[INFO] Reading assembly descriptor: src/assembly/dist.xml
[INFO] Building zip: /Users/paulgallagher/Code/smart-caches-core/event-sources/event-source-kafka/target/event-source-kafka-1.2.2-SNAPSHOT-certs-helper.zip
[INFO] Building tar: /Users/paulgallagher/Code/smart-caches-core/event-sources/event-source-kafka/target/event-source-kafka-1.2.2-SNAPSHOT-certs-helper.tar.gz
[INFO] 
[INFO] --- gpg:3.2.8:sign (default) @ event-source-kafka ---
[INFO] Signer 'gpg' is signing 9 files with key default
[INFO] 
[INFO] --- jacoco:0.8.15:report (report) @ event-source-kafka ---
[INFO] Loading execution data file /Users/paulgallagher/Code/smart-caches-core/event-sources/event-source-kafka/target/jacoco.exec
[INFO] Analyzed bundle 'Telicent Smart Caches - Event Sources - Kafka' with 43 classes
[INFO] 
[INFO] --- jacoco:0.8.15:check (require-test-coverage) @ event-source-kafka ---
[INFO] Loading execution data file /Users/paulgallagher/Code/smart-caches-core/event-sources/event-source-kafka/target/jacoco.exec
[INFO] Analyzed bundle 'event-source-kafka' with 43 classes
[INFO] All coverage checks have been met.
[INFO] 
[INFO] --- dependency:3.11.0:analyze-only (analyze) @ event-source-kafka ---
[WARNING] Used undeclared dependencies found:
[WARNING]    junit:junit:jar:4.13.2:test
[WARNING] Unused declared dependencies found:
[WARNING]    at.yawk.lz4:lz4-java:jar:1.11.2:compile
[INFO] 
[INFO] --- install:3.1.2:install (default-install) @ event-source-kafka ---
[INFO] Installing /Users/paulgallagher/Code/smart-caches-core/event-sources/event-source-kafka/pom.xml to /Users/paulgallagher/.m2/repository/io/telicent/smart-caches/event-source-kafka/1.2.2-SNAPSHOT/event-source-kafka-1.2.2-SNAPSHOT.pom
[INFO] Installing /Users/paulgallagher/Code/smart-caches-core/event-sources/event-source-kafka/target/event-source-kafka-1.2.2-SNAPSHOT.jar to /Users/paulgallagher/.m2/repository/io/telicent/smart-caches/event-source-kafka/1.2.2-SNAPSHOT/event-source-kafka-1.2.2-SNAPSHOT.jar
[INFO] Installing /Users/paulgallagher/Code/smart-caches-core/event-sources/event-source-kafka/target/event-source-kafka-1.2.2-SNAPSHOT-tests.jar to /Users/paulgallagher/.m2/repository/io/telicent/smart-caches/event-source-kafka/1.2.2-SNAPSHOT/event-source-kafka-1.2.2-SNAPSHOT-tests.jar
[INFO] Installing /Users/paulgallagher/Code/smart-caches-core/event-sources/event-source-kafka/target/event-source-kafka-1.2.2-SNAPSHOT-sources.jar to /Users/paulgallagher/.m2/repository/io/telicent/smart-caches/event-source-kafka/1.2.2-SNAPSHOT/event-source-kafka-1.2.2-SNAPSHOT-sources.jar
[INFO] Installing /Users/paulgallagher/Code/smart-caches-core/event-sources/event-source-kafka/target/event-source-kafka-1.2.2-SNAPSHOT-test-sources.jar to /Users/paulgallagher/.m2/repository/io/telicent/smart-caches/event-source-kafka/1.2.2-SNAPSHOT/event-source-kafka-1.2.2-SNAPSHOT-test-sources.jar
[INFO] Installing /Users/paulgallagher/Code/smart-caches-core/event-sources/event-source-kafka/target/event-source-kafka-1.2.2-SNAPSHOT-javadoc.jar to /Users/paulgallagher/.m2/repository/io/telicent/smart-caches/event-source-kafka/1.2.2-SNAPSHOT/event-source-kafka-1.2.2-SNAPSHOT-javadoc.jar
[INFO] Installing /Users/paulgallagher/Code/smart-caches-core/event-sources/event-source-kafka/target/event-source-kafka-1.2.2-SNAPSHOT-bom.json to /Users/paulgallagher/.m2/repository/io/telicent/smart-caches/event-source-kafka/1.2.2-SNAPSHOT/event-source-kafka-1.2.2-SNAPSHOT-cyclonedx.json
[INFO] Installing /Users/paulgallagher/Code/smart-caches-core/event-sources/event-source-kafka/target/event-source-kafka-1.2.2-SNAPSHOT-certs-helper.zip to /Users/paulgallagher/.m2/repository/io/telicent/smart-caches/event-source-kafka/1.2.2-SNAPSHOT/event-source-kafka-1.2.2-SNAPSHOT-certs-helper.zip
[INFO] Installing /Users/paulgallagher/Code/smart-caches-core/event-sources/event-source-kafka/target/event-source-kafka-1.2.2-SNAPSHOT-certs-helper.tar.gz to /Users/paulgallagher/.m2/repository/io/telicent/smart-caches/event-source-kafka/1.2.2-SNAPSHOT/event-source-kafka-1.2.2-SNAPSHOT-certs-helper.tar.gz
[INFO] Installing /Users/paulgallagher/Code/smart-caches-core/event-sources/event-source-kafka/target/event-source-kafka-1.2.2-SNAPSHOT.jar.asc to /Users/paulgallagher/.m2/repository/io/telicent/smart-caches/event-source-kafka/1.2.2-SNAPSHOT/event-source-kafka-1.2.2-SNAPSHOT.jar.asc
[INFO] Installing /Users/paulgallagher/Code/smart-caches-core/event-sources/event-source-kafka/target/event-source-kafka-1.2.2-SNAPSHOT.pom.asc to /Users/paulgallagher/.m2/repository/io/telicent/smart-caches/event-source-kafka/1.2.2-SNAPSHOT/event-source-kafka-1.2.2-SNAPSHOT.pom.asc
[INFO] Installing /Users/paulgallagher/Code/smart-caches-core/event-sources/event-source-kafka/target/event-source-kafka-1.2.2-SNAPSHOT-tests.jar.asc to /Users/paulgallagher/.m2/repository/io/telicent/smart-caches/event-source-kafka/1.2.2-SNAPSHOT/event-source-kafka-1.2.2-SNAPSHOT-tests.jar.asc
[INFO] Installing /Users/paulgallagher/Code/smart-caches-core/event-sources/event-source-kafka/target/event-source-kafka-1.2.2-SNAPSHOT-sources.jar.asc to /Users/paulgallagher/.m2/repository/io/telicent/smart-caches/event-source-kafka/1.2.2-SNAPSHOT/event-source-kafka-1.2.2-SNAPSHOT-sources.jar.asc
[INFO] Installing /Users/paulgallagher/Code/smart-caches-core/event-sources/event-source-kafka/target/event-source-kafka-1.2.2-SNAPSHOT-test-sources.jar.asc to /Users/paulgallagher/.m2/repository/io/telicent/smart-caches/event-source-kafka/1.2.2-SNAPSHOT/event-source-kafka-1.2.2-SNAPSHOT-test-sources.jar.asc
[INFO] Installing /Users/paulgallagher/Code/smart-caches-core/event-sources/event-source-kafka/target/event-source-kafka-1.2.2-SNAPSHOT-javadoc.jar.asc to /Users/paulgallagher/.m2/repository/io/telicent/smart-caches/event-source-kafka/1.2.2-SNAPSHOT/event-source-kafka-1.2.2-SNAPSHOT-javadoc.jar.asc
[INFO] Installing /Users/paulgallagher/Code/smart-caches-core/event-sources/event-source-kafka/target/event-source-kafka-1.2.2-SNAPSHOT-bom.json.asc to /Users/paulgallagher/.m2/repository/io/telicent/smart-caches/event-source-kafka/1.2.2-SNAPSHOT/event-source-kafka-1.2.2-SNAPSHOT-cyclonedx.json.asc
[INFO] Installing /Users/paulgallagher/Code/smart-caches-core/event-sources/event-source-kafka/target/event-source-kafka-1.2.2-SNAPSHOT-certs-helper.zip.asc to /Users/paulgallagher/.m2/repository/io/telicent/smart-caches/event-source-kafka/1.2.2-SNAPSHOT/event-source-kafka-1.2.2-SNAPSHOT-certs-helper.zip.asc
[INFO] Installing /Users/paulgallagher/Code/smart-caches-core/event-sources/event-source-kafka/target/event-source-kafka-1.2.2-SNAPSHOT-certs-helper.tar.gz.asc to /Users/paulgallagher/.m2/repository/io/telicent/smart-caches/event-source-kafka/1.2.2-SNAPSHOT/event-source-kafka-1.2.2-SNAPSHOT-certs-helper.tar.gz.asc
[INFO] 
[INFO] -------------< io.telicent.smart-caches:event-source-file >-------------
[INFO] Building Telicent Smart Caches - Event Sources - File 1.2.2-SNAPSHOT [9/22]
[INFO]   from event-sources/event-source-file/pom.xml
[INFO] --------------------------------[ jar ]---------------------------------
[INFO] 
[INFO] --- clean:3.2.0:clean (default-clean) @ event-source-file ---
[INFO] Deleting /Users/paulgallagher/Code/smart-caches-core/event-sources/event-source-file/target
[INFO] 
[INFO] --- enforcer:3.6.3:enforce (enforce-versions) @ event-source-file ---
[INFO] 
[INFO] --- license:5.1.1:check (check-licenses) @ event-source-file ---
[INFO] Checking licenses...
[INFO] License check: 48 file(s) checked (OK: 48, Missing: 0, Unknown: 0)
[INFO] 
[INFO] --- lombok:1.18.20.0:delombok (default) @ event-source-file ---
[INFO] Delombok complete.
[INFO] 
[INFO] --- buildnumber:3.3.0:create-metadata (default) @ event-source-file ---
[INFO] 
[INFO] --- resources:3.3.1:resources (default-resources) @ event-source-file ---
[INFO] Copying 2 resources from src/main/resources to target/classes
[INFO] Copying 1 resource from target/generated/build-metadata to target/classes
[INFO] 
[INFO] --- compiler:3.15.0:compile (default-compile) @ event-source-file ---
[INFO] Recompiling the module because of changed dependency.
[INFO] Compiling 27 source files with javac [debug release 21] to target/classes
[INFO] 
[INFO] --- resources:3.3.1:testResources (default-testResources) @ event-source-file ---
[INFO] Copying 2 resources from src/test/resources to target/test-classes
[INFO] 
[INFO] --- compiler:3.15.0:testCompile (default-testCompile) @ event-source-file ---
[INFO] Recompiling the module because of changed dependency.
[INFO] Compiling 18 source files with javac [debug release 21] to target/test-classes
[INFO] 
[INFO] --- jacoco:0.8.15:prepare-agent (prepare-agent) @ event-source-file ---
[INFO] argLine set to -javaagent:/Users/paulgallagher/.m2/repository/org/jacoco/org.jacoco.agent/0.8.15/org.jacoco.agent-0.8.15-runtime.jar=destfile=/Users/paulgallagher/Code/smart-caches-core/event-sources/event-source-file/target/jacoco.exec,append=true
[INFO] 
[INFO] --- surefire:3.2.5:test (default-test) @ event-source-file ---
[INFO] Using auto detected provider org.apache.maven.surefire.testng.TestNGProvider
[INFO] 
[INFO] -------------------------------------------------------
[INFO]  T E S T S
[INFO] -------------------------------------------------------
[INFO] Running TestSuite
2026-08-19 15:18:10,028 [Server] [<anon>] ERROR riot - [line: 1, col: 1 ] Expected BNode or IRI: Got: [MINUS]
2026-08-19 15:18:10,031 [Server] [<anon>] ERROR riot - [line: 1, col: 1 ] Expected BNode or IRI: Got: [PREFIXED_NAME:Content-Type:]
Mockito is currently self-attaching to enable the inline-mock-maker. This will no longer work in future releases of the JDK. Please add Mockito as an agent to your build as described in Mockito's documentation: https://javadoc.io/doc/org.mockito/mockito-core/latest/org.mockito/org/mockito/Mockito.html#0.3
OpenJDK 64-Bit Server VM warning: Sharing is only supported for boot loader classes because bootstrap classpath has been appended
WARNING: A Java agent has been loaded dynamically (/Users/paulgallagher/.m2/repository/net/bytebuddy/byte-buddy-agent/1.17.7/byte-buddy-agent-1.17.7.jar)
WARNING: If a serviceability tool is in use, please run with -XX:+EnableDynamicAgentLoading to hide this warning
WARNING: If a serviceability tool is not in use, please run with -Djdk.instrument.traceUsage for more information
WARNING: Dynamic loading of agents will be disallowed by default in a future release
[WARNING] Tests run: 328, Failures: 0, Errors: 0, Skipped: 2, Time elapsed: 16.33 s -- in TestSuite
[INFO] 
[INFO] Results:
[INFO] 
[WARNING] Tests run: 328, Failures: 0, Errors: 0, Skipped: 2
[INFO] 
[INFO] 
[INFO] --- jar:3.5.1:jar (default-jar) @ event-source-file ---
[INFO] Building jar: /Users/paulgallagher/Code/smart-caches-core/event-sources/event-source-file/target/event-source-file-1.2.2-SNAPSHOT.jar
[INFO] 
[INFO] --- jar:3.5.1:test-jar (create-test-jar) @ event-source-file ---
[INFO] Skipping packaging of the test-jar
[INFO] 
[INFO] >>> source:3.4.0:jar (attach-sources) > generate-sources @ event-source-file >>>
[INFO] 
[INFO] --- enforcer:3.6.3:enforce (enforce-versions) @ event-source-file ---
[INFO] 
[INFO] --- license:5.1.1:check (check-licenses) @ event-source-file ---
[INFO] Checking licenses...
[INFO] License check: 48 file(s) checked (OK: 48, Missing: 0, Unknown: 0)
[INFO] 
[INFO] --- lombok:1.18.20.0:delombok (default) @ event-source-file ---
[INFO] Delombok complete.
[INFO] 
[INFO] <<< source:3.4.0:jar (attach-sources) < generate-sources @ event-source-file <<<
[INFO] 
[INFO] 
[INFO] --- source:3.4.0:jar (attach-sources) @ event-source-file ---
[INFO] Building jar: /Users/paulgallagher/Code/smart-caches-core/event-sources/event-source-file/target/event-source-file-1.2.2-SNAPSHOT-sources.jar
[INFO] 
[INFO] >>> source:3.4.0:test-jar (attach-test-sources) > generate-sources @ event-source-file >>>
[INFO] 
[INFO] --- enforcer:3.6.3:enforce (enforce-versions) @ event-source-file ---
[INFO] 
[INFO] --- license:5.1.1:check (check-licenses) @ event-source-file ---
[INFO] Checking licenses...
[INFO] License check: 48 file(s) checked (OK: 48, Missing: 0, Unknown: 0)
[INFO] 
[INFO] --- lombok:1.18.20.0:delombok (default) @ event-source-file ---
[INFO] Delombok complete.
[INFO] 
[INFO] <<< source:3.4.0:test-jar (attach-test-sources) < generate-sources @ event-source-file <<<
[INFO] 
[INFO] 
[INFO] --- source:3.4.0:test-jar (attach-test-sources) @ event-source-file ---
[INFO] Skipping source per configuration.
[INFO] 
[INFO] --- javadoc:3.12.0:jar (default) @ event-source-file ---
[INFO] Building jar: /Users/paulgallagher/Code/smart-caches-core/event-sources/event-source-file/target/event-source-file-1.2.2-SNAPSHOT-javadoc.jar
[INFO] 
[INFO] --- cyclonedx:2.9.3:makeAggregateBom (build-sbom-cyclonedx) @ event-source-file ---
[INFO] CycloneDX: Resolving Dependencies
[INFO] CycloneDX: Creating BOM version 1.6 with 48 component(s)
[INFO] CycloneDX: Writing and validating BOM (JSON): /Users/paulgallagher/Code/smart-caches-core/event-sources/event-source-file/target/event-source-file-1.2.2-SNAPSHOT-bom.json
[INFO]            attaching as event-source-file-1.2.2-SNAPSHOT-cyclonedx.json
[INFO] 
[INFO] --- gpg:3.2.8:sign (default) @ event-source-file ---
[INFO] Signer 'gpg' is signing 5 files with key default
[INFO] 
[INFO] --- jacoco:0.8.15:report (report) @ event-source-file ---
[INFO] Loading execution data file /Users/paulgallagher/Code/smart-caches-core/event-sources/event-source-file/target/jacoco.exec
[INFO] Analyzed bundle 'Telicent Smart Caches - Event Sources - File' with 28 classes
[INFO] 
[INFO] --- jacoco:0.8.15:check (require-test-coverage) @ event-source-file ---
[INFO] Loading execution data file /Users/paulgallagher/Code/smart-caches-core/event-sources/event-source-file/target/jacoco.exec
[INFO] Analyzed bundle 'event-source-file' with 28 classes
[INFO] All coverage checks have been met.
[INFO] 
[INFO] --- install:3.1.2:install (default-install) @ event-source-file ---
[INFO] Installing /Users/paulgallagher/Code/smart-caches-core/event-sources/event-source-file/pom.xml to /Users/paulgallagher/.m2/repository/io/telicent/smart-caches/event-source-file/1.2.2-SNAPSHOT/event-source-file-1.2.2-SNAPSHOT.pom
[INFO] Installing /Users/paulgallagher/Code/smart-caches-core/event-sources/event-source-file/target/event-source-file-1.2.2-SNAPSHOT.jar to /Users/paulgallagher/.m2/repository/io/telicent/smart-caches/event-source-file/1.2.2-SNAPSHOT/event-source-file-1.2.2-SNAPSHOT.jar
[INFO] Installing /Users/paulgallagher/Code/smart-caches-core/event-sources/event-source-file/target/event-source-file-1.2.2-SNAPSHOT-sources.jar to /Users/paulgallagher/.m2/repository/io/telicent/smart-caches/event-source-file/1.2.2-SNAPSHOT/event-source-file-1.2.2-SNAPSHOT-sources.jar
[INFO] Installing /Users/paulgallagher/Code/smart-caches-core/event-sources/event-source-file/target/event-source-file-1.2.2-SNAPSHOT-javadoc.jar to /Users/paulgallagher/.m2/repository/io/telicent/smart-caches/event-source-file/1.2.2-SNAPSHOT/event-source-file-1.2.2-SNAPSHOT-javadoc.jar
[INFO] Installing /Users/paulgallagher/Code/smart-caches-core/event-sources/event-source-file/target/event-source-file-1.2.2-SNAPSHOT-bom.json to /Users/paulgallagher/.m2/repository/io/telicent/smart-caches/event-source-file/1.2.2-SNAPSHOT/event-source-file-1.2.2-SNAPSHOT-cyclonedx.json
[INFO] Installing /Users/paulgallagher/Code/smart-caches-core/event-sources/event-source-file/target/event-source-file-1.2.2-SNAPSHOT.jar.asc to /Users/paulgallagher/.m2/repository/io/telicent/smart-caches/event-source-file/1.2.2-SNAPSHOT/event-source-file-1.2.2-SNAPSHOT.jar.asc
[INFO] Installing /Users/paulgallagher/Code/smart-caches-core/event-sources/event-source-file/target/event-source-file-1.2.2-SNAPSHOT.pom.asc to /Users/paulgallagher/.m2/repository/io/telicent/smart-caches/event-source-file/1.2.2-SNAPSHOT/event-source-file-1.2.2-SNAPSHOT.pom.asc
[INFO] Installing /Users/paulgallagher/Code/smart-caches-core/event-sources/event-source-file/target/event-source-file-1.2.2-SNAPSHOT-sources.jar.asc to /Users/paulgallagher/.m2/repository/io/telicent/smart-caches/event-source-file/1.2.2-SNAPSHOT/event-source-file-1.2.2-SNAPSHOT-sources.jar.asc
[INFO] Installing /Users/paulgallagher/Code/smart-caches-core/event-sources/event-source-file/target/event-source-file-1.2.2-SNAPSHOT-javadoc.jar.asc to /Users/paulgallagher/.m2/repository/io/telicent/smart-caches/event-source-file/1.2.2-SNAPSHOT/event-source-file-1.2.2-SNAPSHOT-javadoc.jar.asc
[INFO] Installing /Users/paulgallagher/Code/smart-caches-core/event-sources/event-source-file/target/event-source-file-1.2.2-SNAPSHOT-bom.json.asc to /Users/paulgallagher/.m2/repository/io/telicent/smart-caches/event-source-file/1.2.2-SNAPSHOT/event-source-file-1.2.2-SNAPSHOT-cyclonedx.json.asc
[INFO] 
[INFO] --------------< io.telicent.smart-caches:jwt-auth-common >--------------
[INFO] Building Telicent Smart Caches - JWT Authentication 1.2.2-SNAPSHOT [10/22]
[INFO]   from jwt-auth-common/pom.xml
[INFO] --------------------------------[ jar ]---------------------------------
[INFO] 
[INFO] --- clean:3.2.0:clean (default-clean) @ jwt-auth-common ---
[INFO] Deleting /Users/paulgallagher/Code/smart-caches-core/jwt-auth-common/target
[INFO] 
[INFO] --- enforcer:3.6.3:enforce (enforce-versions) @ jwt-auth-common ---
[INFO] 
[INFO] --- license:5.1.1:check (check-licenses) @ jwt-auth-common ---
[INFO] Checking licenses...
[INFO] License check: 33 file(s) checked (OK: 33, Missing: 0, Unknown: 0)
[INFO] 
[INFO] --- dependency:3.11.0:properties (properties) @ jwt-auth-common ---
[INFO] 
[INFO] --- lombok:1.18.20.0:delombok (default) @ jwt-auth-common ---
[INFO] Delombok complete.
[INFO] 
[INFO] --- buildnumber:3.3.0:create-metadata (default) @ jwt-auth-common ---
[INFO] 
[INFO] --- resources:3.3.1:resources (default-resources) @ jwt-auth-common ---
[INFO] skip non existing resourceDirectory /Users/paulgallagher/Code/smart-caches-core/jwt-auth-common/src/main/resources
[INFO] Copying 1 resource from target/generated/build-metadata to target/classes
[INFO] 
[INFO] --- compiler:3.15.0:compile (default-compile) @ jwt-auth-common ---
[INFO] Recompiling the module because of changed dependency.
[INFO] Compiling 16 source files with javac [debug release 21] to target/classes
[INFO] 
[INFO] --- resources:3.3.1:testResources (default-testResources) @ jwt-auth-common ---
[INFO] skip non existing resourceDirectory /Users/paulgallagher/Code/smart-caches-core/jwt-auth-common/src/test/resources
[INFO] 
[INFO] --- compiler:3.15.0:testCompile (default-testCompile) @ jwt-auth-common ---
[INFO] Recompiling the module because of changed dependency.
[INFO] Compiling 17 source files with javac [debug release 21] to target/test-classes
[INFO] 
[INFO] --- jacoco:0.8.15:prepare-agent (prepare-agent) @ jwt-auth-common ---
[INFO] argLine set to -javaagent:/Users/paulgallagher/.m2/repository/org/jacoco/org.jacoco.agent/0.8.15/org.jacoco.agent-0.8.15-runtime.jar=destfile=/Users/paulgallagher/Code/smart-caches-core/jwt-auth-common/target/jacoco.exec,append=true
[INFO] 
[INFO] --- surefire:3.5.6:test (default-test) @ jwt-auth-common ---
[INFO] Using auto detected provider org.apache.maven.surefire.testng.TestNGProvider
[INFO] 
[INFO] -------------------------------------------------------
[INFO]  T E S T S
[INFO] -------------------------------------------------------
[INFO] Running TestSuite
[INFO] Tests run: 111, Failures: 0, Errors: 0, Skipped: 0, Time elapsed: 2.132 s -- in TestSuite
[INFO] 
[INFO] Results:
[INFO] 
[INFO] Tests run: 111, Failures: 0, Errors: 0, Skipped: 0
[INFO] 
[INFO] 
[INFO] --- jar:3.5.1:jar (default-jar) @ jwt-auth-common ---
[INFO] Building jar: /Users/paulgallagher/Code/smart-caches-core/jwt-auth-common/target/jwt-auth-common-1.2.2-SNAPSHOT.jar
[INFO] 
[INFO] --- jar:3.5.1:test-jar (create-test-jar) @ jwt-auth-common ---
[INFO] Skipping packaging of the test-jar
[INFO] 
[INFO] >>> source:3.4.0:jar (attach-sources) > generate-sources @ jwt-auth-common >>>
[INFO] 
[INFO] --- enforcer:3.6.3:enforce (enforce-versions) @ jwt-auth-common ---
[INFO] 
[INFO] --- license:5.1.1:check (check-licenses) @ jwt-auth-common ---
[INFO] Checking licenses...
[INFO] License check: 33 file(s) checked (OK: 33, Missing: 0, Unknown: 0)
[INFO] 
[INFO] --- dependency:3.11.0:properties (properties) @ jwt-auth-common ---
[INFO] 
[INFO] --- lombok:1.18.20.0:delombok (default) @ jwt-auth-common ---
[INFO] Delombok complete.
[INFO] 
[INFO] <<< source:3.4.0:jar (attach-sources) < generate-sources @ jwt-auth-common <<<
[INFO] 
[INFO] 
[INFO] --- source:3.4.0:jar (attach-sources) @ jwt-auth-common ---
[INFO] Building jar: /Users/paulgallagher/Code/smart-caches-core/jwt-auth-common/target/jwt-auth-common-1.2.2-SNAPSHOT-sources.jar
[INFO] 
[INFO] >>> source:3.4.0:test-jar (attach-test-sources) > generate-sources @ jwt-auth-common >>>
[INFO] 
[INFO] --- enforcer:3.6.3:enforce (enforce-versions) @ jwt-auth-common ---
[INFO] 
[INFO] --- license:5.1.1:check (check-licenses) @ jwt-auth-common ---
[INFO] Checking licenses...
[INFO] License check: 33 file(s) checked (OK: 33, Missing: 0, Unknown: 0)
[INFO] 
[INFO] --- dependency:3.11.0:properties (properties) @ jwt-auth-common ---
[INFO] 
[INFO] --- lombok:1.18.20.0:delombok (default) @ jwt-auth-common ---
[INFO] Delombok complete.
[INFO] 
[INFO] <<< source:3.4.0:test-jar (attach-test-sources) < generate-sources @ jwt-auth-common <<<
[INFO] 
[INFO] 
[INFO] --- source:3.4.0:test-jar (attach-test-sources) @ jwt-auth-common ---
[INFO] Skipping source per configuration.
[INFO] 
[INFO] --- javadoc:3.12.0:jar (default) @ jwt-auth-common ---
[INFO] Building jar: /Users/paulgallagher/Code/smart-caches-core/jwt-auth-common/target/jwt-auth-common-1.2.2-SNAPSHOT-javadoc.jar
[INFO] 
[INFO] --- cyclonedx:2.9.3:makeAggregateBom (build-sbom-cyclonedx) @ jwt-auth-common ---
[INFO] CycloneDX: Resolving Dependencies
[INFO] CycloneDX: Creating BOM version 1.6 with 19 component(s)
[INFO] CycloneDX: Writing and validating BOM (JSON): /Users/paulgallagher/Code/smart-caches-core/jwt-auth-common/target/jwt-auth-common-1.2.2-SNAPSHOT-bom.json
[INFO]            attaching as jwt-auth-common-1.2.2-SNAPSHOT-cyclonedx.json
[INFO] 
[INFO] --- gpg:3.2.8:sign (default) @ jwt-auth-common ---
[INFO] Signer 'gpg' is signing 5 files with key default
[INFO] 
[INFO] --- dependency:3.11.0:analyze-only (analyze) @ jwt-auth-common ---
[WARNING] Used undeclared dependencies found:
[WARNING]    com.fasterxml.jackson.core:jackson-annotations:jar:2.22:compile
[WARNING]    com.github.ben-manes.caffeine:caffeine:jar:3.2.4:compile
[WARNING]    com.fasterxml.jackson.core:jackson-core:jar:2.22.1:compile
[WARNING]    com.fasterxml.jackson.core:jackson-databind:jar:2.22.1:compile
[WARNING]    io.jsonwebtoken:jjwt-api:jar:0.13.0:compile
[WARNING] Unused declared dependencies found:
[WARNING]    ch.qos.logback:logback-classic:jar:1.6.3:test
[WARNING] Non-test scoped test only dependencies found:
[WARNING]    com.fasterxml.jackson.core:jackson-core:jar:2.22.1:compile
[WARNING]    io.jsonwebtoken:jjwt-api:jar:0.13.0:compile
[INFO] 
[INFO] --- jacoco:0.8.15:report (report) @ jwt-auth-common ---
[INFO] Loading execution data file /Users/paulgallagher/Code/smart-caches-core/jwt-auth-common/target/jacoco.exec
[INFO] Analyzed bundle 'Telicent Smart Caches - JWT Authentication' with 17 classes
[INFO] 
[INFO] --- jacoco:0.8.15:check (require-test-coverage) @ jwt-auth-common ---
[INFO] Loading execution data file /Users/paulgallagher/Code/smart-caches-core/jwt-auth-common/target/jacoco.exec
[INFO] Analyzed bundle 'jwt-auth-common' with 17 classes
[INFO] All coverage checks have been met.
[INFO] 
[INFO] --- install:3.1.2:install (default-install) @ jwt-auth-common ---
[INFO] Installing /Users/paulgallagher/Code/smart-caches-core/jwt-auth-common/pom.xml to /Users/paulgallagher/.m2/repository/io/telicent/smart-caches/jwt-auth-common/1.2.2-SNAPSHOT/jwt-auth-common-1.2.2-SNAPSHOT.pom
[INFO] Installing /Users/paulgallagher/Code/smart-caches-core/jwt-auth-common/target/jwt-auth-common-1.2.2-SNAPSHOT.jar to /Users/paulgallagher/.m2/repository/io/telicent/smart-caches/jwt-auth-common/1.2.2-SNAPSHOT/jwt-auth-common-1.2.2-SNAPSHOT.jar
[INFO] Installing /Users/paulgallagher/Code/smart-caches-core/jwt-auth-common/target/jwt-auth-common-1.2.2-SNAPSHOT-sources.jar to /Users/paulgallagher/.m2/repository/io/telicent/smart-caches/jwt-auth-common/1.2.2-SNAPSHOT/jwt-auth-common-1.2.2-SNAPSHOT-sources.jar
[INFO] Installing /Users/paulgallagher/Code/smart-caches-core/jwt-auth-common/target/jwt-auth-common-1.2.2-SNAPSHOT-javadoc.jar to /Users/paulgallagher/.m2/repository/io/telicent/smart-caches/jwt-auth-common/1.2.2-SNAPSHOT/jwt-auth-common-1.2.2-SNAPSHOT-javadoc.jar
[INFO] Installing /Users/paulgallagher/Code/smart-caches-core/jwt-auth-common/target/jwt-auth-common-1.2.2-SNAPSHOT-bom.json to /Users/paulgallagher/.m2/repository/io/telicent/smart-caches/jwt-auth-common/1.2.2-SNAPSHOT/jwt-auth-common-1.2.2-SNAPSHOT-cyclonedx.json
[INFO] Installing /Users/paulgallagher/Code/smart-caches-core/jwt-auth-common/target/jwt-auth-common-1.2.2-SNAPSHOT.jar.asc to /Users/paulgallagher/.m2/repository/io/telicent/smart-caches/jwt-auth-common/1.2.2-SNAPSHOT/jwt-auth-common-1.2.2-SNAPSHOT.jar.asc
[INFO] Installing /Users/paulgallagher/Code/smart-caches-core/jwt-auth-common/target/jwt-auth-common-1.2.2-SNAPSHOT.pom.asc to /Users/paulgallagher/.m2/repository/io/telicent/smart-caches/jwt-auth-common/1.2.2-SNAPSHOT/jwt-auth-common-1.2.2-SNAPSHOT.pom.asc
[INFO] Installing /Users/paulgallagher/Code/smart-caches-core/jwt-auth-common/target/jwt-auth-common-1.2.2-SNAPSHOT-sources.jar.asc to /Users/paulgallagher/.m2/repository/io/telicent/smart-caches/jwt-auth-common/1.2.2-SNAPSHOT/jwt-auth-common-1.2.2-SNAPSHOT-sources.jar.asc
[INFO] Installing /Users/paulgallagher/Code/smart-caches-core/jwt-auth-common/target/jwt-auth-common-1.2.2-SNAPSHOT-javadoc.jar.asc to /Users/paulgallagher/.m2/repository/io/telicent/smart-caches/jwt-auth-common/1.2.2-SNAPSHOT/jwt-auth-common-1.2.2-SNAPSHOT-javadoc.jar.asc
[INFO] Installing /Users/paulgallagher/Code/smart-caches-core/jwt-auth-common/target/jwt-auth-common-1.2.2-SNAPSHOT-bom.json.asc to /Users/paulgallagher/.m2/repository/io/telicent/smart-caches/jwt-auth-common/1.2.2-SNAPSHOT/jwt-auth-common-1.2.2-SNAPSHOT-cyclonedx.json.asc
[INFO] 
[INFO] ----------< io.telicent.smart-caches:distribution-lifecycle >-----------
[INFO] Building Telicent Smart Caches - Distribution Lifecycle 1.2.2-SNAPSHOT [11/22]
[INFO]   from distribution-lifecycle/pom.xml
[INFO] --------------------------------[ jar ]---------------------------------
[INFO] 
[INFO] --- clean:3.2.0:clean (default-clean) @ distribution-lifecycle ---
[INFO] Deleting /Users/paulgallagher/Code/smart-caches-core/distribution-lifecycle/target
[INFO] 
[INFO] --- enforcer:3.6.3:enforce (enforce-versions) @ distribution-lifecycle ---
[INFO] 
[INFO] --- license:5.1.1:check (check-licenses) @ distribution-lifecycle ---
[INFO] Checking licenses...
[INFO] License check: 56 file(s) checked (OK: 56, Missing: 0, Unknown: 0)
[INFO] 
[INFO] --- dependency:3.11.0:properties (properties) @ distribution-lifecycle ---
[INFO] 
[INFO] --- lombok:1.18.20.0:delombok (default) @ distribution-lifecycle ---
[INFO] Delombok complete.
[INFO] 
[INFO] --- buildnumber:3.3.0:create-metadata (default) @ distribution-lifecycle ---
[INFO] 
[INFO] --- resources:3.3.1:resources (default-resources) @ distribution-lifecycle ---
[INFO] skip non existing resourceDirectory /Users/paulgallagher/Code/smart-caches-core/distribution-lifecycle/src/main/resources
[INFO] Copying 1 resource from target/generated/build-metadata to target/classes
[INFO] 
[INFO] --- compiler:3.15.0:compile (default-compile) @ distribution-lifecycle ---
[INFO] Recompiling the module because of changed dependency.
[INFO] Compiling 26 source files with javac [debug release 21] to target/classes
[INFO] 
[INFO] --- resources:3.3.1:testResources (default-testResources) @ distribution-lifecycle ---
[INFO] skip non existing resourceDirectory /Users/paulgallagher/Code/smart-caches-core/distribution-lifecycle/src/test/resources
[INFO] 
[INFO] --- compiler:3.15.0:testCompile (default-testCompile) @ distribution-lifecycle ---
[INFO] Recompiling the module because of changed dependency.
[INFO] Compiling 30 source files with javac [debug release 21] to target/test-classes
[INFO] 
[INFO] --- jacoco:0.8.15:prepare-agent (prepare-agent) @ distribution-lifecycle ---
[INFO] argLine set to -javaagent:/Users/paulgallagher/.m2/repository/org/jacoco/org.jacoco.agent/0.8.15/org.jacoco.agent-0.8.15-runtime.jar=destfile=/Users/paulgallagher/Code/smart-caches-core/distribution-lifecycle/target/jacoco.exec,append=true
[INFO] 
[INFO] --- surefire:3.5.6:test (default-test) @ distribution-lifecycle ---
[INFO] Using auto detected provider org.apache.maven.surefire.testng.TestNGProvider
[INFO] 
[INFO] -------------------------------------------------------
[INFO]  T E S T S
[INFO] -------------------------------------------------------
[INFO] Running TestSuite
[WARNING] Tests run: 367, Failures: 0, Errors: 0, Skipped: 16, Time elapsed: 117.5 s -- in TestSuite
[INFO] 
[INFO] Results:
[INFO] 
[INFO] Tests run: 367, Failures: 0, Errors: 0, Skipped: 16
[INFO] 
[INFO] 
[INFO] --- jar:3.5.1:jar (default-jar) @ distribution-lifecycle ---
[INFO] Building jar: /Users/paulgallagher/Code/smart-caches-core/distribution-lifecycle/target/distribution-lifecycle-1.2.2-SNAPSHOT.jar
[INFO] 
[INFO] --- jar:3.5.1:test-jar (create-test-jar) @ distribution-lifecycle ---
[INFO] Building jar: /Users/paulgallagher/Code/smart-caches-core/distribution-lifecycle/target/distribution-lifecycle-1.2.2-SNAPSHOT-tests.jar
[INFO] 
[INFO] >>> source:3.4.0:jar (attach-sources) > generate-sources @ distribution-lifecycle >>>
[INFO] 
[INFO] --- enforcer:3.6.3:enforce (enforce-versions) @ distribution-lifecycle ---
[INFO] 
[INFO] --- license:5.1.1:check (check-licenses) @ distribution-lifecycle ---
[INFO] Checking licenses...
[INFO] License check: 56 file(s) checked (OK: 56, Missing: 0, Unknown: 0)
[INFO] 
[INFO] --- dependency:3.11.0:properties (properties) @ distribution-lifecycle ---
[INFO] 
[INFO] --- lombok:1.18.20.0:delombok (default) @ distribution-lifecycle ---
[INFO] Delombok complete.
[INFO] 
[INFO] <<< source:3.4.0:jar (attach-sources) < generate-sources @ distribution-lifecycle <<<
[INFO] 
[INFO] 
[INFO] --- source:3.4.0:jar (attach-sources) @ distribution-lifecycle ---
[INFO] Building jar: /Users/paulgallagher/Code/smart-caches-core/distribution-lifecycle/target/distribution-lifecycle-1.2.2-SNAPSHOT-sources.jar
[INFO] 
[INFO] >>> source:3.4.0:test-jar (attach-test-sources) > generate-sources @ distribution-lifecycle >>>
[INFO] 
[INFO] --- enforcer:3.6.3:enforce (enforce-versions) @ distribution-lifecycle ---
[INFO] 
[INFO] --- license:5.1.1:check (check-licenses) @ distribution-lifecycle ---
[INFO] Checking licenses...
[INFO] License check: 56 file(s) checked (OK: 56, Missing: 0, Unknown: 0)
[INFO] 
[INFO] --- dependency:3.11.0:properties (properties) @ distribution-lifecycle ---
[INFO] 
[INFO] --- lombok:1.18.20.0:delombok (default) @ distribution-lifecycle ---
[INFO] Delombok complete.
[INFO] 
[INFO] <<< source:3.4.0:test-jar (attach-test-sources) < generate-sources @ distribution-lifecycle <<<
[INFO] 
[INFO] 
[INFO] --- source:3.4.0:test-jar (attach-test-sources) @ distribution-lifecycle ---
[INFO] Building jar: /Users/paulgallagher/Code/smart-caches-core/distribution-lifecycle/target/distribution-lifecycle-1.2.2-SNAPSHOT-test-sources.jar
[INFO] 
[INFO] --- javadoc:3.12.0:jar (default) @ distribution-lifecycle ---
[INFO] Building jar: /Users/paulgallagher/Code/smart-caches-core/distribution-lifecycle/target/distribution-lifecycle-1.2.2-SNAPSHOT-javadoc.jar
[INFO] 
[INFO] --- cyclonedx:2.9.3:makeAggregateBom (build-sbom-cyclonedx) @ distribution-lifecycle ---
[INFO] CycloneDX: Resolving Dependencies
[INFO] CycloneDX: Creating BOM version 1.6 with 47 component(s)
[INFO] CycloneDX: Writing and validating BOM (JSON): /Users/paulgallagher/Code/smart-caches-core/distribution-lifecycle/target/distribution-lifecycle-1.2.2-SNAPSHOT-bom.json
[INFO]            attaching as distribution-lifecycle-1.2.2-SNAPSHOT-cyclonedx.json
[INFO] 
[INFO] --- gpg:3.2.8:sign (default) @ distribution-lifecycle ---
[INFO] Signer 'gpg' is signing 7 files with key default
[INFO] 
[INFO] --- jacoco:0.8.15:report (report) @ distribution-lifecycle ---
[INFO] Loading execution data file /Users/paulgallagher/Code/smart-caches-core/distribution-lifecycle/target/jacoco.exec
[INFO] Analyzed bundle 'Telicent Smart Caches - Distribution Lifecycle' with 25 classes
[INFO] 
[INFO] --- jacoco:0.8.15:check (require-test-coverage) @ distribution-lifecycle ---
[INFO] Loading execution data file /Users/paulgallagher/Code/smart-caches-core/distribution-lifecycle/target/jacoco.exec
[INFO] Analyzed bundle 'distribution-lifecycle' with 25 classes
[INFO] All coverage checks have been met.
[INFO] 
[INFO] --- dependency:3.11.0:analyze-only (analyze) @ distribution-lifecycle ---
[WARNING] Used undeclared dependencies found:
[WARNING]    commons-io:commons-io:jar:2.22.0:compile
[WARNING]    com.fasterxml.jackson.core:jackson-core:jar:2.22.1:compile
[WARNING]    junit:junit:jar:4.13.2:test
[WARNING]    org.apache.kafka:kafka-clients:jar:3.9.2:compile
[WARNING]    io.telicent.smart-caches:projectors-core:jar:1.2.2-SNAPSHOT:compile
[WARNING]    io.telicent.smart-caches:configurator:jar:1.2.2-SNAPSHOT:compile
[WARNING]    tools.jackson.core:jackson-databind:jar:3.2.1:compile
[WARNING]    com.fasterxml.jackson.core:jackson-annotations:jar:2.22:compile
[WARNING]    org.slf4j:slf4j-api:jar:2.0.18:compile
[WARNING]    org.apache.commons:commons-lang3:jar:3.20.0:compile
[WARNING]    io.telicent.smart-caches:event-sources-core:jar:1.2.2-SNAPSHOT:compile
[WARNING]    com.fasterxml.jackson.core:jackson-databind:jar:2.22.1:compile
[WARNING]    io.telicent.smart-caches:observability-core:jar:1.2.2-SNAPSHOT:compile
[WARNING] Unused declared dependencies found:
[WARNING]    org.testcontainers:testcontainers:jar:1.21.4:test
[WARNING]    org.slf4j:slf4j-nop:jar:2.0.18:test
[WARNING] Non-test scoped test only dependencies found:
[WARNING]    com.fasterxml.jackson.core:jackson-core:jar:2.22.1:compile
[INFO] 
[INFO] --- install:3.1.2:install (default-install) @ distribution-lifecycle ---
[INFO] Installing /Users/paulgallagher/Code/smart-caches-core/distribution-lifecycle/pom.xml to /Users/paulgallagher/.m2/repository/io/telicent/smart-caches/distribution-lifecycle/1.2.2-SNAPSHOT/distribution-lifecycle-1.2.2-SNAPSHOT.pom
[INFO] Installing /Users/paulgallagher/Code/smart-caches-core/distribution-lifecycle/target/distribution-lifecycle-1.2.2-SNAPSHOT.jar to /Users/paulgallagher/.m2/repository/io/telicent/smart-caches/distribution-lifecycle/1.2.2-SNAPSHOT/distribution-lifecycle-1.2.2-SNAPSHOT.jar
[INFO] Installing /Users/paulgallagher/Code/smart-caches-core/distribution-lifecycle/target/distribution-lifecycle-1.2.2-SNAPSHOT-tests.jar to /Users/paulgallagher/.m2/repository/io/telicent/smart-caches/distribution-lifecycle/1.2.2-SNAPSHOT/distribution-lifecycle-1.2.2-SNAPSHOT-tests.jar
[INFO] Installing /Users/paulgallagher/Code/smart-caches-core/distribution-lifecycle/target/distribution-lifecycle-1.2.2-SNAPSHOT-sources.jar to /Users/paulgallagher/.m2/repository/io/telicent/smart-caches/distribution-lifecycle/1.2.2-SNAPSHOT/distribution-lifecycle-1.2.2-SNAPSHOT-sources.jar
[INFO] Installing /Users/paulgallagher/Code/smart-caches-core/distribution-lifecycle/target/distribution-lifecycle-1.2.2-SNAPSHOT-test-sources.jar to /Users/paulgallagher/.m2/repository/io/telicent/smart-caches/distribution-lifecycle/1.2.2-SNAPSHOT/distribution-lifecycle-1.2.2-SNAPSHOT-test-sources.jar
[INFO] Installing /Users/paulgallagher/Code/smart-caches-core/distribution-lifecycle/target/distribution-lifecycle-1.2.2-SNAPSHOT-javadoc.jar to /Users/paulgallagher/.m2/repository/io/telicent/smart-caches/distribution-lifecycle/1.2.2-SNAPSHOT/distribution-lifecycle-1.2.2-SNAPSHOT-javadoc.jar
[INFO] Installing /Users/paulgallagher/Code/smart-caches-core/distribution-lifecycle/target/distribution-lifecycle-1.2.2-SNAPSHOT-bom.json to /Users/paulgallagher/.m2/repository/io/telicent/smart-caches/distribution-lifecycle/1.2.2-SNAPSHOT/distribution-lifecycle-1.2.2-SNAPSHOT-cyclonedx.json
[INFO] Installing /Users/paulgallagher/Code/smart-caches-core/distribution-lifecycle/target/distribution-lifecycle-1.2.2-SNAPSHOT.jar.asc to /Users/paulgallagher/.m2/repository/io/telicent/smart-caches/distribution-lifecycle/1.2.2-SNAPSHOT/distribution-lifecycle-1.2.2-SNAPSHOT.jar.asc
[INFO] Installing /Users/paulgallagher/Code/smart-caches-core/distribution-lifecycle/target/distribution-lifecycle-1.2.2-SNAPSHOT.pom.asc to /Users/paulgallagher/.m2/repository/io/telicent/smart-caches/distribution-lifecycle/1.2.2-SNAPSHOT/distribution-lifecycle-1.2.2-SNAPSHOT.pom.asc
[INFO] Installing /Users/paulgallagher/Code/smart-caches-core/distribution-lifecycle/target/distribution-lifecycle-1.2.2-SNAPSHOT-tests.jar.asc to /Users/paulgallagher/.m2/repository/io/telicent/smart-caches/distribution-lifecycle/1.2.2-SNAPSHOT/distribution-lifecycle-1.2.2-SNAPSHOT-tests.jar.asc
[INFO] Installing /Users/paulgallagher/Code/smart-caches-core/distribution-lifecycle/target/distribution-lifecycle-1.2.2-SNAPSHOT-sources.jar.asc to /Users/paulgallagher/.m2/repository/io/telicent/smart-caches/distribution-lifecycle/1.2.2-SNAPSHOT/distribution-lifecycle-1.2.2-SNAPSHOT-sources.jar.asc
[INFO] Installing /Users/paulgallagher/Code/smart-caches-core/distribution-lifecycle/target/distribution-lifecycle-1.2.2-SNAPSHOT-test-sources.jar.asc to /Users/paulgallagher/.m2/repository/io/telicent/smart-caches/distribution-lifecycle/1.2.2-SNAPSHOT/distribution-lifecycle-1.2.2-SNAPSHOT-test-sources.jar.asc
[INFO] Installing /Users/paulgallagher/Code/smart-caches-core/distribution-lifecycle/target/distribution-lifecycle-1.2.2-SNAPSHOT-javadoc.jar.asc to /Users/paulgallagher/.m2/repository/io/telicent/smart-caches/distribution-lifecycle/1.2.2-SNAPSHOT/distribution-lifecycle-1.2.2-SNAPSHOT-javadoc.jar.asc
[INFO] Installing /Users/paulgallagher/Code/smart-caches-core/distribution-lifecycle/target/distribution-lifecycle-1.2.2-SNAPSHOT-bom.json.asc to /Users/paulgallagher/.m2/repository/io/telicent/smart-caches/distribution-lifecycle/1.2.2-SNAPSHOT/distribution-lifecycle-1.2.2-SNAPSHOT-cyclonedx.json.asc
[INFO] 
[INFO] -----------< io.telicent.smart-caches:data-security-parent >------------
[INFO] Building Telicent Smart Caches - Data Security Plugins - Parent 1.2.2-SNAPSHOT [12/22]
[INFO]   from data-security-parent/pom.xml
[INFO] --------------------------------[ pom ]---------------------------------
[INFO] 
[INFO] --- clean:3.2.0:clean (default-clean) @ data-security-parent ---
[INFO] Deleting /Users/paulgallagher/Code/smart-caches-core/data-security-parent/target
[INFO] 
[INFO] --- enforcer:3.6.3:enforce (enforce-versions) @ data-security-parent ---
[INFO] 
[INFO] --- license:5.1.1:check (check-licenses) @ data-security-parent ---
[INFO] Checking licenses...
[INFO] License check: 0 file(s) checked (OK: 0, Missing: 0, Unknown: 0)
[INFO] 
[INFO] --- lombok:1.18.20.0:delombok (default) @ data-security-parent ---
[WARNING] Skipping Delombok; no source to process.
[INFO] 
[INFO] --- buildnumber:3.3.0:create-metadata (default) @ data-security-parent ---
[INFO] 
[INFO] --- jar:3.5.1:test-jar (create-test-jar) @ data-security-parent ---
[INFO] Skipping packaging of the test-jar
[INFO] 
[INFO] >>> source:3.4.0:jar (attach-sources) > generate-sources @ data-security-parent >>>
[INFO] 
[INFO] --- enforcer:3.6.3:enforce (enforce-versions) @ data-security-parent ---
[INFO] 
[INFO] --- license:5.1.1:check (check-licenses) @ data-security-parent ---
[INFO] Checking licenses...
[INFO] License check: 0 file(s) checked (OK: 0, Missing: 0, Unknown: 0)
[INFO] 
[INFO] --- lombok:1.18.20.0:delombok (default) @ data-security-parent ---
[WARNING] Skipping Delombok; no source to process.
[INFO] 
[INFO] <<< source:3.4.0:jar (attach-sources) < generate-sources @ data-security-parent <<<
[INFO] 
[INFO] 
[INFO] --- source:3.4.0:jar (attach-sources) @ data-security-parent ---
[INFO] 
[INFO] >>> source:3.4.0:test-jar (attach-test-sources) > generate-sources @ data-security-parent >>>
[INFO] 
[INFO] --- enforcer:3.6.3:enforce (enforce-versions) @ data-security-parent ---
[INFO] 
[INFO] --- license:5.1.1:check (check-licenses) @ data-security-parent ---
[INFO] Checking licenses...
[INFO] License check: 0 file(s) checked (OK: 0, Missing: 0, Unknown: 0)
[INFO] 
[INFO] --- lombok:1.18.20.0:delombok (default) @ data-security-parent ---
[WARNING] Skipping Delombok; no source to process.
[INFO] 
[INFO] <<< source:3.4.0:test-jar (attach-test-sources) < generate-sources @ data-security-parent <<<
[INFO] 
[INFO] 
[INFO] --- source:3.4.0:test-jar (attach-test-sources) @ data-security-parent ---
[INFO] Skipping source per configuration.
[INFO] 
[INFO] --- javadoc:3.12.0:jar (default) @ data-security-parent ---
[INFO] Not executing Javadoc as the project is not a Java classpath-capable package
[INFO] 
[INFO] --- cyclonedx:2.9.3:makeAggregateBom (build-sbom-cyclonedx) @ data-security-parent ---
[INFO] CycloneDX: Resolving Dependencies
[INFO] CycloneDX: Creating BOM version 1.6 with 0 component(s)
[INFO] CycloneDX: Writing and validating BOM (JSON): /Users/paulgallagher/Code/smart-caches-core/data-security-parent/target/data-security-parent-1.2.2-SNAPSHOT-bom.json
[INFO]            attaching as data-security-parent-1.2.2-SNAPSHOT-cyclonedx.json
[INFO] 
[INFO] --- gpg:3.2.8:sign (default) @ data-security-parent ---
[INFO] Signer 'gpg' is signing 2 files with key default
[INFO] 
[INFO] --- install:3.1.2:install (default-install) @ data-security-parent ---
[INFO] Installing /Users/paulgallagher/Code/smart-caches-core/data-security-parent/pom.xml to /Users/paulgallagher/.m2/repository/io/telicent/smart-caches/data-security-parent/1.2.2-SNAPSHOT/data-security-parent-1.2.2-SNAPSHOT.pom
[INFO] Installing /Users/paulgallagher/Code/smart-caches-core/data-security-parent/target/data-security-parent-1.2.2-SNAPSHOT-bom.json to /Users/paulgallagher/.m2/repository/io/telicent/smart-caches/data-security-parent/1.2.2-SNAPSHOT/data-security-parent-1.2.2-SNAPSHOT-cyclonedx.json
[INFO] Installing /Users/paulgallagher/Code/smart-caches-core/data-security-parent/target/data-security-parent-1.2.2-SNAPSHOT.pom.asc to /Users/paulgallagher/.m2/repository/io/telicent/smart-caches/data-security-parent/1.2.2-SNAPSHOT/data-security-parent-1.2.2-SNAPSHOT.pom.asc
[INFO] Installing /Users/paulgallagher/Code/smart-caches-core/data-security-parent/target/data-security-parent-1.2.2-SNAPSHOT-bom.json.asc to /Users/paulgallagher/.m2/repository/io/telicent/smart-caches/data-security-parent/1.2.2-SNAPSHOT/data-security-parent-1.2.2-SNAPSHOT-cyclonedx.json.asc
[INFO] 
[INFO] ------------< io.telicent.smart-caches:data-security-core >-------------
[INFO] Building Telicent Smart Caches - Data Security Plugins - Plugin API 1.2.2-SNAPSHOT [13/22]
[INFO]   from data-security-parent/data-security-core/pom.xml
[INFO] --------------------------------[ jar ]---------------------------------
[INFO] 
[INFO] --- clean:3.2.0:clean (default-clean) @ data-security-core ---
[INFO] Deleting /Users/paulgallagher/Code/smart-caches-core/data-security-parent/data-security-core/target
[INFO] 
[INFO] --- enforcer:3.6.3:enforce (enforce-versions) @ data-security-core ---
[INFO] 
[INFO] --- license:5.1.1:check (check-licenses) @ data-security-core ---
[INFO] Checking licenses...
[INFO] License check: 37 file(s) checked (OK: 37, Missing: 0, Unknown: 0)
[INFO] 
[INFO] --- dependency:3.11.0:properties (properties) @ data-security-core ---
[INFO] 
[INFO] --- lombok:1.18.20.0:delombok (default) @ data-security-core ---
[INFO] Delombok complete.
[INFO] 
[INFO] --- buildnumber:3.3.0:create-metadata (default) @ data-security-core ---
[INFO] 
[INFO] --- resources:3.3.1:resources (default-resources) @ data-security-core ---
[INFO] skip non existing resourceDirectory /Users/paulgallagher/Code/smart-caches-core/data-security-parent/data-security-core/src/main/resources
[INFO] Copying 1 resource from target/generated/build-metadata to target/classes
[INFO] 
[INFO] --- compiler:3.15.0:compile (default-compile) @ data-security-core ---
[INFO] Recompiling the module because of changed dependency.
[INFO] Compiling 24 source files with javac [debug release 21] to target/classes
[INFO] 
[INFO] --- resources:3.3.1:testResources (default-testResources) @ data-security-core ---
[INFO] Copying 2 resources from src/test/resources to target/test-classes
[INFO] 
[INFO] --- compiler:3.15.0:testCompile (default-testCompile) @ data-security-core ---
[INFO] Recompiling the module because of changed dependency.
[INFO] Compiling 11 source files with javac [debug release 21] to target/test-classes
[INFO] 
[INFO] --- jacoco:0.8.15:prepare-agent (prepare-agent) @ data-security-core ---
[INFO] argLine set to -javaagent:/Users/paulgallagher/.m2/repository/org/jacoco/org.jacoco.agent/0.8.15/org.jacoco.agent-0.8.15-runtime.jar=destfile=/Users/paulgallagher/Code/smart-caches-core/data-security-parent/data-security-core/target/jacoco.exec,append=true
[INFO] 
[INFO] --- surefire:3.5.6:test (default-test) @ data-security-core ---
[INFO] Using auto detected provider org.apache.maven.surefire.testng.TestNGProvider
[INFO] 
[INFO] -------------------------------------------------------
[INFO]  T E S T S
[INFO] -------------------------------------------------------
[INFO] Running TestSuite
[INFO] Tests run: 73, Failures: 0, Errors: 0, Skipped: 0, Time elapsed: 1.809 s -- in TestSuite
[INFO] 
[INFO] Results:
[INFO] 
[INFO] Tests run: 73, Failures: 0, Errors: 0, Skipped: 0
[INFO] 
[INFO] 
[INFO] --- jar:3.5.1:jar (default-jar) @ data-security-core ---
[INFO] Building jar: /Users/paulgallagher/Code/smart-caches-core/data-security-parent/data-security-core/target/data-security-core-1.2.2-SNAPSHOT.jar
[INFO] 
[INFO] --- jar:3.5.1:test-jar (create-test-jar) @ data-security-core ---
[INFO] Skipping packaging of the test-jar
[INFO] 
[INFO] --- jar:3.5.1:test-jar (default) @ data-security-core ---
[INFO] Building jar: /Users/paulgallagher/Code/smart-caches-core/data-security-parent/data-security-core/target/data-security-core-1.2.2-SNAPSHOT-tests.jar
[INFO] 
[INFO] >>> source:3.4.0:jar (attach-sources) > generate-sources @ data-security-core >>>
[INFO] 
[INFO] --- enforcer:3.6.3:enforce (enforce-versions) @ data-security-core ---
[INFO] 
[INFO] --- license:5.1.1:check (check-licenses) @ data-security-core ---
[INFO] Checking licenses...
[INFO] License check: 37 file(s) checked (OK: 37, Missing: 0, Unknown: 0)
[INFO] 
[INFO] --- dependency:3.11.0:properties (properties) @ data-security-core ---
[INFO] 
[INFO] --- lombok:1.18.20.0:delombok (default) @ data-security-core ---
[INFO] Delombok complete.
[INFO] 
[INFO] <<< source:3.4.0:jar (attach-sources) < generate-sources @ data-security-core <<<
[INFO] 
[INFO] 
[INFO] --- source:3.4.0:jar (attach-sources) @ data-security-core ---
[INFO] Building jar: /Users/paulgallagher/Code/smart-caches-core/data-security-parent/data-security-core/target/data-security-core-1.2.2-SNAPSHOT-sources.jar
[INFO] 
[INFO] >>> source:3.4.0:test-jar (attach-test-sources) > generate-sources @ data-security-core >>>
[INFO] 
[INFO] --- enforcer:3.6.3:enforce (enforce-versions) @ data-security-core ---
[INFO] 
[INFO] --- license:5.1.1:check (check-licenses) @ data-security-core ---
[INFO] Checking licenses...
[INFO] License check: 37 file(s) checked (OK: 37, Missing: 0, Unknown: 0)
[INFO] 
[INFO] --- dependency:3.11.0:properties (properties) @ data-security-core ---
[INFO] 
[INFO] --- lombok:1.18.20.0:delombok (default) @ data-security-core ---
[INFO] Delombok complete.
[INFO] 
[INFO] <<< source:3.4.0:test-jar (attach-test-sources) < generate-sources @ data-security-core <<<
[INFO] 
[INFO] 
[INFO] --- source:3.4.0:test-jar (attach-test-sources) @ data-security-core ---
[INFO] Skipping source per configuration.
[INFO] 
[INFO] --- javadoc:3.12.0:jar (default) @ data-security-core ---
[INFO] Building jar: /Users/paulgallagher/Code/smart-caches-core/data-security-parent/data-security-core/target/data-security-core-1.2.2-SNAPSHOT-javadoc.jar
[INFO] 
[INFO] --- cyclonedx:2.9.3:makeAggregateBom (build-sbom-cyclonedx) @ data-security-core ---
[INFO] CycloneDX: Resolving Dependencies
[INFO] CycloneDX: Creating BOM version 1.6 with 107 component(s)
[INFO] CycloneDX: Writing and validating BOM (JSON): /Users/paulgallagher/Code/smart-caches-core/data-security-parent/data-security-core/target/data-security-core-1.2.2-SNAPSHOT-bom.json
[INFO]            attaching as data-security-core-1.2.2-SNAPSHOT-cyclonedx.json
[INFO] 
[INFO] --- jacoco:0.8.15:report (report) @ data-security-core ---
[INFO] Loading execution data file /Users/paulgallagher/Code/smart-caches-core/data-security-parent/data-security-core/target/jacoco.exec
[INFO] Analyzed bundle 'Telicent Smart Caches - Data Security Plugins - Plugin API' with 15 classes
[INFO] 
[INFO] --- jacoco:0.8.15:check (require-test-coverage) @ data-security-core ---
[INFO] Loading execution data file /Users/paulgallagher/Code/smart-caches-core/data-security-parent/data-security-core/target/jacoco.exec
[INFO] Analyzed bundle 'data-security-core' with 15 classes
[WARNING] Rule violated for bundle data-security-core: instructions covered ratio is 0.91, but expected minimum is 0.95
[WARNING] Rule violated for bundle data-security-core: methods covered ratio is 0.94, but expected minimum is 0.95
[WARNING] Rule violated for bundle data-security-core: branches covered ratio is 0.86, but expected minimum is 0.95
[WARNING] Rule violated for bundle data-security-core: lines covered ratio is 0.92, but expected minimum is 0.95
[WARNING] Rule violated for bundle data-security-core: complexity covered ratio is 0.92, but expected minimum is 0.95
[INFO] ------------------------------------------------------------------------
[INFO] Reactor Summary for Telicent Smart Caches - Parent 1.2.2-SNAPSHOT:
[INFO] 
[INFO] Telicent Smart Caches - Parent ..................... SUCCESS [  8.509 s]
[INFO] Telicent Smart Caches - Configuration API .......... SUCCESS [  5.034 s]
[INFO] Telicent Smart Caches - Observability Core API ..... SUCCESS [  7.826 s]
[INFO] Telicent Smart Caches - Projectors - Core API ...... SUCCESS [ 31.988 s]
[INFO] Telicent Smart Caches - Event Sources .............. SUCCESS [  0.708 s]
[INFO] Telicent Smart Caches - Event Sources - Core API ... SUCCESS [ 10.140 s]
[INFO] Telicent Smart Caches - Projectors - Driver ........ SUCCESS [ 25.317 s]
[INFO] Telicent Smart Caches - Event Sources - Kafka ...... SUCCESS [05:04 min]
[INFO] Telicent Smart Caches - Event Sources - File ....... SUCCESS [ 22.845 s]
[INFO] Telicent Smart Caches - JWT Authentication ......... SUCCESS [  7.628 s]
[INFO] Telicent Smart Caches - Distribution Lifecycle ..... SUCCESS [02:04 min]
[INFO] Telicent Smart Caches - Data Security Plugins - Parent SUCCESS [  0.584 s]
[INFO] Telicent Smart Caches - Data Security Plugins - Plugin API FAILURE [  7.144 s]
[INFO] Telicent Smart Caches - JAX-RS Base Server ......... SKIPPED
[INFO] Telicent Smart Caches - CLI ........................ SKIPPED
[INFO] Telicent Smart Caches - CLI - Health Probe Server .. SKIPPED
[INFO] Telicent Smart Caches - Action Tracker ............. SKIPPED
[INFO] Telicent Smart Caches - CLI - Core API ............. SKIPPED
[INFO] Telicent Smart Caches - CLI - Debug Tools .......... SKIPPED
[INFO] Telicent Smart Caches - Data Security Plugins - RDF ABAC Implementation SKIPPED
[INFO] Telicent Smart Caches - Data Security Plugins - RDF ABAC Registration SKIPPED
[INFO] Telicent Smart Caches - Core Benchmarks ............ SKIPPED
[INFO] ------------------------------------------------------------------------
[INFO] BUILD FAILURE
[INFO] ------------------------------------------------------------------------
[INFO] Total time:  09:17 min
[INFO] Finished at: 2026-08-19T15:20:36+01:00
[INFO] ------------------------------------------------------------------------
[ERROR] Failed to execute goal org.jacoco:jacoco-maven-plugin:0.8.15:check (require-test-coverage) on project data-security-core: Coverage checks have not been met. See log for details. -> [Help 1]
[ERROR] 
[ERROR] To see the full stack trace of the errors, re-run Maven with the -e switch.
[ERROR] Re-run Maven using the -X switch to enable full debug logging.
[ERROR] 
[ERROR] For more information about the errors and possible solutions, please read the following articles:
[ERROR] [Help 1] http://cwiki.apache.org/confluence/display/MAVEN/MojoExecutionException
[ERROR] 
[ERROR] After correcting the problems, you can resume the build with the command
[ERROR]   mvn <args> -rf :data-security-core
