[INFO] Scanning for projects...
[INFO] Inspecting build with total of 22 modules
[INFO] Installing Central Publishing features
[INFO] ------------------------------------------------------------------------
[INFO] Reactor Build Order:
[INFO] 
[INFO] Telicent Smart Caches - Parent                                     [pom]
[INFO] Telicent Smart Caches - Configuration API                          [jar]
[INFO] Telicent Smart Caches - Observability Core API                     [jar]
[INFO] Telicent Smart Caches - Projectors - Core API                      [jar]
[INFO] Telicent Smart Caches - Event Sources                              [pom]
[INFO] Telicent Smart Caches - Event Sources - Core API                   [jar]
[INFO] Telicent Smart Caches - Projectors - Driver                        [jar]
[INFO] Telicent Smart Caches - Event Sources - Kafka                      [jar]
[INFO] Telicent Smart Caches - Event Sources - File                       [jar]
[INFO] Telicent Smart Caches - JWT Authentication                         [jar]
[INFO] Telicent Smart Caches - Distribution Lifecycle                     [jar]
[INFO] Telicent Smart Caches - Data Security Plugins - Parent             [pom]
[INFO] Telicent Smart Caches - Data Security Plugins - Plugin API         [jar]
[INFO] Telicent Smart Caches - JAX-RS Base Server                         [jar]
[INFO] Telicent Smart Caches - CLI                                        [pom]
[INFO] Telicent Smart Caches - CLI - Health Probe Server                  [jar]
[INFO] Telicent Smart Caches - Action Tracker                             [jar]
[INFO] Telicent Smart Caches - CLI - Core API                             [jar]
[INFO] Telicent Smart Caches - CLI - Debug Tools                          [jar]
[INFO] Telicent Smart Caches - Data Security Plugins - RDF ABAC Implementation [jar]
[INFO] Telicent Smart Caches - Data Security Plugins - RDF ABAC Registration [jar]
[INFO] Telicent Smart Caches - Core Benchmarks                            [jar]
[INFO] 
[INFO] ------------------< io.telicent.smart-caches:parent >-------------------
[INFO] Building Telicent Smart Caches - Parent 1.3.1-SNAPSHOT            [1/22]
[INFO]   from pom.xml
[INFO] --------------------------------[ pom ]---------------------------------
[INFO] 
[INFO] --- clean:3.2.0:clean (default-clean) @ parent ---
[INFO] Deleting /Users/paulgallagher/Code/smart-caches-core/target
[INFO] 
[INFO] --- enforcer:3.6.3:enforce (enforce-versions) @ parent ---
[INFO] Rule 0: org.apache.maven.enforcer.rules.version.RequireMavenVersion passed
[INFO] Rule 1: org.apache.maven.enforcer.rules.version.RequireJavaVersion passed
[INFO] 
[INFO] --- license:5.1.2:check (check-licenses) @ parent ---
[INFO] Checking licenses...
[WARNING] Unknown file extension: /Users/paulgallagher/Code/smart-caches-core/_to_delete/done-ProjectorDriver.java.check
[WARNING] Unknown file extension: /Users/paulgallagher/Code/smart-caches-core/docs/data-security/label-ingest-flow.mmd
[WARNING] Unknown file extension: /Users/paulgallagher/Code/smart-caches-core/docs/data-security/label-data-access-flow.mmd
[WARNING] Unknown file extension: /Users/paulgallagher/Code/smart-caches-core/lombok.config
[WARNING] Unknown file extension: /Users/paulgallagher/Code/smart-caches-core/.active-profiles-codex
[WARNING] Unknown file extension: /Users/paulgallagher/Code/smart-caches-core/.canunlink.tDNx
[INFO] License check: 14 file(s) checked (OK: 8, Missing: 0, Unknown: 6)
[WARNING] Unable to find a comment style definition for some files. You may want to add a custom mapping for the relevant file extensions.
[INFO] 
[INFO] --- lombok:1.18.20.0:delombok (default) @ parent ---
[WARNING] Skipping Delombok; no source to process.
[INFO] 
[INFO] --- buildnumber:3.3.0:create-metadata (default) @ parent ---
[INFO] 
[INFO] --- jar:3.5.1:test-jar (create-test-jar) @ parent ---
[INFO] Skipping packaging of the test-jar
[INFO] 
[INFO] >>> source:3.4.0:jar (attach-sources) > generate-sources @ parent >>>
[INFO] 
[INFO] --- enforcer:3.6.3:enforce (enforce-versions) @ parent ---
[INFO] 
[INFO] --- license:5.1.2:check (check-licenses) @ parent ---
[INFO] Checking licenses...
[WARNING] Unknown file extension: /Users/paulgallagher/Code/smart-caches-core/_to_delete/done-ProjectorDriver.java.check
[WARNING] Unknown file extension: /Users/paulgallagher/Code/smart-caches-core/lombok.config
[WARNING] Unknown file extension: /Users/paulgallagher/Code/smart-caches-core/docs/data-security/label-ingest-flow.mmd
[WARNING] Unknown file extension: /Users/paulgallagher/Code/smart-caches-core/docs/data-security/label-data-access-flow.mmd
[WARNING] Unknown file extension: /Users/paulgallagher/Code/smart-caches-core/.active-profiles-codex
[WARNING] Unknown file extension: /Users/paulgallagher/Code/smart-caches-core/.canunlink.tDNx
[INFO] License check: 14 file(s) checked (OK: 8, Missing: 0, Unknown: 6)
[WARNING] Unable to find a comment style definition for some files. You may want to add a custom mapping for the relevant file extensions.
[INFO] 
[INFO] --- lombok:1.18.20.0:delombok (default) @ parent ---
[WARNING] Skipping Delombok; no source to process.
[INFO] 
[INFO] <<< source:3.4.0:jar (attach-sources) < generate-sources @ parent <<<
[INFO] 
[INFO] 
[INFO] --- source:3.4.0:jar (attach-sources) @ parent ---
[INFO] 
[INFO] >>> source:3.4.0:test-jar (attach-test-sources) > generate-sources @ parent >>>
[INFO] 
[INFO] --- enforcer:3.6.3:enforce (enforce-versions) @ parent ---
[INFO] 
[INFO] --- license:5.1.2:check (check-licenses) @ parent ---
[INFO] Checking licenses...
[WARNING] Unknown file extension: /Users/paulgallagher/Code/smart-caches-core/_to_delete/done-ProjectorDriver.java.check
[WARNING] Unknown file extension: /Users/paulgallagher/Code/smart-caches-core/lombok.config
[WARNING] Unknown file extension: /Users/paulgallagher/Code/smart-caches-core/docs/data-security/label-ingest-flow.mmd
[WARNING] Unknown file extension: /Users/paulgallagher/Code/smart-caches-core/docs/data-security/label-data-access-flow.mmd
[WARNING] Unknown file extension: /Users/paulgallagher/Code/smart-caches-core/.canunlink.tDNx
[WARNING] Unknown file extension: /Users/paulgallagher/Code/smart-caches-core/.active-profiles-codex
[INFO] License check: 14 file(s) checked (OK: 8, Missing: 0, Unknown: 6)
[WARNING] Unable to find a comment style definition for some files. You may want to add a custom mapping for the relevant file extensions.
[INFO] 
[INFO] --- lombok:1.18.20.0:delombok (default) @ parent ---
[WARNING] Skipping Delombok; no source to process.
[INFO] 
[INFO] <<< source:3.4.0:test-jar (attach-test-sources) < generate-sources @ parent <<<
[INFO] 
[INFO] 
[INFO] --- source:3.4.0:test-jar (attach-test-sources) @ parent ---
[INFO] Skipping source per configuration.
[INFO] 
[INFO] --- javadoc:3.12.0:jar (default) @ parent ---
[INFO] Not executing Javadoc as the project is not a Java classpath-capable package
[INFO] 
[INFO] --- cyclonedx:2.9.3:makeAggregateBom (build-sbom-cyclonedx) @ parent ---
[INFO] CycloneDX: Resolving Aggregated Dependencies
Downloading from apache-snapshots: https://repository.apache.org/content/repositories/snapshots/io/telicent/smart-caches/configurator/1.3.1-SNAPSHOT/maven-metadata.xml
Downloading from apache-snapshots: https://repository.apache.org/content/repositories/snapshots/io/telicent/smart-caches/observability-core/1.3.1-SNAPSHOT/maven-metadata.xml
Downloading from apache-snapshots: https://repository.apache.org/content/repositories/snapshots/io/telicent/smart-caches/projectors-core/1.3.1-SNAPSHOT/maven-metadata.xml
Downloading from apache-snapshots: https://repository.apache.org/content/repositories/snapshots/io/telicent/smart-caches/event-sources-core/1.3.1-SNAPSHOT/maven-metadata.xml
Downloading from apache-snapshots: https://repository.apache.org/content/repositories/snapshots/io/telicent/smart-caches/event-source-kafka/1.3.1-SNAPSHOT/maven-metadata.xml
Downloading from apache-snapshots: https://repository.apache.org/content/repositories/snapshots/io/telicent/smart-caches/projector-driver/1.3.1-SNAPSHOT/maven-metadata.xml
Downloading from apache-snapshots: https://repository.apache.org/content/repositories/snapshots/io/telicent/smart-caches/jwt-auth-common/1.3.1-SNAPSHOT/maven-metadata.xml
Downloading from apache-snapshots: https://repository.apache.org/content/repositories/snapshots/io/telicent/smart-caches/distribution-lifecycle/1.3.1-SNAPSHOT/maven-metadata.xml
Downloading from apache-snapshots: https://repository.apache.org/content/repositories/snapshots/io/telicent/smart-caches/data-security-core/1.3.1-SNAPSHOT/maven-metadata.xml
Downloading from apache-snapshots: https://repository.apache.org/content/repositories/snapshots/io/telicent/smart-caches/jaxrs-base-server/1.3.1-SNAPSHOT/maven-metadata.xml
Downloading from apache-snapshots: https://repository.apache.org/content/repositories/snapshots/io/telicent/smart-caches/jaxrs-base-server/1.3.1-SNAPSHOT/jaxrs-base-server-1.3.1-SNAPSHOT.jar
Downloading from apache-snapshots: https://repository.apache.org/content/repositories/snapshots/io/telicent/smart-caches/jaxrs-base-server/1.3.1-SNAPSHOT/jaxrs-base-server-1.3.1-SNAPSHOT-tests.jar
Downloading from apache-snapshots: https://repository.apache.org/content/repositories/snapshots/io/telicent/smart-caches/event-source-file/1.3.1-SNAPSHOT/maven-metadata.xml
Downloading from apache-snapshots: https://repository.apache.org/content/repositories/snapshots/io/telicent/smart-caches/cli-probe-server/1.3.1-SNAPSHOT/maven-metadata.xml
Downloading from apache-snapshots: https://repository.apache.org/content/repositories/snapshots/io/telicent/smart-caches/action-tracker/1.3.1-SNAPSHOT/maven-metadata.xml
Downloading from apache-snapshots: https://repository.apache.org/content/repositories/snapshots/io/telicent/smart-caches/event-source-file/1.3.1-SNAPSHOT/event-source-file-1.3.1-SNAPSHOT.jar
Downloading from apache-snapshots: https://repository.apache.org/content/repositories/snapshots/io/telicent/smart-caches/cli-probe-server/1.3.1-SNAPSHOT/cli-probe-server-1.3.1-SNAPSHOT.jar
Downloading from apache-snapshots: https://repository.apache.org/content/repositories/snapshots/io/telicent/smart-caches/action-tracker/1.3.1-SNAPSHOT/action-tracker-1.3.1-SNAPSHOT.jar
Downloading from apache-snapshots: https://repository.apache.org/content/repositories/snapshots/io/telicent/smart-caches/cli-core/1.3.1-SNAPSHOT/maven-metadata.xml
Downloading from apache-snapshots: https://repository.apache.org/content/repositories/snapshots/io/telicent/smart-caches/cli-core/1.3.1-SNAPSHOT/cli-core-1.3.1-SNAPSHOT.jar
Downloading from apache-snapshots: https://repository.apache.org/content/repositories/snapshots/io/telicent/smart-caches/cli-core/1.3.1-SNAPSHOT/cli-core-1.3.1-SNAPSHOT-tests.jar
Downloading from apache-snapshots: https://repository.apache.org/content/repositories/snapshots/io/telicent/smart-caches/data-security-plugin-rdf-abac/1.3.1-SNAPSHOT/maven-metadata.xml
[WARNING] BOM dependency listed but is not depended upon: pkg:maven/com.google.errorprone/error_prone_annotations@2.49.0?type=jar
[WARNING] BOM dependency listed but is not depended upon: pkg:maven/io.telicent.smart-caches/projector-driver@1.2.2?type=jar
[INFO] CycloneDX: Creating BOM version 1.6 with 187 component(s)
[INFO] CycloneDX: Writing and validating BOM (JSON): /Users/paulgallagher/Code/smart-caches-core/target/parent-1.3.1-SNAPSHOT-bom.json
[WARNING] Unknown keyword meta:enum - you should define your own Meta Schema. If the keyword is irrelevant for validation, just use a NonValidationKeyword or if it should generate annotations AnnotationKeyword
[WARNING] Unknown keyword deprecated - you should define your own Meta Schema. If the keyword is irrelevant for validation, just use a NonValidationKeyword or if it should generate annotations AnnotationKeyword
[INFO]            attaching as parent-1.3.1-SNAPSHOT-cyclonedx.json
[INFO] 
[INFO] --- gpg:3.2.8:sign (default) @ parent ---
[INFO] Signer 'gpg' is signing 2 files with key default
[INFO] 
[INFO] --- install:3.1.2:install (default-install) @ parent ---
[INFO] Installing /Users/paulgallagher/Code/smart-caches-core/pom.xml to /Users/paulgallagher/.m2/repository/io/telicent/smart-caches/parent/1.3.1-SNAPSHOT/parent-1.3.1-SNAPSHOT.pom
[INFO] Installing /Users/paulgallagher/Code/smart-caches-core/target/parent-1.3.1-SNAPSHOT-bom.json to /Users/paulgallagher/.m2/repository/io/telicent/smart-caches/parent/1.3.1-SNAPSHOT/parent-1.3.1-SNAPSHOT-cyclonedx.json
[INFO] Installing /Users/paulgallagher/Code/smart-caches-core/target/parent-1.3.1-SNAPSHOT.pom.asc to /Users/paulgallagher/.m2/repository/io/telicent/smart-caches/parent/1.3.1-SNAPSHOT/parent-1.3.1-SNAPSHOT.pom.asc
[INFO] Installing /Users/paulgallagher/Code/smart-caches-core/target/parent-1.3.1-SNAPSHOT-bom.json.asc to /Users/paulgallagher/.m2/repository/io/telicent/smart-caches/parent/1.3.1-SNAPSHOT/parent-1.3.1-SNAPSHOT-cyclonedx.json.asc
[INFO] 
[INFO] ---------------< io.telicent.smart-caches:configurator >----------------
[INFO] Building Telicent Smart Caches - Configuration API 1.3.1-SNAPSHOT [2/22]
[INFO]   from configurator/pom.xml
[INFO] --------------------------------[ jar ]---------------------------------
[INFO] 
[INFO] --- clean:3.2.0:clean (default-clean) @ configurator ---
[INFO] Deleting /Users/paulgallagher/Code/smart-caches-core/configurator/target
[INFO] 
[INFO] --- enforcer:3.6.3:enforce (enforce-versions) @ configurator ---
[INFO] 
[INFO] --- license:5.1.2:check (check-licenses) @ configurator ---
[INFO] Checking licenses...
[INFO] License check: 10 file(s) checked (OK: 10, Missing: 0, Unknown: 0)
[INFO] 
[INFO] --- lombok:1.18.20.0:delombok (default) @ configurator ---
[INFO] Delombok complete.
[INFO] 
[INFO] --- buildnumber:3.3.0:create-metadata (default) @ configurator ---
[INFO] 
[INFO] --- resources:3.3.1:resources (default-resources) @ configurator ---
[INFO] skip non existing resourceDirectory /Users/paulgallagher/Code/smart-caches-core/configurator/src/main/resources
[INFO] Copying 1 resource from target/generated/build-metadata to target/classes
[INFO] 
[INFO] --- compiler:3.15.0:compile (default-compile) @ configurator ---
[INFO] Recompiling the module because of changed source code.
[INFO] Compiling 6 source files with javac [debug release 21] to target/classes
[INFO] 
[INFO] --- resources:3.3.1:testResources (default-testResources) @ configurator ---
[INFO] Copying 2 resources from src/test/resources to target/test-classes
[INFO] 
[INFO] --- compiler:3.15.0:testCompile (default-testCompile) @ configurator ---
[INFO] Recompiling the module because of changed dependency.
[INFO] Compiling 2 source files with javac [debug release 21] to target/test-classes
[INFO] 
[INFO] --- jacoco:0.8.15:prepare-agent (prepare-agent) @ configurator ---
[INFO] argLine set to -javaagent:/Users/paulgallagher/.m2/repository/org/jacoco/org.jacoco.agent/0.8.15/org.jacoco.agent-0.8.15-runtime.jar=destfile=/Users/paulgallagher/Code/smart-caches-core/configurator/target/jacoco.exec,append=true
[INFO] 
[INFO] --- surefire:3.2.5:test (default-test) @ configurator ---
[INFO] Tests are skipped.
[INFO] 
[INFO] --- jar:3.5.1:jar (default-jar) @ configurator ---
[INFO] Building jar: /Users/paulgallagher/Code/smart-caches-core/configurator/target/configurator-1.3.1-SNAPSHOT.jar
[INFO] 
[INFO] --- jar:3.5.1:test-jar (create-test-jar) @ configurator ---
[INFO] Skipping packaging of the test-jar
[INFO] 
[INFO] >>> source:3.4.0:jar (attach-sources) > generate-sources @ configurator >>>
[INFO] 
[INFO] --- enforcer:3.6.3:enforce (enforce-versions) @ configurator ---
[INFO] 
[INFO] --- license:5.1.2:check (check-licenses) @ configurator ---
[INFO] Checking licenses...
[INFO] License check: 10 file(s) checked (OK: 10, Missing: 0, Unknown: 0)
[INFO] 
[INFO] --- lombok:1.18.20.0:delombok (default) @ configurator ---
[INFO] Delombok complete.
[INFO] 
[INFO] <<< source:3.4.0:jar (attach-sources) < generate-sources @ configurator <<<
[INFO] 
[INFO] 
[INFO] --- source:3.4.0:jar (attach-sources) @ configurator ---
[INFO] Building jar: /Users/paulgallagher/Code/smart-caches-core/configurator/target/configurator-1.3.1-SNAPSHOT-sources.jar
[INFO] 
[INFO] >>> source:3.4.0:test-jar (attach-test-sources) > generate-sources @ configurator >>>
[INFO] 
[INFO] --- enforcer:3.6.3:enforce (enforce-versions) @ configurator ---
[INFO] 
[INFO] --- license:5.1.2:check (check-licenses) @ configurator ---
[INFO] Checking licenses...
[INFO] License check: 10 file(s) checked (OK: 10, Missing: 0, Unknown: 0)
[INFO] 
[INFO] --- lombok:1.18.20.0:delombok (default) @ configurator ---
[INFO] Delombok complete.
[INFO] 
[INFO] <<< source:3.4.0:test-jar (attach-test-sources) < generate-sources @ configurator <<<
[INFO] 
[INFO] 
[INFO] --- source:3.4.0:test-jar (attach-test-sources) @ configurator ---
[INFO] Skipping source per configuration.
[INFO] 
[INFO] --- javadoc:3.12.0:jar (default) @ configurator ---
[INFO] Building jar: /Users/paulgallagher/Code/smart-caches-core/configurator/target/configurator-1.3.1-SNAPSHOT-javadoc.jar
[INFO] 
[INFO] --- cyclonedx:2.9.3:makeAggregateBom (build-sbom-cyclonedx) @ configurator ---
[INFO] CycloneDX: Resolving Dependencies
[INFO] CycloneDX: Creating BOM version 1.6 with 1 component(s)
[INFO] CycloneDX: Writing and validating BOM (JSON): /Users/paulgallagher/Code/smart-caches-core/configurator/target/configurator-1.3.1-SNAPSHOT-bom.json
[INFO]            attaching as configurator-1.3.1-SNAPSHOT-cyclonedx.json
[INFO] 
[INFO] --- gpg:3.2.8:sign (default) @ configurator ---
[INFO] Signer 'gpg' is signing 5 files with key default
[INFO] 
[INFO] --- jacoco:0.8.15:report (report) @ configurator ---
[INFO] Skipping JaCoCo execution due to missing execution data file.
[INFO] 
[INFO] --- jacoco:0.8.15:check (require-test-coverage) @ configurator ---
[INFO] Skipping JaCoCo execution because property jacoco.skip is set.
[INFO] 
[INFO] --- install:3.1.2:install (default-install) @ configurator ---
[INFO] Installing /Users/paulgallagher/Code/smart-caches-core/configurator/pom.xml to /Users/paulgallagher/.m2/repository/io/telicent/smart-caches/configurator/1.3.1-SNAPSHOT/configurator-1.3.1-SNAPSHOT.pom
[INFO] Installing /Users/paulgallagher/Code/smart-caches-core/configurator/target/configurator-1.3.1-SNAPSHOT.jar to /Users/paulgallagher/.m2/repository/io/telicent/smart-caches/configurator/1.3.1-SNAPSHOT/configurator-1.3.1-SNAPSHOT.jar
[INFO] Installing /Users/paulgallagher/Code/smart-caches-core/configurator/target/configurator-1.3.1-SNAPSHOT-sources.jar to /Users/paulgallagher/.m2/repository/io/telicent/smart-caches/configurator/1.3.1-SNAPSHOT/configurator-1.3.1-SNAPSHOT-sources.jar
[INFO] Installing /Users/paulgallagher/Code/smart-caches-core/configurator/target/configurator-1.3.1-SNAPSHOT-javadoc.jar to /Users/paulgallagher/.m2/repository/io/telicent/smart-caches/configurator/1.3.1-SNAPSHOT/configurator-1.3.1-SNAPSHOT-javadoc.jar
[INFO] Installing /Users/paulgallagher/Code/smart-caches-core/configurator/target/configurator-1.3.1-SNAPSHOT-bom.json to /Users/paulgallagher/.m2/repository/io/telicent/smart-caches/configurator/1.3.1-SNAPSHOT/configurator-1.3.1-SNAPSHOT-cyclonedx.json
[INFO] Installing /Users/paulgallagher/Code/smart-caches-core/configurator/target/configurator-1.3.1-SNAPSHOT.jar.asc to /Users/paulgallagher/.m2/repository/io/telicent/smart-caches/configurator/1.3.1-SNAPSHOT/configurator-1.3.1-SNAPSHOT.jar.asc
[INFO] Installing /Users/paulgallagher/Code/smart-caches-core/configurator/target/configurator-1.3.1-SNAPSHOT.pom.asc to /Users/paulgallagher/.m2/repository/io/telicent/smart-caches/configurator/1.3.1-SNAPSHOT/configurator-1.3.1-SNAPSHOT.pom.asc
[INFO] Installing /Users/paulgallagher/Code/smart-caches-core/configurator/target/configurator-1.3.1-SNAPSHOT-sources.jar.asc to /Users/paulgallagher/.m2/repository/io/telicent/smart-caches/configurator/1.3.1-SNAPSHOT/configurator-1.3.1-SNAPSHOT-sources.jar.asc
[INFO] Installing /Users/paulgallagher/Code/smart-caches-core/configurator/target/configurator-1.3.1-SNAPSHOT-javadoc.jar.asc to /Users/paulgallagher/.m2/repository/io/telicent/smart-caches/configurator/1.3.1-SNAPSHOT/configurator-1.3.1-SNAPSHOT-javadoc.jar.asc
[INFO] Installing /Users/paulgallagher/Code/smart-caches-core/configurator/target/configurator-1.3.1-SNAPSHOT-bom.json.asc to /Users/paulgallagher/.m2/repository/io/telicent/smart-caches/configurator/1.3.1-SNAPSHOT/configurator-1.3.1-SNAPSHOT-cyclonedx.json.asc
[INFO] 
[INFO] ------------< io.telicent.smart-caches:observability-core >-------------
[INFO] Building Telicent Smart Caches - Observability Core API 1.3.1-SNAPSHOT [3/22]
[INFO]   from observability-core/pom.xml
[INFO] --------------------------------[ jar ]---------------------------------
[INFO] 
[INFO] --- clean:3.2.0:clean (default-clean) @ observability-core ---
[INFO] Deleting /Users/paulgallagher/Code/smart-caches-core/observability-core/target
[INFO] 
[INFO] --- enforcer:3.6.3:enforce (enforce-versions) @ observability-core ---
[INFO] 
[INFO] --- license:5.1.2:check (check-licenses) @ observability-core ---
[INFO] Checking licenses...
[INFO] License check: 41 file(s) checked (OK: 41, Missing: 0, Unknown: 0)
[INFO] 
[INFO] --- dependency:3.11.0:properties (properties) @ observability-core ---
[INFO] 
[INFO] --- lombok:1.18.20.0:delombok (default) @ observability-core ---
[INFO] Delombok complete.
[INFO] 
[INFO] --- buildnumber:3.3.0:create-metadata (default) @ observability-core ---
[INFO] 
[INFO] --- resources:3.3.1:resources (default-resources) @ observability-core ---
[INFO] skip non existing resourceDirectory /Users/paulgallagher/Code/smart-caches-core/observability-core/src/main/resources
[INFO] Copying 1 resource from target/generated/build-metadata to target/classes
[INFO] 
[INFO] --- compiler:3.15.0:compile (default-compile) @ observability-core ---
[INFO] Recompiling the module because of changed dependency.
[INFO] Compiling 26 source files with javac [debug release 21] to target/classes
[INFO] 
[INFO] --- resources:3.3.1:testResources (default-testResources) @ observability-core ---
[INFO] Copying 5 resources from src/test/resources to target/test-classes
[INFO] 
[INFO] --- compiler:3.15.0:testCompile (default-testCompile) @ observability-core ---
[INFO] Recompiling the module because of changed dependency.
[INFO] Compiling 13 source files with javac [debug release 21] to target/test-classes
[INFO] 
[INFO] --- jacoco:0.8.15:prepare-agent (prepare-agent) @ observability-core ---
[INFO] argLine set to -javaagent:/Users/paulgallagher/.m2/repository/org/jacoco/org.jacoco.agent/0.8.15/org.jacoco.agent-0.8.15-runtime.jar=destfile=/Users/paulgallagher/Code/smart-caches-core/observability-core/target/jacoco.exec,append=true
[INFO] 
[INFO] --- surefire:3.5.6:test (default-test) @ observability-core ---
[INFO] Tests are skipped.
[INFO] 
[INFO] --- jar:3.5.1:jar (default-jar) @ observability-core ---
[INFO] Building jar: /Users/paulgallagher/Code/smart-caches-core/observability-core/target/observability-core-1.3.1-SNAPSHOT.jar
[INFO] 
[INFO] --- jar:3.5.1:test-jar (create-test-jar) @ observability-core ---
[INFO] Building jar: /Users/paulgallagher/Code/smart-caches-core/observability-core/target/observability-core-1.3.1-SNAPSHOT-tests.jar
[INFO] 
[INFO] >>> source:3.4.0:jar (attach-sources) > generate-sources @ observability-core >>>
[INFO] 
[INFO] --- enforcer:3.6.3:enforce (enforce-versions) @ observability-core ---
[INFO] 
[INFO] --- license:5.1.2:check (check-licenses) @ observability-core ---
[INFO] Checking licenses...
[INFO] License check: 41 file(s) checked (OK: 41, Missing: 0, Unknown: 0)
[INFO] 
[INFO] --- dependency:3.11.0:properties (properties) @ observability-core ---
[INFO] 
[INFO] --- lombok:1.18.20.0:delombok (default) @ observability-core ---
[INFO] Delombok complete.
[INFO] 
[INFO] <<< source:3.4.0:jar (attach-sources) < generate-sources @ observability-core <<<
[INFO] 
[INFO] 
[INFO] --- source:3.4.0:jar (attach-sources) @ observability-core ---
[INFO] Building jar: /Users/paulgallagher/Code/smart-caches-core/observability-core/target/observability-core-1.3.1-SNAPSHOT-sources.jar
[INFO] 
[INFO] >>> source:3.4.0:test-jar (attach-test-sources) > generate-sources @ observability-core >>>
[INFO] 
[INFO] --- enforcer:3.6.3:enforce (enforce-versions) @ observability-core ---
[INFO] 
[INFO] --- license:5.1.2:check (check-licenses) @ observability-core ---
[INFO] Checking licenses...
[INFO] License check: 41 file(s) checked (OK: 41, Missing: 0, Unknown: 0)
[INFO] 
[INFO] --- dependency:3.11.0:properties (properties) @ observability-core ---
[INFO] 
[INFO] --- lombok:1.18.20.0:delombok (default) @ observability-core ---
[INFO] Delombok complete.
[INFO] 
[INFO] <<< source:3.4.0:test-jar (attach-test-sources) < generate-sources @ observability-core <<<
[INFO] 
[INFO] 
[INFO] --- source:3.4.0:test-jar (attach-test-sources) @ observability-core ---
[INFO] Building jar: /Users/paulgallagher/Code/smart-caches-core/observability-core/target/observability-core-1.3.1-SNAPSHOT-test-sources.jar
[INFO] 
[INFO] --- javadoc:3.12.0:jar (default) @ observability-core ---
[INFO] Building jar: /Users/paulgallagher/Code/smart-caches-core/observability-core/target/observability-core-1.3.1-SNAPSHOT-javadoc.jar
[INFO] 
[INFO] --- cyclonedx:2.9.3:makeAggregateBom (build-sbom-cyclonedx) @ observability-core ---
[INFO] CycloneDX: Resolving Dependencies
[INFO] CycloneDX: Creating BOM version 1.6 with 7 component(s)
[INFO] CycloneDX: Writing and validating BOM (JSON): /Users/paulgallagher/Code/smart-caches-core/observability-core/target/observability-core-1.3.1-SNAPSHOT-bom.json
[INFO]            attaching as observability-core-1.3.1-SNAPSHOT-cyclonedx.json
[INFO] 
[INFO] --- gpg:3.2.8:sign (default) @ observability-core ---
[INFO] Signer 'gpg' is signing 7 files with key default
[INFO] 
[INFO] --- jacoco:0.8.15:report (report) @ observability-core ---
[INFO] Skipping JaCoCo execution due to missing execution data file.
[INFO] 
[INFO] --- jacoco:0.8.15:check (require-test-coverage) @ observability-core ---
[INFO] Skipping JaCoCo execution because property jacoco.skip is set.
[INFO] 
[INFO] --- dependency:3.11.0:analyze-only (analyze) @ observability-core ---
[INFO] No dependency problems found
[INFO] 
[INFO] --- install:3.1.2:install (default-install) @ observability-core ---
[INFO] Installing /Users/paulgallagher/Code/smart-caches-core/observability-core/pom.xml to /Users/paulgallagher/.m2/repository/io/telicent/smart-caches/observability-core/1.3.1-SNAPSHOT/observability-core-1.3.1-SNAPSHOT.pom
[INFO] Installing /Users/paulgallagher/Code/smart-caches-core/observability-core/target/observability-core-1.3.1-SNAPSHOT.jar to /Users/paulgallagher/.m2/repository/io/telicent/smart-caches/observability-core/1.3.1-SNAPSHOT/observability-core-1.3.1-SNAPSHOT.jar
[INFO] Installing /Users/paulgallagher/Code/smart-caches-core/observability-core/target/observability-core-1.3.1-SNAPSHOT-tests.jar to /Users/paulgallagher/.m2/repository/io/telicent/smart-caches/observability-core/1.3.1-SNAPSHOT/observability-core-1.3.1-SNAPSHOT-tests.jar
[INFO] Installing /Users/paulgallagher/Code/smart-caches-core/observability-core/target/observability-core-1.3.1-SNAPSHOT-sources.jar to /Users/paulgallagher/.m2/repository/io/telicent/smart-caches/observability-core/1.3.1-SNAPSHOT/observability-core-1.3.1-SNAPSHOT-sources.jar
[INFO] Installing /Users/paulgallagher/Code/smart-caches-core/observability-core/target/observability-core-1.3.1-SNAPSHOT-test-sources.jar to /Users/paulgallagher/.m2/repository/io/telicent/smart-caches/observability-core/1.3.1-SNAPSHOT/observability-core-1.3.1-SNAPSHOT-test-sources.jar
[INFO] Installing /Users/paulgallagher/Code/smart-caches-core/observability-core/target/observability-core-1.3.1-SNAPSHOT-javadoc.jar to /Users/paulgallagher/.m2/repository/io/telicent/smart-caches/observability-core/1.3.1-SNAPSHOT/observability-core-1.3.1-SNAPSHOT-javadoc.jar
[INFO] Installing /Users/paulgallagher/Code/smart-caches-core/observability-core/target/observability-core-1.3.1-SNAPSHOT-bom.json to /Users/paulgallagher/.m2/repository/io/telicent/smart-caches/observability-core/1.3.1-SNAPSHOT/observability-core-1.3.1-SNAPSHOT-cyclonedx.json
[INFO] Installing /Users/paulgallagher/Code/smart-caches-core/observability-core/target/observability-core-1.3.1-SNAPSHOT.jar.asc to /Users/paulgallagher/.m2/repository/io/telicent/smart-caches/observability-core/1.3.1-SNAPSHOT/observability-core-1.3.1-SNAPSHOT.jar.asc
[INFO] Installing /Users/paulgallagher/Code/smart-caches-core/observability-core/target/observability-core-1.3.1-SNAPSHOT.pom.asc to /Users/paulgallagher/.m2/repository/io/telicent/smart-caches/observability-core/1.3.1-SNAPSHOT/observability-core-1.3.1-SNAPSHOT.pom.asc
[INFO] Installing /Users/paulgallagher/Code/smart-caches-core/observability-core/target/observability-core-1.3.1-SNAPSHOT-tests.jar.asc to /Users/paulgallagher/.m2/repository/io/telicent/smart-caches/observability-core/1.3.1-SNAPSHOT/observability-core-1.3.1-SNAPSHOT-tests.jar.asc
[INFO] Installing /Users/paulgallagher/Code/smart-caches-core/observability-core/target/observability-core-1.3.1-SNAPSHOT-sources.jar.asc to /Users/paulgallagher/.m2/repository/io/telicent/smart-caches/observability-core/1.3.1-SNAPSHOT/observability-core-1.3.1-SNAPSHOT-sources.jar.asc
[INFO] Installing /Users/paulgallagher/Code/smart-caches-core/observability-core/target/observability-core-1.3.1-SNAPSHOT-test-sources.jar.asc to /Users/paulgallagher/.m2/repository/io/telicent/smart-caches/observability-core/1.3.1-SNAPSHOT/observability-core-1.3.1-SNAPSHOT-test-sources.jar.asc
[INFO] Installing /Users/paulgallagher/Code/smart-caches-core/observability-core/target/observability-core-1.3.1-SNAPSHOT-javadoc.jar.asc to /Users/paulgallagher/.m2/repository/io/telicent/smart-caches/observability-core/1.3.1-SNAPSHOT/observability-core-1.3.1-SNAPSHOT-javadoc.jar.asc
[INFO] Installing /Users/paulgallagher/Code/smart-caches-core/observability-core/target/observability-core-1.3.1-SNAPSHOT-bom.json.asc to /Users/paulgallagher/.m2/repository/io/telicent/smart-caches/observability-core/1.3.1-SNAPSHOT/observability-core-1.3.1-SNAPSHOT-cyclonedx.json.asc
[INFO] 
[INFO] --------------< io.telicent.smart-caches:projectors-core >--------------
[INFO] Building Telicent Smart Caches - Projectors - Core API 1.3.1-SNAPSHOT [4/22]
[INFO]   from projectors-core/pom.xml
[INFO] --------------------------------[ jar ]---------------------------------
[INFO] 
[INFO] --- clean:3.2.0:clean (default-clean) @ projectors-core ---
[INFO] Deleting /Users/paulgallagher/Code/smart-caches-core/projectors-core/target
[INFO] 
[INFO] --- enforcer:3.6.3:enforce (enforce-versions) @ projectors-core ---
[INFO] 
[INFO] --- license:5.1.2:check (check-licenses) @ projectors-core ---
[INFO] Checking licenses...
[INFO] License check: 49 file(s) checked (OK: 49, Missing: 0, Unknown: 0)
[INFO] 
[INFO] --- lombok:1.18.20.0:delombok (default) @ projectors-core ---
[INFO] Delombok complete.
[INFO] 
[INFO] --- buildnumber:3.3.0:create-metadata (default) @ projectors-core ---
[INFO] 
[INFO] --- resources:3.3.1:resources (default-resources) @ projectors-core ---
[INFO] Copying 1 resource from src/main/resources to target/classes
[INFO] Copying 1 resource from target/generated/build-metadata to target/classes
[INFO] 
[INFO] --- compiler:3.15.0:compile (default-compile) @ projectors-core ---
[INFO] Recompiling the module because of changed dependency.
[INFO] Compiling 24 source files with javac [debug release 21] to target/classes
[INFO] 
[INFO] --- resources:3.3.1:testResources (default-testResources) @ projectors-core ---
[INFO] Copying 2 resources from src/test/resources to target/test-classes
[INFO] 
[INFO] --- compiler:3.15.0:testCompile (default-testCompile) @ projectors-core ---
[INFO] Recompiling the module because of changed dependency.
[INFO] Compiling 22 source files with javac [debug release 21] to target/test-classes
[INFO] 
[INFO] --- jacoco:0.8.15:prepare-agent (prepare-agent) @ projectors-core ---
[INFO] argLine set to -javaagent:/Users/paulgallagher/.m2/repository/org/jacoco/org.jacoco.agent/0.8.15/org.jacoco.agent-0.8.15-runtime.jar=destfile=/Users/paulgallagher/Code/smart-caches-core/projectors-core/target/jacoco.exec,append=true
[INFO] 
[INFO] --- surefire:3.2.5:test (default-test) @ projectors-core ---
[INFO] Tests are skipped.
[INFO] 
[INFO] --- jar:3.5.1:jar (default-jar) @ projectors-core ---
[INFO] Building jar: /Users/paulgallagher/Code/smart-caches-core/projectors-core/target/projectors-core-1.3.1-SNAPSHOT.jar
[INFO] 
[INFO] --- jar:3.5.1:test-jar (create-test-jar) @ projectors-core ---
[INFO] Building jar: /Users/paulgallagher/Code/smart-caches-core/projectors-core/target/projectors-core-1.3.1-SNAPSHOT-tests.jar
[INFO] 
[INFO] >>> source:3.4.0:jar (attach-sources) > generate-sources @ projectors-core >>>
[INFO] 
[INFO] --- enforcer:3.6.3:enforce (enforce-versions) @ projectors-core ---
[INFO] 
[INFO] --- license:5.1.2:check (check-licenses) @ projectors-core ---
[INFO] Checking licenses...
[INFO] License check: 49 file(s) checked (OK: 49, Missing: 0, Unknown: 0)
[INFO] 
[INFO] --- lombok:1.18.20.0:delombok (default) @ projectors-core ---
[INFO] Delombok complete.
[INFO] 
[INFO] <<< source:3.4.0:jar (attach-sources) < generate-sources @ projectors-core <<<
[INFO] 
[INFO] 
[INFO] --- source:3.4.0:jar (attach-sources) @ projectors-core ---
[INFO] Building jar: /Users/paulgallagher/Code/smart-caches-core/projectors-core/target/projectors-core-1.3.1-SNAPSHOT-sources.jar
[INFO] 
[INFO] >>> source:3.4.0:test-jar (attach-test-sources) > generate-sources @ projectors-core >>>
[INFO] 
[INFO] --- enforcer:3.6.3:enforce (enforce-versions) @ projectors-core ---
[INFO] 
[INFO] --- license:5.1.2:check (check-licenses) @ projectors-core ---
[INFO] Checking licenses...
[INFO] License check: 49 file(s) checked (OK: 49, Missing: 0, Unknown: 0)
[INFO] 
[INFO] --- lombok:1.18.20.0:delombok (default) @ projectors-core ---
[INFO] Delombok complete.
[INFO] 
[INFO] <<< source:3.4.0:test-jar (attach-test-sources) < generate-sources @ projectors-core <<<
[INFO] 
[INFO] 
[INFO] --- source:3.4.0:test-jar (attach-test-sources) @ projectors-core ---
[INFO] Building jar: /Users/paulgallagher/Code/smart-caches-core/projectors-core/target/projectors-core-1.3.1-SNAPSHOT-test-sources.jar
[INFO] 
[INFO] --- javadoc:3.12.0:jar (default) @ projectors-core ---
[INFO] Building jar: /Users/paulgallagher/Code/smart-caches-core/projectors-core/target/projectors-core-1.3.1-SNAPSHOT-javadoc.jar
[INFO] 
[INFO] --- cyclonedx:2.9.3:makeAggregateBom (build-sbom-cyclonedx) @ projectors-core ---
[INFO] CycloneDX: Resolving Dependencies
[INFO] CycloneDX: Creating BOM version 1.6 with 20 component(s)
[INFO] CycloneDX: Writing and validating BOM (JSON): /Users/paulgallagher/Code/smart-caches-core/projectors-core/target/projectors-core-1.3.1-SNAPSHOT-bom.json
[INFO]            attaching as projectors-core-1.3.1-SNAPSHOT-cyclonedx.json
[INFO] 
[INFO] --- gpg:3.2.8:sign (default) @ projectors-core ---
[INFO] Signer 'gpg' is signing 7 files with key default
[INFO] 
[INFO] --- jacoco:0.8.15:report (report) @ projectors-core ---
[INFO] Skipping JaCoCo execution due to missing execution data file.
[INFO] 
[INFO] --- jacoco:0.8.15:check (require-test-coverage) @ projectors-core ---
[INFO] Skipping JaCoCo execution because property jacoco.skip is set.
[INFO] 
[INFO] --- install:3.1.2:install (default-install) @ projectors-core ---
[INFO] Installing /Users/paulgallagher/Code/smart-caches-core/projectors-core/pom.xml to /Users/paulgallagher/.m2/repository/io/telicent/smart-caches/projectors-core/1.3.1-SNAPSHOT/projectors-core-1.3.1-SNAPSHOT.pom
[INFO] Installing /Users/paulgallagher/Code/smart-caches-core/projectors-core/target/projectors-core-1.3.1-SNAPSHOT.jar to /Users/paulgallagher/.m2/repository/io/telicent/smart-caches/projectors-core/1.3.1-SNAPSHOT/projectors-core-1.3.1-SNAPSHOT.jar
[INFO] Installing /Users/paulgallagher/Code/smart-caches-core/projectors-core/target/projectors-core-1.3.1-SNAPSHOT-tests.jar to /Users/paulgallagher/.m2/repository/io/telicent/smart-caches/projectors-core/1.3.1-SNAPSHOT/projectors-core-1.3.1-SNAPSHOT-tests.jar
[INFO] Installing /Users/paulgallagher/Code/smart-caches-core/projectors-core/target/projectors-core-1.3.1-SNAPSHOT-sources.jar to /Users/paulgallagher/.m2/repository/io/telicent/smart-caches/projectors-core/1.3.1-SNAPSHOT/projectors-core-1.3.1-SNAPSHOT-sources.jar
[INFO] Installing /Users/paulgallagher/Code/smart-caches-core/projectors-core/target/projectors-core-1.3.1-SNAPSHOT-test-sources.jar to /Users/paulgallagher/.m2/repository/io/telicent/smart-caches/projectors-core/1.3.1-SNAPSHOT/projectors-core-1.3.1-SNAPSHOT-test-sources.jar
[INFO] Installing /Users/paulgallagher/Code/smart-caches-core/projectors-core/target/projectors-core-1.3.1-SNAPSHOT-javadoc.jar to /Users/paulgallagher/.m2/repository/io/telicent/smart-caches/projectors-core/1.3.1-SNAPSHOT/projectors-core-1.3.1-SNAPSHOT-javadoc.jar
[INFO] Installing /Users/paulgallagher/Code/smart-caches-core/projectors-core/target/projectors-core-1.3.1-SNAPSHOT-bom.json to /Users/paulgallagher/.m2/repository/io/telicent/smart-caches/projectors-core/1.3.1-SNAPSHOT/projectors-core-1.3.1-SNAPSHOT-cyclonedx.json
[INFO] Installing /Users/paulgallagher/Code/smart-caches-core/projectors-core/target/projectors-core-1.3.1-SNAPSHOT.jar.asc to /Users/paulgallagher/.m2/repository/io/telicent/smart-caches/projectors-core/1.3.1-SNAPSHOT/projectors-core-1.3.1-SNAPSHOT.jar.asc
[INFO] Installing /Users/paulgallagher/Code/smart-caches-core/projectors-core/target/projectors-core-1.3.1-SNAPSHOT.pom.asc to /Users/paulgallagher/.m2/repository/io/telicent/smart-caches/projectors-core/1.3.1-SNAPSHOT/projectors-core-1.3.1-SNAPSHOT.pom.asc
[INFO] Installing /Users/paulgallagher/Code/smart-caches-core/projectors-core/target/projectors-core-1.3.1-SNAPSHOT-tests.jar.asc to /Users/paulgallagher/.m2/repository/io/telicent/smart-caches/projectors-core/1.3.1-SNAPSHOT/projectors-core-1.3.1-SNAPSHOT-tests.jar.asc
[INFO] Installing /Users/paulgallagher/Code/smart-caches-core/projectors-core/target/projectors-core-1.3.1-SNAPSHOT-sources.jar.asc to /Users/paulgallagher/.m2/repository/io/telicent/smart-caches/projectors-core/1.3.1-SNAPSHOT/projectors-core-1.3.1-SNAPSHOT-sources.jar.asc
[INFO] Installing /Users/paulgallagher/Code/smart-caches-core/projectors-core/target/projectors-core-1.3.1-SNAPSHOT-test-sources.jar.asc to /Users/paulgallagher/.m2/repository/io/telicent/smart-caches/projectors-core/1.3.1-SNAPSHOT/projectors-core-1.3.1-SNAPSHOT-test-sources.jar.asc
[INFO] Installing /Users/paulgallagher/Code/smart-caches-core/projectors-core/target/projectors-core-1.3.1-SNAPSHOT-javadoc.jar.asc to /Users/paulgallagher/.m2/repository/io/telicent/smart-caches/projectors-core/1.3.1-SNAPSHOT/projectors-core-1.3.1-SNAPSHOT-javadoc.jar.asc
[INFO] Installing /Users/paulgallagher/Code/smart-caches-core/projectors-core/target/projectors-core-1.3.1-SNAPSHOT-bom.json.asc to /Users/paulgallagher/.m2/repository/io/telicent/smart-caches/projectors-core/1.3.1-SNAPSHOT/projectors-core-1.3.1-SNAPSHOT-cyclonedx.json.asc
[INFO] 
[INFO] ---------------< io.telicent.smart-caches:event-sources >---------------
[INFO] Building Telicent Smart Caches - Event Sources 1.3.1-SNAPSHOT     [5/22]
[INFO]   from event-sources/pom.xml
[INFO] --------------------------------[ pom ]---------------------------------
[INFO] 
[INFO] --- clean:3.2.0:clean (default-clean) @ event-sources ---
[INFO] Deleting /Users/paulgallagher/Code/smart-caches-core/event-sources/target
[INFO] 
[INFO] --- enforcer:3.6.3:enforce (enforce-versions) @ event-sources ---
[INFO] 
[INFO] --- license:5.1.2:check (check-licenses) @ event-sources ---
[INFO] Checking licenses...
[INFO] License check: 0 file(s) checked (OK: 0, Missing: 0, Unknown: 0)
[INFO] 
[INFO] --- lombok:1.18.20.0:delombok (default) @ event-sources ---
[WARNING] Skipping Delombok; no source to process.
[INFO] 
[INFO] --- buildnumber:3.3.0:create-metadata (default) @ event-sources ---
[INFO] 
[INFO] --- jacoco:0.8.15:prepare-agent (prepare-agent) @ event-sources ---
[INFO] argLine set to -javaagent:/Users/paulgallagher/.m2/repository/org/jacoco/org.jacoco.agent/0.8.15/org.jacoco.agent-0.8.15-runtime.jar=destfile=/Users/paulgallagher/Code/smart-caches-core/event-sources/target/jacoco.exec,append=true
[INFO] 
[INFO] --- jar:3.5.1:test-jar (create-test-jar) @ event-sources ---
[INFO] Skipping packaging of the test-jar
[INFO] 
[INFO] >>> source:3.4.0:jar (attach-sources) > generate-sources @ event-sources >>>
[INFO] 
[INFO] --- enforcer:3.6.3:enforce (enforce-versions) @ event-sources ---
[INFO] 
[INFO] --- license:5.1.2:check (check-licenses) @ event-sources ---
[INFO] Checking licenses...
[INFO] License check: 0 file(s) checked (OK: 0, Missing: 0, Unknown: 0)
[INFO] 
[INFO] --- lombok:1.18.20.0:delombok (default) @ event-sources ---
[WARNING] Skipping Delombok; no source to process.
[INFO] 
[INFO] <<< source:3.4.0:jar (attach-sources) < generate-sources @ event-sources <<<
[INFO] 
[INFO] 
[INFO] --- source:3.4.0:jar (attach-sources) @ event-sources ---
[INFO] 
[INFO] >>> source:3.4.0:test-jar (attach-test-sources) > generate-sources @ event-sources >>>
[INFO] 
[INFO] --- enforcer:3.6.3:enforce (enforce-versions) @ event-sources ---
[INFO] 
[INFO] --- license:5.1.2:check (check-licenses) @ event-sources ---
[INFO] Checking licenses...
[INFO] License check: 0 file(s) checked (OK: 0, Missing: 0, Unknown: 0)
[INFO] 
[INFO] --- lombok:1.18.20.0:delombok (default) @ event-sources ---
[WARNING] Skipping Delombok; no source to process.
[INFO] 
[INFO] <<< source:3.4.0:test-jar (attach-test-sources) < generate-sources @ event-sources <<<
[INFO] 
[INFO] 
[INFO] --- source:3.4.0:test-jar (attach-test-sources) @ event-sources ---
[INFO] Skipping source per configuration.
[INFO] 
[INFO] --- javadoc:3.12.0:jar (default) @ event-sources ---
[INFO] Not executing Javadoc as the project is not a Java classpath-capable package
[INFO] 
[INFO] --- cyclonedx:2.9.3:makeAggregateBom (build-sbom-cyclonedx) @ event-sources ---
[INFO] CycloneDX: Resolving Dependencies
[INFO] CycloneDX: Creating BOM version 1.6 with 0 component(s)
[INFO] CycloneDX: Writing and validating BOM (JSON): /Users/paulgallagher/Code/smart-caches-core/event-sources/target/event-sources-1.3.1-SNAPSHOT-bom.json
[INFO]            attaching as event-sources-1.3.1-SNAPSHOT-cyclonedx.json
[INFO] 
[INFO] --- gpg:3.2.8:sign (default) @ event-sources ---
[INFO] Signer 'gpg' is signing 2 files with key default
[INFO] 
[INFO] --- jacoco:0.8.15:report (report) @ event-sources ---
[INFO] Skipping JaCoCo execution due to missing execution data file.
[INFO] 
[INFO] --- jacoco:0.8.15:check (require-test-coverage) @ event-sources ---
[INFO] Skipping JaCoCo execution because property jacoco.skip is set.
[INFO] 
[INFO] --- install:3.1.2:install (default-install) @ event-sources ---
[INFO] Installing /Users/paulgallagher/Code/smart-caches-core/event-sources/pom.xml to /Users/paulgallagher/.m2/repository/io/telicent/smart-caches/event-sources/1.3.1-SNAPSHOT/event-sources-1.3.1-SNAPSHOT.pom
[INFO] Installing /Users/paulgallagher/Code/smart-caches-core/event-sources/target/event-sources-1.3.1-SNAPSHOT-bom.json to /Users/paulgallagher/.m2/repository/io/telicent/smart-caches/event-sources/1.3.1-SNAPSHOT/event-sources-1.3.1-SNAPSHOT-cyclonedx.json
[INFO] Installing /Users/paulgallagher/Code/smart-caches-core/event-sources/target/event-sources-1.3.1-SNAPSHOT.pom.asc to /Users/paulgallagher/.m2/repository/io/telicent/smart-caches/event-sources/1.3.1-SNAPSHOT/event-sources-1.3.1-SNAPSHOT.pom.asc
[INFO] Installing /Users/paulgallagher/Code/smart-caches-core/event-sources/target/event-sources-1.3.1-SNAPSHOT-bom.json.asc to /Users/paulgallagher/.m2/repository/io/telicent/smart-caches/event-sources/1.3.1-SNAPSHOT/event-sources-1.3.1-SNAPSHOT-cyclonedx.json.asc
[INFO] 
[INFO] ------------< io.telicent.smart-caches:event-sources-core >-------------
[INFO] Building Telicent Smart Caches - Event Sources - Core API 1.3.1-SNAPSHOT [6/22]
[INFO]   from event-sources/event-sources-core/pom.xml
[INFO] --------------------------------[ jar ]---------------------------------
[INFO] 
[INFO] --- clean:3.2.0:clean (default-clean) @ event-sources-core ---
[INFO] Deleting /Users/paulgallagher/Code/smart-caches-core/event-sources/event-sources-core/target
[INFO] 
[INFO] --- enforcer:3.6.3:enforce (enforce-versions) @ event-sources-core ---
[INFO] 
[INFO] --- license:5.1.2:check (check-licenses) @ event-sources-core ---
[INFO] Checking licenses...
[INFO] License check: 56 file(s) checked (OK: 56, Missing: 0, Unknown: 0)
[INFO] 
[INFO] --- lombok:1.18.20.0:delombok (default) @ event-sources-core ---
[INFO] Delombok complete.
[INFO] 
[INFO] --- buildnumber:3.3.0:create-metadata (default) @ event-sources-core ---
[INFO] 
[INFO] --- resources:3.3.1:resources (default-resources) @ event-sources-core ---
[INFO] Copying 1 resource from src/main/resources to target/classes
[INFO] Copying 1 resource from target/generated/build-metadata to target/classes
[INFO] 
[INFO] --- compiler:3.15.0:compile (default-compile) @ event-sources-core ---
[INFO] Recompiling the module because of changed dependency.
[INFO] Compiling 27 source files with javac [debug release 21] to target/classes
[INFO] 
[INFO] --- resources:3.3.1:testResources (default-testResources) @ event-sources-core ---
[INFO] Copying 2 resources from src/test/resources to target/test-classes
[INFO] 
[INFO] --- compiler:3.15.0:testCompile (default-testCompile) @ event-sources-core ---
[INFO] Recompiling the module because of changed dependency.
[INFO] Compiling 26 source files with javac [debug release 21] to target/test-classes
[INFO] 
[INFO] --- jacoco:0.8.15:prepare-agent (prepare-agent) @ event-sources-core ---
[INFO] argLine set to -javaagent:/Users/paulgallagher/.m2/repository/org/jacoco/org.jacoco.agent/0.8.15/org.jacoco.agent-0.8.15-runtime.jar=destfile=/Users/paulgallagher/Code/smart-caches-core/event-sources/event-sources-core/target/jacoco.exec,append=true
[INFO] 
[INFO] --- surefire:3.2.5:test (default-test) @ event-sources-core ---
[INFO] Tests are skipped.
[INFO] 
[INFO] --- jar:3.5.1:jar (default-jar) @ event-sources-core ---
[INFO] Building jar: /Users/paulgallagher/Code/smart-caches-core/event-sources/event-sources-core/target/event-sources-core-1.3.1-SNAPSHOT.jar
[INFO] 
[INFO] --- jar:3.5.1:test-jar (create-test-jar) @ event-sources-core ---
[INFO] Building jar: /Users/paulgallagher/Code/smart-caches-core/event-sources/event-sources-core/target/event-sources-core-1.3.1-SNAPSHOT-tests.jar
[INFO] 
[INFO] >>> source:3.4.0:jar (attach-sources) > generate-sources @ event-sources-core >>>
[INFO] 
[INFO] --- enforcer:3.6.3:enforce (enforce-versions) @ event-sources-core ---
[INFO] 
[INFO] --- license:5.1.2:check (check-licenses) @ event-sources-core ---
[INFO] Checking licenses...
[INFO] License check: 56 file(s) checked (OK: 56, Missing: 0, Unknown: 0)
[INFO] 
[INFO] --- lombok:1.18.20.0:delombok (default) @ event-sources-core ---
[INFO] Delombok complete.
[INFO] 
[INFO] <<< source:3.4.0:jar (attach-sources) < generate-sources @ event-sources-core <<<
[INFO] 
[INFO] 
[INFO] --- source:3.4.0:jar (attach-sources) @ event-sources-core ---
[INFO] Building jar: /Users/paulgallagher/Code/smart-caches-core/event-sources/event-sources-core/target/event-sources-core-1.3.1-SNAPSHOT-sources.jar
[INFO] 
[INFO] >>> source:3.4.0:test-jar (attach-test-sources) > generate-sources @ event-sources-core >>>
[INFO] 
[INFO] --- enforcer:3.6.3:enforce (enforce-versions) @ event-sources-core ---
[INFO] 
[INFO] --- license:5.1.2:check (check-licenses) @ event-sources-core ---
[INFO] Checking licenses...
[INFO] License check: 56 file(s) checked (OK: 56, Missing: 0, Unknown: 0)
[INFO] 
[INFO] --- lombok:1.18.20.0:delombok (default) @ event-sources-core ---
[INFO] Delombok complete.
[INFO] 
[INFO] <<< source:3.4.0:test-jar (attach-test-sources) < generate-sources @ event-sources-core <<<
[INFO] 
[INFO] 
[INFO] --- source:3.4.0:test-jar (attach-test-sources) @ event-sources-core ---
[INFO] Building jar: /Users/paulgallagher/Code/smart-caches-core/event-sources/event-sources-core/target/event-sources-core-1.3.1-SNAPSHOT-test-sources.jar
[INFO] 
[INFO] --- javadoc:3.12.0:jar (default) @ event-sources-core ---
[INFO] Building jar: /Users/paulgallagher/Code/smart-caches-core/event-sources/event-sources-core/target/event-sources-core-1.3.1-SNAPSHOT-javadoc.jar
[INFO] 
[INFO] --- cyclonedx:2.9.3:makeAggregateBom (build-sbom-cyclonedx) @ event-sources-core ---
[INFO] CycloneDX: Resolving Dependencies
[INFO] CycloneDX: Creating BOM version 1.6 with 40 component(s)
[INFO] CycloneDX: Writing and validating BOM (JSON): /Users/paulgallagher/Code/smart-caches-core/event-sources/event-sources-core/target/event-sources-core-1.3.1-SNAPSHOT-bom.json
[INFO]            attaching as event-sources-core-1.3.1-SNAPSHOT-cyclonedx.json
[INFO] 
[INFO] --- gpg:3.2.8:sign (default) @ event-sources-core ---
[INFO] Signer 'gpg' is signing 7 files with key default
[INFO] 
[INFO] --- jacoco:0.8.15:report (report) @ event-sources-core ---
[INFO] Skipping JaCoCo execution due to missing execution data file.
[INFO] 
[INFO] --- jacoco:0.8.15:check (require-test-coverage) @ event-sources-core ---
[INFO] Skipping JaCoCo execution because property jacoco.skip is set.
[INFO] 
[INFO] --- install:3.1.2:install (default-install) @ event-sources-core ---
[INFO] Installing /Users/paulgallagher/Code/smart-caches-core/event-sources/event-sources-core/pom.xml to /Users/paulgallagher/.m2/repository/io/telicent/smart-caches/event-sources-core/1.3.1-SNAPSHOT/event-sources-core-1.3.1-SNAPSHOT.pom
[INFO] Installing /Users/paulgallagher/Code/smart-caches-core/event-sources/event-sources-core/target/event-sources-core-1.3.1-SNAPSHOT.jar to /Users/paulgallagher/.m2/repository/io/telicent/smart-caches/event-sources-core/1.3.1-SNAPSHOT/event-sources-core-1.3.1-SNAPSHOT.jar
[INFO] Installing /Users/paulgallagher/Code/smart-caches-core/event-sources/event-sources-core/target/event-sources-core-1.3.1-SNAPSHOT-tests.jar to /Users/paulgallagher/.m2/repository/io/telicent/smart-caches/event-sources-core/1.3.1-SNAPSHOT/event-sources-core-1.3.1-SNAPSHOT-tests.jar
[INFO] Installing /Users/paulgallagher/Code/smart-caches-core/event-sources/event-sources-core/target/event-sources-core-1.3.1-SNAPSHOT-sources.jar to /Users/paulgallagher/.m2/repository/io/telicent/smart-caches/event-sources-core/1.3.1-SNAPSHOT/event-sources-core-1.3.1-SNAPSHOT-sources.jar
[INFO] Installing /Users/paulgallagher/Code/smart-caches-core/event-sources/event-sources-core/target/event-sources-core-1.3.1-SNAPSHOT-test-sources.jar to /Users/paulgallagher/.m2/repository/io/telicent/smart-caches/event-sources-core/1.3.1-SNAPSHOT/event-sources-core-1.3.1-SNAPSHOT-test-sources.jar
[INFO] Installing /Users/paulgallagher/Code/smart-caches-core/event-sources/event-sources-core/target/event-sources-core-1.3.1-SNAPSHOT-javadoc.jar to /Users/paulgallagher/.m2/repository/io/telicent/smart-caches/event-sources-core/1.3.1-SNAPSHOT/event-sources-core-1.3.1-SNAPSHOT-javadoc.jar
[INFO] Installing /Users/paulgallagher/Code/smart-caches-core/event-sources/event-sources-core/target/event-sources-core-1.3.1-SNAPSHOT-bom.json to /Users/paulgallagher/.m2/repository/io/telicent/smart-caches/event-sources-core/1.3.1-SNAPSHOT/event-sources-core-1.3.1-SNAPSHOT-cyclonedx.json
[INFO] Installing /Users/paulgallagher/Code/smart-caches-core/event-sources/event-sources-core/target/event-sources-core-1.3.1-SNAPSHOT.jar.asc to /Users/paulgallagher/.m2/repository/io/telicent/smart-caches/event-sources-core/1.3.1-SNAPSHOT/event-sources-core-1.3.1-SNAPSHOT.jar.asc
[INFO] Installing /Users/paulgallagher/Code/smart-caches-core/event-sources/event-sources-core/target/event-sources-core-1.3.1-SNAPSHOT.pom.asc to /Users/paulgallagher/.m2/repository/io/telicent/smart-caches/event-sources-core/1.3.1-SNAPSHOT/event-sources-core-1.3.1-SNAPSHOT.pom.asc
[INFO] Installing /Users/paulgallagher/Code/smart-caches-core/event-sources/event-sources-core/target/event-sources-core-1.3.1-SNAPSHOT-tests.jar.asc to /Users/paulgallagher/.m2/repository/io/telicent/smart-caches/event-sources-core/1.3.1-SNAPSHOT/event-sources-core-1.3.1-SNAPSHOT-tests.jar.asc
[INFO] Installing /Users/paulgallagher/Code/smart-caches-core/event-sources/event-sources-core/target/event-sources-core-1.3.1-SNAPSHOT-sources.jar.asc to /Users/paulgallagher/.m2/repository/io/telicent/smart-caches/event-sources-core/1.3.1-SNAPSHOT/event-sources-core-1.3.1-SNAPSHOT-sources.jar.asc
[INFO] Installing /Users/paulgallagher/Code/smart-caches-core/event-sources/event-sources-core/target/event-sources-core-1.3.1-SNAPSHOT-test-sources.jar.asc to /Users/paulgallagher/.m2/repository/io/telicent/smart-caches/event-sources-core/1.3.1-SNAPSHOT/event-sources-core-1.3.1-SNAPSHOT-test-sources.jar.asc
[INFO] Installing /Users/paulgallagher/Code/smart-caches-core/event-sources/event-sources-core/target/event-sources-core-1.3.1-SNAPSHOT-javadoc.jar.asc to /Users/paulgallagher/.m2/repository/io/telicent/smart-caches/event-sources-core/1.3.1-SNAPSHOT/event-sources-core-1.3.1-SNAPSHOT-javadoc.jar.asc
[INFO] Installing /Users/paulgallagher/Code/smart-caches-core/event-sources/event-sources-core/target/event-sources-core-1.3.1-SNAPSHOT-bom.json.asc to /Users/paulgallagher/.m2/repository/io/telicent/smart-caches/event-sources-core/1.3.1-SNAPSHOT/event-sources-core-1.3.1-SNAPSHOT-cyclonedx.json.asc
[INFO] 
[INFO] -------------< io.telicent.smart-caches:projector-driver >--------------
[INFO] Building Telicent Smart Caches - Projectors - Driver 1.3.1-SNAPSHOT [7/22]
[INFO]   from projector-driver/pom.xml
[INFO] --------------------------------[ jar ]---------------------------------
[INFO] 
[INFO] --- clean:3.2.0:clean (default-clean) @ projector-driver ---
[INFO] Deleting /Users/paulgallagher/Code/smart-caches-core/projector-driver/target
[INFO] 
[INFO] --- enforcer:3.6.3:enforce (enforce-versions) @ projector-driver ---
[INFO] 
[INFO] --- license:5.1.2:check (check-licenses) @ projector-driver ---
[INFO] Checking licenses...
[INFO] License check: 20 file(s) checked (OK: 20, Missing: 0, Unknown: 0)
[INFO] 
[INFO] --- lombok:1.18.20.0:delombok (default) @ projector-driver ---
[INFO] Delombok complete.
[INFO] 
[INFO] --- buildnumber:3.3.0:create-metadata (default) @ projector-driver ---
[INFO] 
[INFO] --- resources:3.3.1:resources (default-resources) @ projector-driver ---
[INFO] Copying 1 resource from src/main/resources to target/classes
[INFO] Copying 1 resource from target/generated/build-metadata to target/classes
[INFO] 
[INFO] --- compiler:3.15.0:compile (default-compile) @ projector-driver ---
[INFO] Recompiling the module because of changed dependency.
[INFO] Compiling 5 source files with javac [debug release 21] to target/classes
[INFO] 
[INFO] --- resources:3.3.1:testResources (default-testResources) @ projector-driver ---
[INFO] Copying 2 resources from src/test/resources to target/test-classes
[INFO] 
[INFO] --- compiler:3.15.0:testCompile (default-testCompile) @ projector-driver ---
[INFO] Recompiling the module because of changed dependency.
[INFO] Compiling 12 source files with javac [debug release 21] to target/test-classes
[INFO] 
[INFO] --- jacoco:0.8.15:prepare-agent (prepare-agent) @ projector-driver ---
[INFO] argLine set to -javaagent:/Users/paulgallagher/.m2/repository/org/jacoco/org.jacoco.agent/0.8.15/org.jacoco.agent-0.8.15-runtime.jar=destfile=/Users/paulgallagher/Code/smart-caches-core/projector-driver/target/jacoco.exec,append=true
[INFO] 
[INFO] --- surefire:3.2.5:test (default-test) @ projector-driver ---
[INFO] Tests are skipped.
[INFO] 
[INFO] --- jar:3.5.1:jar (default-jar) @ projector-driver ---
[INFO] Building jar: /Users/paulgallagher/Code/smart-caches-core/projector-driver/target/projector-driver-1.3.1-SNAPSHOT.jar
[INFO] 
[INFO] --- jar:3.5.1:test-jar (create-test-jar) @ projector-driver ---
[INFO] Skipping packaging of the test-jar
[INFO] 
[INFO] >>> source:3.4.0:jar (attach-sources) > generate-sources @ projector-driver >>>
[INFO] 
[INFO] --- enforcer:3.6.3:enforce (enforce-versions) @ projector-driver ---
[INFO] 
[INFO] --- license:5.1.2:check (check-licenses) @ projector-driver ---
[INFO] Checking licenses...
[INFO] License check: 20 file(s) checked (OK: 20, Missing: 0, Unknown: 0)
[INFO] 
[INFO] --- lombok:1.18.20.0:delombok (default) @ projector-driver ---
[INFO] Delombok complete.
[INFO] 
[INFO] <<< source:3.4.0:jar (attach-sources) < generate-sources @ projector-driver <<<
[INFO] 
[INFO] 
[INFO] --- source:3.4.0:jar (attach-sources) @ projector-driver ---
[INFO] Building jar: /Users/paulgallagher/Code/smart-caches-core/projector-driver/target/projector-driver-1.3.1-SNAPSHOT-sources.jar
[INFO] 
[INFO] >>> source:3.4.0:test-jar (attach-test-sources) > generate-sources @ projector-driver >>>
[INFO] 
[INFO] --- enforcer:3.6.3:enforce (enforce-versions) @ projector-driver ---
[INFO] 
[INFO] --- license:5.1.2:check (check-licenses) @ projector-driver ---
[INFO] Checking licenses...
[INFO] License check: 20 file(s) checked (OK: 20, Missing: 0, Unknown: 0)
[INFO] 
[INFO] --- lombok:1.18.20.0:delombok (default) @ projector-driver ---
[INFO] Delombok complete.
[INFO] 
[INFO] <<< source:3.4.0:test-jar (attach-test-sources) < generate-sources @ projector-driver <<<
[INFO] 
[INFO] 
[INFO] --- source:3.4.0:test-jar (attach-test-sources) @ projector-driver ---
[INFO] Skipping source per configuration.
[INFO] 
[INFO] --- javadoc:3.12.0:jar (default) @ projector-driver ---
[INFO] Building jar: /Users/paulgallagher/Code/smart-caches-core/projector-driver/target/projector-driver-1.3.1-SNAPSHOT-javadoc.jar
[INFO] 
[INFO] --- cyclonedx:2.9.3:makeAggregateBom (build-sbom-cyclonedx) @ projector-driver ---
[INFO] CycloneDX: Resolving Dependencies
[INFO] CycloneDX: Creating BOM version 1.6 with 41 component(s)
[INFO] CycloneDX: Writing and validating BOM (JSON): /Users/paulgallagher/Code/smart-caches-core/projector-driver/target/projector-driver-1.3.1-SNAPSHOT-bom.json
[INFO]            attaching as projector-driver-1.3.1-SNAPSHOT-cyclonedx.json
[INFO] 
[INFO] --- gpg:3.2.8:sign (default) @ projector-driver ---
[INFO] Signer 'gpg' is signing 5 files with key default
[INFO] 
[INFO] --- jacoco:0.8.15:report (report) @ projector-driver ---
[INFO] Skipping JaCoCo execution due to missing execution data file.
[INFO] 
[INFO] --- jacoco:0.8.15:check (require-test-coverage) @ projector-driver ---
[INFO] Skipping JaCoCo execution because property jacoco.skip is set.
[INFO] 
[INFO] --- install:3.1.2:install (default-install) @ projector-driver ---
[INFO] Installing /Users/paulgallagher/Code/smart-caches-core/projector-driver/pom.xml to /Users/paulgallagher/.m2/repository/io/telicent/smart-caches/projector-driver/1.3.1-SNAPSHOT/projector-driver-1.3.1-SNAPSHOT.pom
[INFO] Installing /Users/paulgallagher/Code/smart-caches-core/projector-driver/target/projector-driver-1.3.1-SNAPSHOT.jar to /Users/paulgallagher/.m2/repository/io/telicent/smart-caches/projector-driver/1.3.1-SNAPSHOT/projector-driver-1.3.1-SNAPSHOT.jar
[INFO] Installing /Users/paulgallagher/Code/smart-caches-core/projector-driver/target/projector-driver-1.3.1-SNAPSHOT-sources.jar to /Users/paulgallagher/.m2/repository/io/telicent/smart-caches/projector-driver/1.3.1-SNAPSHOT/projector-driver-1.3.1-SNAPSHOT-sources.jar
[INFO] Installing /Users/paulgallagher/Code/smart-caches-core/projector-driver/target/projector-driver-1.3.1-SNAPSHOT-javadoc.jar to /Users/paulgallagher/.m2/repository/io/telicent/smart-caches/projector-driver/1.3.1-SNAPSHOT/projector-driver-1.3.1-SNAPSHOT-javadoc.jar
[INFO] Installing /Users/paulgallagher/Code/smart-caches-core/projector-driver/target/projector-driver-1.3.1-SNAPSHOT-bom.json to /Users/paulgallagher/.m2/repository/io/telicent/smart-caches/projector-driver/1.3.1-SNAPSHOT/projector-driver-1.3.1-SNAPSHOT-cyclonedx.json
[INFO] Installing /Users/paulgallagher/Code/smart-caches-core/projector-driver/target/projector-driver-1.3.1-SNAPSHOT.jar.asc to /Users/paulgallagher/.m2/repository/io/telicent/smart-caches/projector-driver/1.3.1-SNAPSHOT/projector-driver-1.3.1-SNAPSHOT.jar.asc
[INFO] Installing /Users/paulgallagher/Code/smart-caches-core/projector-driver/target/projector-driver-1.3.1-SNAPSHOT.pom.asc to /Users/paulgallagher/.m2/repository/io/telicent/smart-caches/projector-driver/1.3.1-SNAPSHOT/projector-driver-1.3.1-SNAPSHOT.pom.asc
[INFO] Installing /Users/paulgallagher/Code/smart-caches-core/projector-driver/target/projector-driver-1.3.1-SNAPSHOT-sources.jar.asc to /Users/paulgallagher/.m2/repository/io/telicent/smart-caches/projector-driver/1.3.1-SNAPSHOT/projector-driver-1.3.1-SNAPSHOT-sources.jar.asc
[INFO] Installing /Users/paulgallagher/Code/smart-caches-core/projector-driver/target/projector-driver-1.3.1-SNAPSHOT-javadoc.jar.asc to /Users/paulgallagher/.m2/repository/io/telicent/smart-caches/projector-driver/1.3.1-SNAPSHOT/projector-driver-1.3.1-SNAPSHOT-javadoc.jar.asc
[INFO] Installing /Users/paulgallagher/Code/smart-caches-core/projector-driver/target/projector-driver-1.3.1-SNAPSHOT-bom.json.asc to /Users/paulgallagher/.m2/repository/io/telicent/smart-caches/projector-driver/1.3.1-SNAPSHOT/projector-driver-1.3.1-SNAPSHOT-cyclonedx.json.asc
[INFO] 
[INFO] ------------< io.telicent.smart-caches:event-source-kafka >-------------
[INFO] Building Telicent Smart Caches - Event Sources - Kafka 1.3.1-SNAPSHOT [8/22]
[INFO]   from event-sources/event-source-kafka/pom.xml
[INFO] --------------------------------[ jar ]---------------------------------
[INFO] 
[INFO] --- clean:3.2.0:clean (default-clean) @ event-source-kafka ---
[INFO] Deleting /Users/paulgallagher/Code/smart-caches-core/event-sources/event-source-kafka/target
[INFO] 
[INFO] --- enforcer:3.6.3:enforce (enforce-versions) @ event-source-kafka ---
[INFO] 
[INFO] --- license:5.1.2:check (check-licenses) @ event-source-kafka ---
[INFO] Checking licenses...
[INFO] License check: 112 file(s) checked (OK: 112, Missing: 0, Unknown: 0)
[INFO] 
[INFO] --- dependency:3.11.0:properties (properties) @ event-source-kafka ---
[INFO] 
[INFO] --- lombok:1.18.20.0:delombok (default) @ event-source-kafka ---
[INFO] Delombok complete.
[INFO] 
[INFO] --- buildnumber:3.3.0:create-metadata (default) @ event-source-kafka ---
[INFO] 
[INFO] --- resources:3.3.1:resources (default-resources) @ event-source-kafka ---
[INFO] Copying 1 resource from src/main/resources to target/classes
[INFO] Copying 1 resource from target/generated/build-metadata to target/classes
[INFO] 
[INFO] --- compiler:3.15.0:compile (default-compile) @ event-source-kafka ---
[INFO] Recompiling the module because of changed dependency.
[INFO] Compiling 40 source files with javac [debug release 21] to target/classes
[INFO] 
[INFO] --- resources:3.3.1:testResources (default-testResources) @ event-source-kafka ---
[INFO] Copying 2 resources from src/test/resources to target/test-classes
[INFO] 
[INFO] --- exec:3.6.3:exec (generate-test-ssl-certs) @ event-source-kafka ---
[INFO] skipping execute as per configuration
[INFO] 
[INFO] --- compiler:3.15.0:testCompile (default-testCompile) @ event-source-kafka ---
[INFO] Recompiling the module because of changed dependency.
[INFO] Compiling 68 source files with javac [debug release 21] to target/test-classes
[INFO] 
[INFO] --- jacoco:0.8.15:prepare-agent (prepare-agent) @ event-source-kafka ---
[INFO] argLine set to -javaagent:/Users/paulgallagher/.m2/repository/org/jacoco/org.jacoco.agent/0.8.15/org.jacoco.agent-0.8.15-runtime.jar=destfile=/Users/paulgallagher/Code/smart-caches-core/event-sources/event-source-kafka/target/jacoco.exec,append=true
[INFO] 
[INFO] --- surefire:3.5.6:test (default-test) @ event-source-kafka ---
[INFO] Tests are skipped.
[INFO] 
[INFO] --- jar:3.5.1:jar (default-jar) @ event-source-kafka ---
[INFO] Building jar: /Users/paulgallagher/Code/smart-caches-core/event-sources/event-source-kafka/target/event-source-kafka-1.3.1-SNAPSHOT.jar
[INFO] 
[INFO] --- jar:3.5.1:test-jar (create-test-jar) @ event-source-kafka ---
[INFO] Building jar: /Users/paulgallagher/Code/smart-caches-core/event-sources/event-source-kafka/target/event-source-kafka-1.3.1-SNAPSHOT-tests.jar
[INFO] 
[INFO] >>> source:3.4.0:jar (attach-sources) > generate-sources @ event-source-kafka >>>
[INFO] 
[INFO] --- enforcer:3.6.3:enforce (enforce-versions) @ event-source-kafka ---
[INFO] 
[INFO] --- license:5.1.2:check (check-licenses) @ event-source-kafka ---
[INFO] Checking licenses...
[INFO] License check: 112 file(s) checked (OK: 112, Missing: 0, Unknown: 0)
[INFO] 
[INFO] --- dependency:3.11.0:properties (properties) @ event-source-kafka ---
[INFO] 
[INFO] --- lombok:1.18.20.0:delombok (default) @ event-source-kafka ---
[INFO] Delombok complete.
[INFO] 
[INFO] <<< source:3.4.0:jar (attach-sources) < generate-sources @ event-source-kafka <<<
[INFO] 
[INFO] 
[INFO] --- source:3.4.0:jar (attach-sources) @ event-source-kafka ---
[INFO] Building jar: /Users/paulgallagher/Code/smart-caches-core/event-sources/event-source-kafka/target/event-source-kafka-1.3.1-SNAPSHOT-sources.jar
[INFO] 
[INFO] >>> source:3.4.0:test-jar (attach-test-sources) > generate-sources @ event-source-kafka >>>
[INFO] 
[INFO] --- enforcer:3.6.3:enforce (enforce-versions) @ event-source-kafka ---
[INFO] 
[INFO] --- license:5.1.2:check (check-licenses) @ event-source-kafka ---
[INFO] Checking licenses...
[INFO] License check: 112 file(s) checked (OK: 112, Missing: 0, Unknown: 0)
[INFO] 
[INFO] --- dependency:3.11.0:properties (properties) @ event-source-kafka ---
[INFO] 
[INFO] --- lombok:1.18.20.0:delombok (default) @ event-source-kafka ---
[INFO] Delombok complete.
[INFO] 
[INFO] <<< source:3.4.0:test-jar (attach-test-sources) < generate-sources @ event-source-kafka <<<
[INFO] 
[INFO] 
[INFO] --- source:3.4.0:test-jar (attach-test-sources) @ event-source-kafka ---
[INFO] Building jar: /Users/paulgallagher/Code/smart-caches-core/event-sources/event-source-kafka/target/event-source-kafka-1.3.1-SNAPSHOT-test-sources.jar
[INFO] 
[INFO] --- javadoc:3.12.0:jar (default) @ event-source-kafka ---
[INFO] Building jar: /Users/paulgallagher/Code/smart-caches-core/event-sources/event-source-kafka/target/event-source-kafka-1.3.1-SNAPSHOT-javadoc.jar
[INFO] 
[INFO] --- cyclonedx:2.9.3:makeAggregateBom (build-sbom-cyclonedx) @ event-source-kafka ---
[INFO] CycloneDX: Resolving Dependencies
[INFO] CycloneDX: Creating BOM version 1.6 with 45 component(s)
[INFO] CycloneDX: Writing and validating BOM (JSON): /Users/paulgallagher/Code/smart-caches-core/event-sources/event-source-kafka/target/event-source-kafka-1.3.1-SNAPSHOT-bom.json
[INFO]            attaching as event-source-kafka-1.3.1-SNAPSHOT-cyclonedx.json
[INFO] 
[INFO] --- assembly:3.8.0:single (build-distribution) @ event-source-kafka ---
[INFO] Reading assembly descriptor: src/assembly/dist.xml
[INFO] Building zip: /Users/paulgallagher/Code/smart-caches-core/event-sources/event-source-kafka/target/event-source-kafka-1.3.1-SNAPSHOT-certs-helper.zip
[INFO] Building tar: /Users/paulgallagher/Code/smart-caches-core/event-sources/event-source-kafka/target/event-source-kafka-1.3.1-SNAPSHOT-certs-helper.tar.gz
[INFO] 
[INFO] --- gpg:3.2.8:sign (default) @ event-source-kafka ---
[INFO] Signer 'gpg' is signing 9 files with key default
[INFO] 
[INFO] --- jacoco:0.8.15:report (report) @ event-source-kafka ---
[INFO] Skipping JaCoCo execution due to missing execution data file.
[INFO] 
[INFO] --- jacoco:0.8.15:check (require-test-coverage) @ event-source-kafka ---
[INFO] Skipping JaCoCo execution because property jacoco.skip is set.
[INFO] 
[INFO] --- dependency:3.11.0:analyze-only (analyze) @ event-source-kafka ---
[WARNING] Used undeclared dependencies found:
[WARNING]    junit:junit:jar:4.13.2:test
[WARNING] Unused declared dependencies found:
[WARNING]    at.yawk.lz4:lz4-java:jar:1.11.2:compile
[INFO] 
[INFO] --- install:3.1.2:install (default-install) @ event-source-kafka ---
[INFO] Installing /Users/paulgallagher/Code/smart-caches-core/event-sources/event-source-kafka/pom.xml to /Users/paulgallagher/.m2/repository/io/telicent/smart-caches/event-source-kafka/1.3.1-SNAPSHOT/event-source-kafka-1.3.1-SNAPSHOT.pom
[INFO] Installing /Users/paulgallagher/Code/smart-caches-core/event-sources/event-source-kafka/target/event-source-kafka-1.3.1-SNAPSHOT.jar to /Users/paulgallagher/.m2/repository/io/telicent/smart-caches/event-source-kafka/1.3.1-SNAPSHOT/event-source-kafka-1.3.1-SNAPSHOT.jar
[INFO] Installing /Users/paulgallagher/Code/smart-caches-core/event-sources/event-source-kafka/target/event-source-kafka-1.3.1-SNAPSHOT-tests.jar to /Users/paulgallagher/.m2/repository/io/telicent/smart-caches/event-source-kafka/1.3.1-SNAPSHOT/event-source-kafka-1.3.1-SNAPSHOT-tests.jar
[INFO] Installing /Users/paulgallagher/Code/smart-caches-core/event-sources/event-source-kafka/target/event-source-kafka-1.3.1-SNAPSHOT-sources.jar to /Users/paulgallagher/.m2/repository/io/telicent/smart-caches/event-source-kafka/1.3.1-SNAPSHOT/event-source-kafka-1.3.1-SNAPSHOT-sources.jar
[INFO] Installing /Users/paulgallagher/Code/smart-caches-core/event-sources/event-source-kafka/target/event-source-kafka-1.3.1-SNAPSHOT-test-sources.jar to /Users/paulgallagher/.m2/repository/io/telicent/smart-caches/event-source-kafka/1.3.1-SNAPSHOT/event-source-kafka-1.3.1-SNAPSHOT-test-sources.jar
[INFO] Installing /Users/paulgallagher/Code/smart-caches-core/event-sources/event-source-kafka/target/event-source-kafka-1.3.1-SNAPSHOT-javadoc.jar to /Users/paulgallagher/.m2/repository/io/telicent/smart-caches/event-source-kafka/1.3.1-SNAPSHOT/event-source-kafka-1.3.1-SNAPSHOT-javadoc.jar
[INFO] Installing /Users/paulgallagher/Code/smart-caches-core/event-sources/event-source-kafka/target/event-source-kafka-1.3.1-SNAPSHOT-bom.json to /Users/paulgallagher/.m2/repository/io/telicent/smart-caches/event-source-kafka/1.3.1-SNAPSHOT/event-source-kafka-1.3.1-SNAPSHOT-cyclonedx.json
[INFO] Installing /Users/paulgallagher/Code/smart-caches-core/event-sources/event-source-kafka/target/event-source-kafka-1.3.1-SNAPSHOT-certs-helper.zip to /Users/paulgallagher/.m2/repository/io/telicent/smart-caches/event-source-kafka/1.3.1-SNAPSHOT/event-source-kafka-1.3.1-SNAPSHOT-certs-helper.zip
[INFO] Installing /Users/paulgallagher/Code/smart-caches-core/event-sources/event-source-kafka/target/event-source-kafka-1.3.1-SNAPSHOT-certs-helper.tar.gz to /Users/paulgallagher/.m2/repository/io/telicent/smart-caches/event-source-kafka/1.3.1-SNAPSHOT/event-source-kafka-1.3.1-SNAPSHOT-certs-helper.tar.gz
[INFO] Installing /Users/paulgallagher/Code/smart-caches-core/event-sources/event-source-kafka/target/event-source-kafka-1.3.1-SNAPSHOT.jar.asc to /Users/paulgallagher/.m2/repository/io/telicent/smart-caches/event-source-kafka/1.3.1-SNAPSHOT/event-source-kafka-1.3.1-SNAPSHOT.jar.asc
[INFO] Installing /Users/paulgallagher/Code/smart-caches-core/event-sources/event-source-kafka/target/event-source-kafka-1.3.1-SNAPSHOT.pom.asc to /Users/paulgallagher/.m2/repository/io/telicent/smart-caches/event-source-kafka/1.3.1-SNAPSHOT/event-source-kafka-1.3.1-SNAPSHOT.pom.asc
[INFO] Installing /Users/paulgallagher/Code/smart-caches-core/event-sources/event-source-kafka/target/event-source-kafka-1.3.1-SNAPSHOT-tests.jar.asc to /Users/paulgallagher/.m2/repository/io/telicent/smart-caches/event-source-kafka/1.3.1-SNAPSHOT/event-source-kafka-1.3.1-SNAPSHOT-tests.jar.asc
[INFO] Installing /Users/paulgallagher/Code/smart-caches-core/event-sources/event-source-kafka/target/event-source-kafka-1.3.1-SNAPSHOT-sources.jar.asc to /Users/paulgallagher/.m2/repository/io/telicent/smart-caches/event-source-kafka/1.3.1-SNAPSHOT/event-source-kafka-1.3.1-SNAPSHOT-sources.jar.asc
[INFO] Installing /Users/paulgallagher/Code/smart-caches-core/event-sources/event-source-kafka/target/event-source-kafka-1.3.1-SNAPSHOT-test-sources.jar.asc to /Users/paulgallagher/.m2/repository/io/telicent/smart-caches/event-source-kafka/1.3.1-SNAPSHOT/event-source-kafka-1.3.1-SNAPSHOT-test-sources.jar.asc
[INFO] Installing /Users/paulgallagher/Code/smart-caches-core/event-sources/event-source-kafka/target/event-source-kafka-1.3.1-SNAPSHOT-javadoc.jar.asc to /Users/paulgallagher/.m2/repository/io/telicent/smart-caches/event-source-kafka/1.3.1-SNAPSHOT/event-source-kafka-1.3.1-SNAPSHOT-javadoc.jar.asc
[INFO] Installing /Users/paulgallagher/Code/smart-caches-core/event-sources/event-source-kafka/target/event-source-kafka-1.3.1-SNAPSHOT-bom.json.asc to /Users/paulgallagher/.m2/repository/io/telicent/smart-caches/event-source-kafka/1.3.1-SNAPSHOT/event-source-kafka-1.3.1-SNAPSHOT-cyclonedx.json.asc
[INFO] Installing /Users/paulgallagher/Code/smart-caches-core/event-sources/event-source-kafka/target/event-source-kafka-1.3.1-SNAPSHOT-certs-helper.zip.asc to /Users/paulgallagher/.m2/repository/io/telicent/smart-caches/event-source-kafka/1.3.1-SNAPSHOT/event-source-kafka-1.3.1-SNAPSHOT-certs-helper.zip.asc
[INFO] Installing /Users/paulgallagher/Code/smart-caches-core/event-sources/event-source-kafka/target/event-source-kafka-1.3.1-SNAPSHOT-certs-helper.tar.gz.asc to /Users/paulgallagher/.m2/repository/io/telicent/smart-caches/event-source-kafka/1.3.1-SNAPSHOT/event-source-kafka-1.3.1-SNAPSHOT-certs-helper.tar.gz.asc
[INFO] 
[INFO] -------------< io.telicent.smart-caches:event-source-file >-------------
[INFO] Building Telicent Smart Caches - Event Sources - File 1.3.1-SNAPSHOT [9/22]
[INFO]   from event-sources/event-source-file/pom.xml
[INFO] --------------------------------[ jar ]---------------------------------
[INFO] 
[INFO] --- clean:3.2.0:clean (default-clean) @ event-source-file ---
[INFO] Deleting /Users/paulgallagher/Code/smart-caches-core/event-sources/event-source-file/target
[INFO] 
[INFO] --- enforcer:3.6.3:enforce (enforce-versions) @ event-source-file ---
[INFO] 
[INFO] --- license:5.1.2:check (check-licenses) @ event-source-file ---
[INFO] Checking licenses...
[INFO] License check: 48 file(s) checked (OK: 48, Missing: 0, Unknown: 0)
[INFO] 
[INFO] --- lombok:1.18.20.0:delombok (default) @ event-source-file ---
[INFO] Delombok complete.
[INFO] 
[INFO] --- buildnumber:3.3.0:create-metadata (default) @ event-source-file ---
[INFO] 
[INFO] --- resources:3.3.1:resources (default-resources) @ event-source-file ---
[INFO] Copying 2 resources from src/main/resources to target/classes
[INFO] Copying 1 resource from target/generated/build-metadata to target/classes
[INFO] 
[INFO] --- compiler:3.15.0:compile (default-compile) @ event-source-file ---
[INFO] Recompiling the module because of changed dependency.
[INFO] Compiling 27 source files with javac [debug release 21] to target/classes
[INFO] 
[INFO] --- resources:3.3.1:testResources (default-testResources) @ event-source-file ---
[INFO] Copying 2 resources from src/test/resources to target/test-classes
[INFO] 
[INFO] --- compiler:3.15.0:testCompile (default-testCompile) @ event-source-file ---
[INFO] Recompiling the module because of changed dependency.
[INFO] Compiling 18 source files with javac [debug release 21] to target/test-classes
[INFO] 
[INFO] --- jacoco:0.8.15:prepare-agent (prepare-agent) @ event-source-file ---
[INFO] argLine set to -javaagent:/Users/paulgallagher/.m2/repository/org/jacoco/org.jacoco.agent/0.8.15/org.jacoco.agent-0.8.15-runtime.jar=destfile=/Users/paulgallagher/Code/smart-caches-core/event-sources/event-source-file/target/jacoco.exec,append=true
[INFO] 
[INFO] --- surefire:3.2.5:test (default-test) @ event-source-file ---
[INFO] Tests are skipped.
[INFO] 
[INFO] --- jar:3.5.1:jar (default-jar) @ event-source-file ---
[INFO] Building jar: /Users/paulgallagher/Code/smart-caches-core/event-sources/event-source-file/target/event-source-file-1.3.1-SNAPSHOT.jar
[INFO] 
[INFO] --- jar:3.5.1:test-jar (create-test-jar) @ event-source-file ---
[INFO] Skipping packaging of the test-jar
[INFO] 
[INFO] >>> source:3.4.0:jar (attach-sources) > generate-sources @ event-source-file >>>
[INFO] 
[INFO] --- enforcer:3.6.3:enforce (enforce-versions) @ event-source-file ---
[INFO] 
[INFO] --- license:5.1.2:check (check-licenses) @ event-source-file ---
[INFO] Checking licenses...
[INFO] License check: 48 file(s) checked (OK: 48, Missing: 0, Unknown: 0)
[INFO] 
[INFO] --- lombok:1.18.20.0:delombok (default) @ event-source-file ---
[INFO] Delombok complete.
[INFO] 
[INFO] <<< source:3.4.0:jar (attach-sources) < generate-sources @ event-source-file <<<
[INFO] 
[INFO] 
[INFO] --- source:3.4.0:jar (attach-sources) @ event-source-file ---
[INFO] Building jar: /Users/paulgallagher/Code/smart-caches-core/event-sources/event-source-file/target/event-source-file-1.3.1-SNAPSHOT-sources.jar
[INFO] 
[INFO] >>> source:3.4.0:test-jar (attach-test-sources) > generate-sources @ event-source-file >>>
[INFO] 
[INFO] --- enforcer:3.6.3:enforce (enforce-versions) @ event-source-file ---
[INFO] 
[INFO] --- license:5.1.2:check (check-licenses) @ event-source-file ---
[INFO] Checking licenses...
[INFO] License check: 48 file(s) checked (OK: 48, Missing: 0, Unknown: 0)
[INFO] 
[INFO] --- lombok:1.18.20.0:delombok (default) @ event-source-file ---
[INFO] Delombok complete.
[INFO] 
[INFO] <<< source:3.4.0:test-jar (attach-test-sources) < generate-sources @ event-source-file <<<
[INFO] 
[INFO] 
[INFO] --- source:3.4.0:test-jar (attach-test-sources) @ event-source-file ---
[INFO] Skipping source per configuration.
[INFO] 
[INFO] --- javadoc:3.12.0:jar (default) @ event-source-file ---
[INFO] Building jar: /Users/paulgallagher/Code/smart-caches-core/event-sources/event-source-file/target/event-source-file-1.3.1-SNAPSHOT-javadoc.jar
[INFO] 
[INFO] --- cyclonedx:2.9.3:makeAggregateBom (build-sbom-cyclonedx) @ event-source-file ---
[INFO] CycloneDX: Resolving Dependencies
[INFO] CycloneDX: Creating BOM version 1.6 with 48 component(s)
[INFO] CycloneDX: Writing and validating BOM (JSON): /Users/paulgallagher/Code/smart-caches-core/event-sources/event-source-file/target/event-source-file-1.3.1-SNAPSHOT-bom.json
[INFO]            attaching as event-source-file-1.3.1-SNAPSHOT-cyclonedx.json
[INFO] 
[INFO] --- gpg:3.2.8:sign (default) @ event-source-file ---
[INFO] Signer 'gpg' is signing 5 files with key default
[INFO] 
[INFO] --- jacoco:0.8.15:report (report) @ event-source-file ---
[INFO] Skipping JaCoCo execution due to missing execution data file.
[INFO] 
[INFO] --- jacoco:0.8.15:check (require-test-coverage) @ event-source-file ---
[INFO] Skipping JaCoCo execution because property jacoco.skip is set.
[INFO] 
[INFO] --- install:3.1.2:install (default-install) @ event-source-file ---
[INFO] Installing /Users/paulgallagher/Code/smart-caches-core/event-sources/event-source-file/pom.xml to /Users/paulgallagher/.m2/repository/io/telicent/smart-caches/event-source-file/1.3.1-SNAPSHOT/event-source-file-1.3.1-SNAPSHOT.pom
[INFO] Installing /Users/paulgallagher/Code/smart-caches-core/event-sources/event-source-file/target/event-source-file-1.3.1-SNAPSHOT.jar to /Users/paulgallagher/.m2/repository/io/telicent/smart-caches/event-source-file/1.3.1-SNAPSHOT/event-source-file-1.3.1-SNAPSHOT.jar
[INFO] Installing /Users/paulgallagher/Code/smart-caches-core/event-sources/event-source-file/target/event-source-file-1.3.1-SNAPSHOT-sources.jar to /Users/paulgallagher/.m2/repository/io/telicent/smart-caches/event-source-file/1.3.1-SNAPSHOT/event-source-file-1.3.1-SNAPSHOT-sources.jar
[INFO] Installing /Users/paulgallagher/Code/smart-caches-core/event-sources/event-source-file/target/event-source-file-1.3.1-SNAPSHOT-javadoc.jar to /Users/paulgallagher/.m2/repository/io/telicent/smart-caches/event-source-file/1.3.1-SNAPSHOT/event-source-file-1.3.1-SNAPSHOT-javadoc.jar
[INFO] Installing /Users/paulgallagher/Code/smart-caches-core/event-sources/event-source-file/target/event-source-file-1.3.1-SNAPSHOT-bom.json to /Users/paulgallagher/.m2/repository/io/telicent/smart-caches/event-source-file/1.3.1-SNAPSHOT/event-source-file-1.3.1-SNAPSHOT-cyclonedx.json
[INFO] Installing /Users/paulgallagher/Code/smart-caches-core/event-sources/event-source-file/target/event-source-file-1.3.1-SNAPSHOT.jar.asc to /Users/paulgallagher/.m2/repository/io/telicent/smart-caches/event-source-file/1.3.1-SNAPSHOT/event-source-file-1.3.1-SNAPSHOT.jar.asc
[INFO] Installing /Users/paulgallagher/Code/smart-caches-core/event-sources/event-source-file/target/event-source-file-1.3.1-SNAPSHOT.pom.asc to /Users/paulgallagher/.m2/repository/io/telicent/smart-caches/event-source-file/1.3.1-SNAPSHOT/event-source-file-1.3.1-SNAPSHOT.pom.asc
[INFO] Installing /Users/paulgallagher/Code/smart-caches-core/event-sources/event-source-file/target/event-source-file-1.3.1-SNAPSHOT-sources.jar.asc to /Users/paulgallagher/.m2/repository/io/telicent/smart-caches/event-source-file/1.3.1-SNAPSHOT/event-source-file-1.3.1-SNAPSHOT-sources.jar.asc
[INFO] Installing /Users/paulgallagher/Code/smart-caches-core/event-sources/event-source-file/target/event-source-file-1.3.1-SNAPSHOT-javadoc.jar.asc to /Users/paulgallagher/.m2/repository/io/telicent/smart-caches/event-source-file/1.3.1-SNAPSHOT/event-source-file-1.3.1-SNAPSHOT-javadoc.jar.asc
[INFO] Installing /Users/paulgallagher/Code/smart-caches-core/event-sources/event-source-file/target/event-source-file-1.3.1-SNAPSHOT-bom.json.asc to /Users/paulgallagher/.m2/repository/io/telicent/smart-caches/event-source-file/1.3.1-SNAPSHOT/event-source-file-1.3.1-SNAPSHOT-cyclonedx.json.asc
[INFO] 
[INFO] --------------< io.telicent.smart-caches:jwt-auth-common >--------------
[INFO] Building Telicent Smart Caches - JWT Authentication 1.3.1-SNAPSHOT [10/22]
[INFO]   from jwt-auth-common/pom.xml
[INFO] --------------------------------[ jar ]---------------------------------
[INFO] 
[INFO] --- clean:3.2.0:clean (default-clean) @ jwt-auth-common ---
[INFO] Deleting /Users/paulgallagher/Code/smart-caches-core/jwt-auth-common/target
[INFO] 
[INFO] --- enforcer:3.6.3:enforce (enforce-versions) @ jwt-auth-common ---
[INFO] 
[INFO] --- license:5.1.2:check (check-licenses) @ jwt-auth-common ---
[INFO] Checking licenses...
[INFO] License check: 33 file(s) checked (OK: 33, Missing: 0, Unknown: 0)
[INFO] 
[INFO] --- dependency:3.11.0:properties (properties) @ jwt-auth-common ---
[INFO] 
[INFO] --- lombok:1.18.20.0:delombok (default) @ jwt-auth-common ---
[INFO] Delombok complete.
[INFO] 
[INFO] --- buildnumber:3.3.0:create-metadata (default) @ jwt-auth-common ---
[INFO] 
[INFO] --- resources:3.3.1:resources (default-resources) @ jwt-auth-common ---
[INFO] skip non existing resourceDirectory /Users/paulgallagher/Code/smart-caches-core/jwt-auth-common/src/main/resources
[INFO] Copying 1 resource from target/generated/build-metadata to target/classes
[INFO] 
[INFO] --- compiler:3.15.0:compile (default-compile) @ jwt-auth-common ---
[INFO] Recompiling the module because of changed dependency.
[INFO] Compiling 16 source files with javac [debug release 21] to target/classes
[INFO] 
[INFO] --- resources:3.3.1:testResources (default-testResources) @ jwt-auth-common ---
[INFO] skip non existing resourceDirectory /Users/paulgallagher/Code/smart-caches-core/jwt-auth-common/src/test/resources
[INFO] 
[INFO] --- compiler:3.15.0:testCompile (default-testCompile) @ jwt-auth-common ---
[INFO] Recompiling the module because of changed dependency.
[INFO] Compiling 17 source files with javac [debug release 21] to target/test-classes
[INFO] 
[INFO] --- jacoco:0.8.15:prepare-agent (prepare-agent) @ jwt-auth-common ---
[INFO] argLine set to -javaagent:/Users/paulgallagher/.m2/repository/org/jacoco/org.jacoco.agent/0.8.15/org.jacoco.agent-0.8.15-runtime.jar=destfile=/Users/paulgallagher/Code/smart-caches-core/jwt-auth-common/target/jacoco.exec,append=true
[INFO] 
[INFO] --- surefire:3.5.6:test (default-test) @ jwt-auth-common ---
[INFO] Tests are skipped.
[INFO] 
[INFO] --- jar:3.5.1:jar (default-jar) @ jwt-auth-common ---
[INFO] Building jar: /Users/paulgallagher/Code/smart-caches-core/jwt-auth-common/target/jwt-auth-common-1.3.1-SNAPSHOT.jar
[INFO] 
[INFO] --- jar:3.5.1:test-jar (create-test-jar) @ jwt-auth-common ---
[INFO] Skipping packaging of the test-jar
[INFO] 
[INFO] >>> source:3.4.0:jar (attach-sources) > generate-sources @ jwt-auth-common >>>
[INFO] 
[INFO] --- enforcer:3.6.3:enforce (enforce-versions) @ jwt-auth-common ---
[INFO] 
[INFO] --- license:5.1.2:check (check-licenses) @ jwt-auth-common ---
[INFO] Checking licenses...
[INFO] License check: 33 file(s) checked (OK: 33, Missing: 0, Unknown: 0)
[INFO] 
[INFO] --- dependency:3.11.0:properties (properties) @ jwt-auth-common ---
[INFO] 
[INFO] --- lombok:1.18.20.0:delombok (default) @ jwt-auth-common ---
[INFO] Delombok complete.
[INFO] 
[INFO] <<< source:3.4.0:jar (attach-sources) < generate-sources @ jwt-auth-common <<<
[INFO] 
[INFO] 
[INFO] --- source:3.4.0:jar (attach-sources) @ jwt-auth-common ---
[INFO] Building jar: /Users/paulgallagher/Code/smart-caches-core/jwt-auth-common/target/jwt-auth-common-1.3.1-SNAPSHOT-sources.jar
[INFO] 
[INFO] >>> source:3.4.0:test-jar (attach-test-sources) > generate-sources @ jwt-auth-common >>>
[INFO] 
[INFO] --- enforcer:3.6.3:enforce (enforce-versions) @ jwt-auth-common ---
[INFO] 
[INFO] --- license:5.1.2:check (check-licenses) @ jwt-auth-common ---
[INFO] Checking licenses...
[INFO] License check: 33 file(s) checked (OK: 33, Missing: 0, Unknown: 0)
[INFO] 
[INFO] --- dependency:3.11.0:properties (properties) @ jwt-auth-common ---
[INFO] 
[INFO] --- lombok:1.18.20.0:delombok (default) @ jwt-auth-common ---
[INFO] Delombok complete.
[INFO] 
[INFO] <<< source:3.4.0:test-jar (attach-test-sources) < generate-sources @ jwt-auth-common <<<
[INFO] 
[INFO] 
[INFO] --- source:3.4.0:test-jar (attach-test-sources) @ jwt-auth-common ---
[INFO] Skipping source per configuration.
[INFO] 
[INFO] --- javadoc:3.12.0:jar (default) @ jwt-auth-common ---
[INFO] Building jar: /Users/paulgallagher/Code/smart-caches-core/jwt-auth-common/target/jwt-auth-common-1.3.1-SNAPSHOT-javadoc.jar
[INFO] 
[INFO] --- cyclonedx:2.9.3:makeAggregateBom (build-sbom-cyclonedx) @ jwt-auth-common ---
[INFO] CycloneDX: Resolving Dependencies
[INFO] CycloneDX: Creating BOM version 1.6 with 19 component(s)
[INFO] CycloneDX: Writing and validating BOM (JSON): /Users/paulgallagher/Code/smart-caches-core/jwt-auth-common/target/jwt-auth-common-1.3.1-SNAPSHOT-bom.json
[INFO]            attaching as jwt-auth-common-1.3.1-SNAPSHOT-cyclonedx.json
[INFO] 
[INFO] --- gpg:3.2.8:sign (default) @ jwt-auth-common ---
[INFO] Signer 'gpg' is signing 5 files with key default
[INFO] 
[INFO] --- dependency:3.11.0:analyze-only (analyze) @ jwt-auth-common ---
[WARNING] Used undeclared dependencies found:
[WARNING]    com.fasterxml.jackson.core:jackson-databind:jar:2.22.2:compile
[WARNING]    com.fasterxml.jackson.core:jackson-annotations:jar:2.22:compile
[WARNING]    com.github.ben-manes.caffeine:caffeine:jar:3.2.4:compile
[WARNING]    io.jsonwebtoken:jjwt-api:jar:0.13.0:compile
[WARNING]    com.fasterxml.jackson.core:jackson-core:jar:2.22.2:compile
[WARNING] Unused declared dependencies found:
[WARNING]    ch.qos.logback:logback-classic:jar:1.6.3:test
[WARNING] Non-test scoped test only dependencies found:
[WARNING]    io.jsonwebtoken:jjwt-api:jar:0.13.0:compile
[WARNING]    com.fasterxml.jackson.core:jackson-core:jar:2.22.2:compile
[INFO] 
[INFO] --- jacoco:0.8.15:report (report) @ jwt-auth-common ---
[INFO] Skipping JaCoCo execution due to missing execution data file.
[INFO] 
[INFO] --- jacoco:0.8.15:check (require-test-coverage) @ jwt-auth-common ---
[INFO] Skipping JaCoCo execution because property jacoco.skip is set.
[INFO] 
[INFO] --- install:3.1.2:install (default-install) @ jwt-auth-common ---
[INFO] Installing /Users/paulgallagher/Code/smart-caches-core/jwt-auth-common/pom.xml to /Users/paulgallagher/.m2/repository/io/telicent/smart-caches/jwt-auth-common/1.3.1-SNAPSHOT/jwt-auth-common-1.3.1-SNAPSHOT.pom
[INFO] Installing /Users/paulgallagher/Code/smart-caches-core/jwt-auth-common/target/jwt-auth-common-1.3.1-SNAPSHOT.jar to /Users/paulgallagher/.m2/repository/io/telicent/smart-caches/jwt-auth-common/1.3.1-SNAPSHOT/jwt-auth-common-1.3.1-SNAPSHOT.jar
[INFO] Installing /Users/paulgallagher/Code/smart-caches-core/jwt-auth-common/target/jwt-auth-common-1.3.1-SNAPSHOT-sources.jar to /Users/paulgallagher/.m2/repository/io/telicent/smart-caches/jwt-auth-common/1.3.1-SNAPSHOT/jwt-auth-common-1.3.1-SNAPSHOT-sources.jar
[INFO] Installing /Users/paulgallagher/Code/smart-caches-core/jwt-auth-common/target/jwt-auth-common-1.3.1-SNAPSHOT-javadoc.jar to /Users/paulgallagher/.m2/repository/io/telicent/smart-caches/jwt-auth-common/1.3.1-SNAPSHOT/jwt-auth-common-1.3.1-SNAPSHOT-javadoc.jar
[INFO] Installing /Users/paulgallagher/Code/smart-caches-core/jwt-auth-common/target/jwt-auth-common-1.3.1-SNAPSHOT-bom.json to /Users/paulgallagher/.m2/repository/io/telicent/smart-caches/jwt-auth-common/1.3.1-SNAPSHOT/jwt-auth-common-1.3.1-SNAPSHOT-cyclonedx.json
[INFO] Installing /Users/paulgallagher/Code/smart-caches-core/jwt-auth-common/target/jwt-auth-common-1.3.1-SNAPSHOT.jar.asc to /Users/paulgallagher/.m2/repository/io/telicent/smart-caches/jwt-auth-common/1.3.1-SNAPSHOT/jwt-auth-common-1.3.1-SNAPSHOT.jar.asc
[INFO] Installing /Users/paulgallagher/Code/smart-caches-core/jwt-auth-common/target/jwt-auth-common-1.3.1-SNAPSHOT.pom.asc to /Users/paulgallagher/.m2/repository/io/telicent/smart-caches/jwt-auth-common/1.3.1-SNAPSHOT/jwt-auth-common-1.3.1-SNAPSHOT.pom.asc
[INFO] Installing /Users/paulgallagher/Code/smart-caches-core/jwt-auth-common/target/jwt-auth-common-1.3.1-SNAPSHOT-sources.jar.asc to /Users/paulgallagher/.m2/repository/io/telicent/smart-caches/jwt-auth-common/1.3.1-SNAPSHOT/jwt-auth-common-1.3.1-SNAPSHOT-sources.jar.asc
[INFO] Installing /Users/paulgallagher/Code/smart-caches-core/jwt-auth-common/target/jwt-auth-common-1.3.1-SNAPSHOT-javadoc.jar.asc to /Users/paulgallagher/.m2/repository/io/telicent/smart-caches/jwt-auth-common/1.3.1-SNAPSHOT/jwt-auth-common-1.3.1-SNAPSHOT-javadoc.jar.asc
[INFO] Installing /Users/paulgallagher/Code/smart-caches-core/jwt-auth-common/target/jwt-auth-common-1.3.1-SNAPSHOT-bom.json.asc to /Users/paulgallagher/.m2/repository/io/telicent/smart-caches/jwt-auth-common/1.3.1-SNAPSHOT/jwt-auth-common-1.3.1-SNAPSHOT-cyclonedx.json.asc
[INFO] 
[INFO] ----------< io.telicent.smart-caches:distribution-lifecycle >-----------
[INFO] Building Telicent Smart Caches - Distribution Lifecycle 1.3.1-SNAPSHOT [11/22]
[INFO]   from distribution-lifecycle/pom.xml
[INFO] --------------------------------[ jar ]---------------------------------
[INFO] 
[INFO] --- clean:3.2.0:clean (default-clean) @ distribution-lifecycle ---
[INFO] Deleting /Users/paulgallagher/Code/smart-caches-core/distribution-lifecycle/target
[INFO] 
[INFO] --- enforcer:3.6.3:enforce (enforce-versions) @ distribution-lifecycle ---
[INFO] 
[INFO] --- license:5.1.2:check (check-licenses) @ distribution-lifecycle ---
[INFO] Checking licenses...
[INFO] License check: 56 file(s) checked (OK: 56, Missing: 0, Unknown: 0)
[INFO] 
[INFO] --- dependency:3.11.0:properties (properties) @ distribution-lifecycle ---
[INFO] 
[INFO] --- lombok:1.18.20.0:delombok (default) @ distribution-lifecycle ---
[INFO] Delombok complete.
[INFO] 
[INFO] --- buildnumber:3.3.0:create-metadata (default) @ distribution-lifecycle ---
[INFO] 
[INFO] --- resources:3.3.1:resources (default-resources) @ distribution-lifecycle ---
[INFO] skip non existing resourceDirectory /Users/paulgallagher/Code/smart-caches-core/distribution-lifecycle/src/main/resources
[INFO] Copying 1 resource from target/generated/build-metadata to target/classes
[INFO] 
[INFO] --- compiler:3.15.0:compile (default-compile) @ distribution-lifecycle ---
[INFO] Recompiling the module because of changed dependency.
[INFO] Compiling 26 source files with javac [debug release 21] to target/classes
[INFO] 
[INFO] --- resources:3.3.1:testResources (default-testResources) @ distribution-lifecycle ---
[INFO] skip non existing resourceDirectory /Users/paulgallagher/Code/smart-caches-core/distribution-lifecycle/src/test/resources
[INFO] 
[INFO] --- compiler:3.15.0:testCompile (default-testCompile) @ distribution-lifecycle ---
[INFO] Recompiling the module because of changed dependency.
[INFO] Compiling 30 source files with javac [debug release 21] to target/test-classes
[INFO] 
[INFO] --- jacoco:0.8.15:prepare-agent (prepare-agent) @ distribution-lifecycle ---
[INFO] argLine set to -javaagent:/Users/paulgallagher/.m2/repository/org/jacoco/org.jacoco.agent/0.8.15/org.jacoco.agent-0.8.15-runtime.jar=destfile=/Users/paulgallagher/Code/smart-caches-core/distribution-lifecycle/target/jacoco.exec,append=true
[INFO] 
[INFO] --- surefire:3.5.6:test (default-test) @ distribution-lifecycle ---
[INFO] Tests are skipped.
[INFO] 
[INFO] --- jar:3.5.1:jar (default-jar) @ distribution-lifecycle ---
[INFO] Building jar: /Users/paulgallagher/Code/smart-caches-core/distribution-lifecycle/target/distribution-lifecycle-1.3.1-SNAPSHOT.jar
[INFO] 
[INFO] --- jar:3.5.1:test-jar (create-test-jar) @ distribution-lifecycle ---
[INFO] Building jar: /Users/paulgallagher/Code/smart-caches-core/distribution-lifecycle/target/distribution-lifecycle-1.3.1-SNAPSHOT-tests.jar
[INFO] 
[INFO] >>> source:3.4.0:jar (attach-sources) > generate-sources @ distribution-lifecycle >>>
[INFO] 
[INFO] --- enforcer:3.6.3:enforce (enforce-versions) @ distribution-lifecycle ---
[INFO] 
[INFO] --- license:5.1.2:check (check-licenses) @ distribution-lifecycle ---
[INFO] Checking licenses...
[INFO] License check: 56 file(s) checked (OK: 56, Missing: 0, Unknown: 0)
[INFO] 
[INFO] --- dependency:3.11.0:properties (properties) @ distribution-lifecycle ---
[INFO] 
[INFO] --- lombok:1.18.20.0:delombok (default) @ distribution-lifecycle ---
[INFO] Delombok complete.
[INFO] 
[INFO] <<< source:3.4.0:jar (attach-sources) < generate-sources @ distribution-lifecycle <<<
[INFO] 
[INFO] 
[INFO] --- source:3.4.0:jar (attach-sources) @ distribution-lifecycle ---
[INFO] Building jar: /Users/paulgallagher/Code/smart-caches-core/distribution-lifecycle/target/distribution-lifecycle-1.3.1-SNAPSHOT-sources.jar
[INFO] 
[INFO] >>> source:3.4.0:test-jar (attach-test-sources) > generate-sources @ distribution-lifecycle >>>
[INFO] 
[INFO] --- enforcer:3.6.3:enforce (enforce-versions) @ distribution-lifecycle ---
[INFO] 
[INFO] --- license:5.1.2:check (check-licenses) @ distribution-lifecycle ---
[INFO] Checking licenses...
[INFO] License check: 56 file(s) checked (OK: 56, Missing: 0, Unknown: 0)
[INFO] 
[INFO] --- dependency:3.11.0:properties (properties) @ distribution-lifecycle ---
[INFO] 
[INFO] --- lombok:1.18.20.0:delombok (default) @ distribution-lifecycle ---
[INFO] Delombok complete.
[INFO] 
[INFO] <<< source:3.4.0:test-jar (attach-test-sources) < generate-sources @ distribution-lifecycle <<<
[INFO] 
[INFO] 
[INFO] --- source:3.4.0:test-jar (attach-test-sources) @ distribution-lifecycle ---
[INFO] Building jar: /Users/paulgallagher/Code/smart-caches-core/distribution-lifecycle/target/distribution-lifecycle-1.3.1-SNAPSHOT-test-sources.jar
[INFO] 
[INFO] --- javadoc:3.12.0:jar (default) @ distribution-lifecycle ---
[INFO] Building jar: /Users/paulgallagher/Code/smart-caches-core/distribution-lifecycle/target/distribution-lifecycle-1.3.1-SNAPSHOT-javadoc.jar
[INFO] 
[INFO] --- cyclonedx:2.9.3:makeAggregateBom (build-sbom-cyclonedx) @ distribution-lifecycle ---
[INFO] CycloneDX: Resolving Dependencies
[INFO] CycloneDX: Creating BOM version 1.6 with 47 component(s)
[INFO] CycloneDX: Writing and validating BOM (JSON): /Users/paulgallagher/Code/smart-caches-core/distribution-lifecycle/target/distribution-lifecycle-1.3.1-SNAPSHOT-bom.json
[INFO]            attaching as distribution-lifecycle-1.3.1-SNAPSHOT-cyclonedx.json
[INFO] 
[INFO] --- gpg:3.2.8:sign (default) @ distribution-lifecycle ---
[INFO] Signer 'gpg' is signing 7 files with key default
[INFO] 
[INFO] --- jacoco:0.8.15:report (report) @ distribution-lifecycle ---
[INFO] Skipping JaCoCo execution due to missing execution data file.
[INFO] 
[INFO] --- jacoco:0.8.15:check (require-test-coverage) @ distribution-lifecycle ---
[INFO] Skipping JaCoCo execution because property jacoco.skip is set.
[INFO] 
[INFO] --- dependency:3.11.0:analyze-only (analyze) @ distribution-lifecycle ---
[WARNING] Used undeclared dependencies found:
[WARNING]    commons-io:commons-io:jar:2.22.0:compile
[WARNING]    junit:junit:jar:4.13.2:test
[WARNING]    io.telicent.smart-caches:event-sources-core:jar:1.3.1-SNAPSHOT:compile
[WARNING]    org.apache.kafka:kafka-clients:jar:3.9.2:compile
[WARNING]    io.telicent.smart-caches:observability-core:jar:1.3.1-SNAPSHOT:compile
[WARNING]    com.fasterxml.jackson.core:jackson-databind:jar:2.22.2:compile
[WARNING]    com.fasterxml.jackson.core:jackson-annotations:jar:2.22:compile
[WARNING]    org.slf4j:slf4j-api:jar:2.0.18:compile
[WARNING]    org.apache.commons:commons-lang3:jar:3.20.0:compile
[WARNING]    io.telicent.smart-caches:projectors-core:jar:1.3.1-SNAPSHOT:compile
[WARNING]    io.telicent.smart-caches:configurator:jar:1.3.1-SNAPSHOT:compile
[WARNING]    tools.jackson.core:jackson-databind:jar:3.2.2:compile
[WARNING]    com.fasterxml.jackson.core:jackson-core:jar:2.22.2:compile
[WARNING] Unused declared dependencies found:
[WARNING]    org.testcontainers:testcontainers:jar:1.21.4:test
[WARNING]    org.slf4j:slf4j-nop:jar:2.0.18:test
[WARNING] Non-test scoped test only dependencies found:
[WARNING]    com.fasterxml.jackson.core:jackson-core:jar:2.22.2:compile
[INFO] 
[INFO] --- install:3.1.2:install (default-install) @ distribution-lifecycle ---
[INFO] Installing /Users/paulgallagher/Code/smart-caches-core/distribution-lifecycle/pom.xml to /Users/paulgallagher/.m2/repository/io/telicent/smart-caches/distribution-lifecycle/1.3.1-SNAPSHOT/distribution-lifecycle-1.3.1-SNAPSHOT.pom
[INFO] Installing /Users/paulgallagher/Code/smart-caches-core/distribution-lifecycle/target/distribution-lifecycle-1.3.1-SNAPSHOT.jar to /Users/paulgallagher/.m2/repository/io/telicent/smart-caches/distribution-lifecycle/1.3.1-SNAPSHOT/distribution-lifecycle-1.3.1-SNAPSHOT.jar
[INFO] Installing /Users/paulgallagher/Code/smart-caches-core/distribution-lifecycle/target/distribution-lifecycle-1.3.1-SNAPSHOT-tests.jar to /Users/paulgallagher/.m2/repository/io/telicent/smart-caches/distribution-lifecycle/1.3.1-SNAPSHOT/distribution-lifecycle-1.3.1-SNAPSHOT-tests.jar
[INFO] Installing /Users/paulgallagher/Code/smart-caches-core/distribution-lifecycle/target/distribution-lifecycle-1.3.1-SNAPSHOT-sources.jar to /Users/paulgallagher/.m2/repository/io/telicent/smart-caches/distribution-lifecycle/1.3.1-SNAPSHOT/distribution-lifecycle-1.3.1-SNAPSHOT-sources.jar
[INFO] Installing /Users/paulgallagher/Code/smart-caches-core/distribution-lifecycle/target/distribution-lifecycle-1.3.1-SNAPSHOT-test-sources.jar to /Users/paulgallagher/.m2/repository/io/telicent/smart-caches/distribution-lifecycle/1.3.1-SNAPSHOT/distribution-lifecycle-1.3.1-SNAPSHOT-test-sources.jar
[INFO] Installing /Users/paulgallagher/Code/smart-caches-core/distribution-lifecycle/target/distribution-lifecycle-1.3.1-SNAPSHOT-javadoc.jar to /Users/paulgallagher/.m2/repository/io/telicent/smart-caches/distribution-lifecycle/1.3.1-SNAPSHOT/distribution-lifecycle-1.3.1-SNAPSHOT-javadoc.jar
[INFO] Installing /Users/paulgallagher/Code/smart-caches-core/distribution-lifecycle/target/distribution-lifecycle-1.3.1-SNAPSHOT-bom.json to /Users/paulgallagher/.m2/repository/io/telicent/smart-caches/distribution-lifecycle/1.3.1-SNAPSHOT/distribution-lifecycle-1.3.1-SNAPSHOT-cyclonedx.json
[INFO] Installing /Users/paulgallagher/Code/smart-caches-core/distribution-lifecycle/target/distribution-lifecycle-1.3.1-SNAPSHOT.jar.asc to /Users/paulgallagher/.m2/repository/io/telicent/smart-caches/distribution-lifecycle/1.3.1-SNAPSHOT/distribution-lifecycle-1.3.1-SNAPSHOT.jar.asc
[INFO] Installing /Users/paulgallagher/Code/smart-caches-core/distribution-lifecycle/target/distribution-lifecycle-1.3.1-SNAPSHOT.pom.asc to /Users/paulgallagher/.m2/repository/io/telicent/smart-caches/distribution-lifecycle/1.3.1-SNAPSHOT/distribution-lifecycle-1.3.1-SNAPSHOT.pom.asc
[INFO] Installing /Users/paulgallagher/Code/smart-caches-core/distribution-lifecycle/target/distribution-lifecycle-1.3.1-SNAPSHOT-tests.jar.asc to /Users/paulgallagher/.m2/repository/io/telicent/smart-caches/distribution-lifecycle/1.3.1-SNAPSHOT/distribution-lifecycle-1.3.1-SNAPSHOT-tests.jar.asc
[INFO] Installing /Users/paulgallagher/Code/smart-caches-core/distribution-lifecycle/target/distribution-lifecycle-1.3.1-SNAPSHOT-sources.jar.asc to /Users/paulgallagher/.m2/repository/io/telicent/smart-caches/distribution-lifecycle/1.3.1-SNAPSHOT/distribution-lifecycle-1.3.1-SNAPSHOT-sources.jar.asc
[INFO] Installing /Users/paulgallagher/Code/smart-caches-core/distribution-lifecycle/target/distribution-lifecycle-1.3.1-SNAPSHOT-test-sources.jar.asc to /Users/paulgallagher/.m2/repository/io/telicent/smart-caches/distribution-lifecycle/1.3.1-SNAPSHOT/distribution-lifecycle-1.3.1-SNAPSHOT-test-sources.jar.asc
[INFO] Installing /Users/paulgallagher/Code/smart-caches-core/distribution-lifecycle/target/distribution-lifecycle-1.3.1-SNAPSHOT-javadoc.jar.asc to /Users/paulgallagher/.m2/repository/io/telicent/smart-caches/distribution-lifecycle/1.3.1-SNAPSHOT/distribution-lifecycle-1.3.1-SNAPSHOT-javadoc.jar.asc
[INFO] Installing /Users/paulgallagher/Code/smart-caches-core/distribution-lifecycle/target/distribution-lifecycle-1.3.1-SNAPSHOT-bom.json.asc to /Users/paulgallagher/.m2/repository/io/telicent/smart-caches/distribution-lifecycle/1.3.1-SNAPSHOT/distribution-lifecycle-1.3.1-SNAPSHOT-cyclonedx.json.asc
[INFO] 
[INFO] -----------< io.telicent.smart-caches:data-security-parent >------------
[INFO] Building Telicent Smart Caches - Data Security Plugins - Parent 1.3.1-SNAPSHOT [12/22]
[INFO]   from data-security-parent/pom.xml
[INFO] --------------------------------[ pom ]---------------------------------
[INFO] 
[INFO] --- clean:3.2.0:clean (default-clean) @ data-security-parent ---
[INFO] Deleting /Users/paulgallagher/Code/smart-caches-core/data-security-parent/target
[INFO] 
[INFO] --- enforcer:3.6.3:enforce (enforce-versions) @ data-security-parent ---
[INFO] 
[INFO] --- license:5.1.2:check (check-licenses) @ data-security-parent ---
[INFO] Checking licenses...
[INFO] License check: 0 file(s) checked (OK: 0, Missing: 0, Unknown: 0)
[INFO] 
[INFO] --- lombok:1.18.20.0:delombok (default) @ data-security-parent ---
[WARNING] Skipping Delombok; no source to process.
[INFO] 
[INFO] --- buildnumber:3.3.0:create-metadata (default) @ data-security-parent ---
[INFO] 
[INFO] --- jar:3.5.1:test-jar (create-test-jar) @ data-security-parent ---
[INFO] Skipping packaging of the test-jar
[INFO] 
[INFO] >>> source:3.4.0:jar (attach-sources) > generate-sources @ data-security-parent >>>
[INFO] 
[INFO] --- enforcer:3.6.3:enforce (enforce-versions) @ data-security-parent ---
[INFO] 
[INFO] --- license:5.1.2:check (check-licenses) @ data-security-parent ---
[INFO] Checking licenses...
[INFO] License check: 0 file(s) checked (OK: 0, Missing: 0, Unknown: 0)
[INFO] 
[INFO] --- lombok:1.18.20.0:delombok (default) @ data-security-parent ---
[WARNING] Skipping Delombok; no source to process.
[INFO] 
[INFO] <<< source:3.4.0:jar (attach-sources) < generate-sources @ data-security-parent <<<
[INFO] 
[INFO] 
[INFO] --- source:3.4.0:jar (attach-sources) @ data-security-parent ---
[INFO] 
[INFO] >>> source:3.4.0:test-jar (attach-test-sources) > generate-sources @ data-security-parent >>>
[INFO] 
[INFO] --- enforcer:3.6.3:enforce (enforce-versions) @ data-security-parent ---
[INFO] 
[INFO] --- license:5.1.2:check (check-licenses) @ data-security-parent ---
[INFO] Checking licenses...
[INFO] License check: 0 file(s) checked (OK: 0, Missing: 0, Unknown: 0)
[INFO] 
[INFO] --- lombok:1.18.20.0:delombok (default) @ data-security-parent ---
[WARNING] Skipping Delombok; no source to process.
[INFO] 
[INFO] <<< source:3.4.0:test-jar (attach-test-sources) < generate-sources @ data-security-parent <<<
[INFO] 
[INFO] 
[INFO] --- source:3.4.0:test-jar (attach-test-sources) @ data-security-parent ---
[INFO] Skipping source per configuration.
[INFO] 
[INFO] --- javadoc:3.12.0:jar (default) @ data-security-parent ---
[INFO] Not executing Javadoc as the project is not a Java classpath-capable package
[INFO] 
[INFO] --- cyclonedx:2.9.3:makeAggregateBom (build-sbom-cyclonedx) @ data-security-parent ---
[INFO] CycloneDX: Resolving Dependencies
[INFO] CycloneDX: Creating BOM version 1.6 with 0 component(s)
[INFO] CycloneDX: Writing and validating BOM (JSON): /Users/paulgallagher/Code/smart-caches-core/data-security-parent/target/data-security-parent-1.3.1-SNAPSHOT-bom.json
[INFO]            attaching as data-security-parent-1.3.1-SNAPSHOT-cyclonedx.json
[INFO] 
[INFO] --- gpg:3.2.8:sign (default) @ data-security-parent ---
[INFO] Signer 'gpg' is signing 2 files with key default
[INFO] 
[INFO] --- install:3.1.2:install (default-install) @ data-security-parent ---
[INFO] Installing /Users/paulgallagher/Code/smart-caches-core/data-security-parent/pom.xml to /Users/paulgallagher/.m2/repository/io/telicent/smart-caches/data-security-parent/1.3.1-SNAPSHOT/data-security-parent-1.3.1-SNAPSHOT.pom
[INFO] Installing /Users/paulgallagher/Code/smart-caches-core/data-security-parent/target/data-security-parent-1.3.1-SNAPSHOT-bom.json to /Users/paulgallagher/.m2/repository/io/telicent/smart-caches/data-security-parent/1.3.1-SNAPSHOT/data-security-parent-1.3.1-SNAPSHOT-cyclonedx.json
[INFO] Installing /Users/paulgallagher/Code/smart-caches-core/data-security-parent/target/data-security-parent-1.3.1-SNAPSHOT.pom.asc to /Users/paulgallagher/.m2/repository/io/telicent/smart-caches/data-security-parent/1.3.1-SNAPSHOT/data-security-parent-1.3.1-SNAPSHOT.pom.asc
[INFO] Installing /Users/paulgallagher/Code/smart-caches-core/data-security-parent/target/data-security-parent-1.3.1-SNAPSHOT-bom.json.asc to /Users/paulgallagher/.m2/repository/io/telicent/smart-caches/data-security-parent/1.3.1-SNAPSHOT/data-security-parent-1.3.1-SNAPSHOT-cyclonedx.json.asc
[INFO] 
[INFO] ------------< io.telicent.smart-caches:data-security-core >-------------
[INFO] Building Telicent Smart Caches - Data Security Plugins - Plugin API 1.3.1-SNAPSHOT [13/22]
[INFO]   from data-security-parent/data-security-core/pom.xml
[INFO] --------------------------------[ jar ]---------------------------------
[INFO] 
[INFO] --- clean:3.2.0:clean (default-clean) @ data-security-core ---
[INFO] Deleting /Users/paulgallagher/Code/smart-caches-core/data-security-parent/data-security-core/target
[INFO] 
[INFO] --- enforcer:3.6.3:enforce (enforce-versions) @ data-security-core ---
[INFO] 
[INFO] --- license:5.1.2:check (check-licenses) @ data-security-core ---
[INFO] Checking licenses...
[INFO] License check: 38 file(s) checked (OK: 38, Missing: 0, Unknown: 0)
[INFO] 
[INFO] --- dependency:3.11.0:properties (properties) @ data-security-core ---
[INFO] 
[INFO] --- lombok:1.18.20.0:delombok (default) @ data-security-core ---
[INFO] Delombok complete.
[INFO] 
[INFO] --- buildnumber:3.3.0:create-metadata (default) @ data-security-core ---
[INFO] 
[INFO] --- resources:3.3.1:resources (default-resources) @ data-security-core ---
[INFO] skip non existing resourceDirectory /Users/paulgallagher/Code/smart-caches-core/data-security-parent/data-security-core/src/main/resources
[INFO] Copying 1 resource from target/generated/build-metadata to target/classes
[INFO] 
[INFO] --- compiler:3.15.0:compile (default-compile) @ data-security-core ---
[INFO] Recompiling the module because of changed dependency.
[INFO] Compiling 24 source files with javac [debug release 21] to target/classes
[INFO] 
[INFO] --- resources:3.3.1:testResources (default-testResources) @ data-security-core ---
[INFO] Copying 2 resources from src/test/resources to target/test-classes
[INFO] 
[INFO] --- compiler:3.15.0:testCompile (default-testCompile) @ data-security-core ---
[INFO] Recompiling the module because of changed dependency.
[INFO] Compiling 12 source files with javac [debug release 21] to target/test-classes
[INFO] 
[INFO] --- jacoco:0.8.15:prepare-agent (prepare-agent) @ data-security-core ---
[INFO] argLine set to -javaagent:/Users/paulgallagher/.m2/repository/org/jacoco/org.jacoco.agent/0.8.15/org.jacoco.agent-0.8.15-runtime.jar=destfile=/Users/paulgallagher/Code/smart-caches-core/data-security-parent/data-security-core/target/jacoco.exec,append=true
[INFO] 
[INFO] --- surefire:3.5.6:test (default-test) @ data-security-core ---
[INFO] Tests are skipped.
[INFO] 
[INFO] --- jar:3.5.1:jar (default-jar) @ data-security-core ---
[INFO] Building jar: /Users/paulgallagher/Code/smart-caches-core/data-security-parent/data-security-core/target/data-security-core-1.3.1-SNAPSHOT.jar
[INFO] 
[INFO] --- jar:3.5.1:test-jar (create-test-jar) @ data-security-core ---
[INFO] Skipping packaging of the test-jar
[INFO] 
[INFO] --- jar:3.5.1:test-jar (default) @ data-security-core ---
[INFO] Building jar: /Users/paulgallagher/Code/smart-caches-core/data-security-parent/data-security-core/target/data-security-core-1.3.1-SNAPSHOT-tests.jar
[INFO] 
[INFO] >>> source:3.4.0:jar (attach-sources) > generate-sources @ data-security-core >>>
[INFO] 
[INFO] --- enforcer:3.6.3:enforce (enforce-versions) @ data-security-core ---
[INFO] 
[INFO] --- license:5.1.2:check (check-licenses) @ data-security-core ---
[INFO] Checking licenses...
[INFO] License check: 38 file(s) checked (OK: 38, Missing: 0, Unknown: 0)
[INFO] 
[INFO] --- dependency:3.11.0:properties (properties) @ data-security-core ---
[INFO] 
[INFO] --- lombok:1.18.20.0:delombok (default) @ data-security-core ---
[INFO] Delombok complete.
[INFO] 
[INFO] <<< source:3.4.0:jar (attach-sources) < generate-sources @ data-security-core <<<
[INFO] 
[INFO] 
[INFO] --- source:3.4.0:jar (attach-sources) @ data-security-core ---
[INFO] Building jar: /Users/paulgallagher/Code/smart-caches-core/data-security-parent/data-security-core/target/data-security-core-1.3.1-SNAPSHOT-sources.jar
[INFO] 
[INFO] >>> source:3.4.0:test-jar (attach-test-sources) > generate-sources @ data-security-core >>>
[INFO] 
[INFO] --- enforcer:3.6.3:enforce (enforce-versions) @ data-security-core ---
[INFO] 
[INFO] --- license:5.1.2:check (check-licenses) @ data-security-core ---
[INFO] Checking licenses...
[INFO] License check: 38 file(s) checked (OK: 38, Missing: 0, Unknown: 0)
[INFO] 
[INFO] --- dependency:3.11.0:properties (properties) @ data-security-core ---
[INFO] 
[INFO] --- lombok:1.18.20.0:delombok (default) @ data-security-core ---
[INFO] Delombok complete.
[INFO] 
[INFO] <<< source:3.4.0:test-jar (attach-test-sources) < generate-sources @ data-security-core <<<
[INFO] 
[INFO] 
[INFO] --- source:3.4.0:test-jar (attach-test-sources) @ data-security-core ---
[INFO] Skipping source per configuration.
[INFO] 
[INFO] --- javadoc:3.12.0:jar (default) @ data-security-core ---
[INFO] Building jar: /Users/paulgallagher/Code/smart-caches-core/data-security-parent/data-security-core/target/data-security-core-1.3.1-SNAPSHOT-javadoc.jar
[INFO] 
[INFO] --- cyclonedx:2.9.3:makeAggregateBom (build-sbom-cyclonedx) @ data-security-core ---
[INFO] CycloneDX: Resolving Dependencies
[INFO] CycloneDX: Creating BOM version 1.6 with 107 component(s)
[INFO] CycloneDX: Writing and validating BOM (JSON): /Users/paulgallagher/Code/smart-caches-core/data-security-parent/data-security-core/target/data-security-core-1.3.1-SNAPSHOT-bom.json
[INFO]            attaching as data-security-core-1.3.1-SNAPSHOT-cyclonedx.json
[INFO] 
[INFO] --- jacoco:0.8.15:report (report) @ data-security-core ---
[INFO] Skipping JaCoCo execution due to missing execution data file.
[INFO] 
[INFO] --- jacoco:0.8.15:check (require-test-coverage) @ data-security-core ---
[INFO] Skipping JaCoCo execution because property jacoco.skip is set.
[INFO] 
[INFO] --- dependency:3.11.0:analyze-only (analyze) @ data-security-core ---
[WARNING] Used undeclared dependencies found:
[WARNING]    com.fasterxml.jackson.core:jackson-databind:jar:2.22.2:compile
[WARNING]    org.apache.jena:jena-core:jar:6.2.0:compile
[WARNING]    io.telicent.jena:jena-kafka-connector:jar:3.2.1:compile
[WARNING] Unused declared dependencies found:
[WARNING]    io.telicent.smart-caches:observability-core:jar:1.3.1-SNAPSHOT:compile
[WARNING]    io.telicent.jena:jena-fuseki-kafka-module:jar:3.2.1:compile
[WARNING]    ch.qos.logback:logback-classic:jar:1.6.3:test
[INFO] 
[INFO] --- gpg:3.2.8:sign (default) @ data-security-core ---
[INFO] Signer 'gpg' is signing 6 files with key default
[INFO] 
[INFO] --- install:3.1.2:install (default-install) @ data-security-core ---
[INFO] Installing /Users/paulgallagher/Code/smart-caches-core/data-security-parent/data-security-core/pom.xml to /Users/paulgallagher/.m2/repository/io/telicent/smart-caches/data-security-core/1.3.1-SNAPSHOT/data-security-core-1.3.1-SNAPSHOT.pom
[INFO] Installing /Users/paulgallagher/Code/smart-caches-core/data-security-parent/data-security-core/target/data-security-core-1.3.1-SNAPSHOT.jar to /Users/paulgallagher/.m2/repository/io/telicent/smart-caches/data-security-core/1.3.1-SNAPSHOT/data-security-core-1.3.1-SNAPSHOT.jar
[INFO] Installing /Users/paulgallagher/Code/smart-caches-core/data-security-parent/data-security-core/target/data-security-core-1.3.1-SNAPSHOT-tests.jar to /Users/paulgallagher/.m2/repository/io/telicent/smart-caches/data-security-core/1.3.1-SNAPSHOT/data-security-core-1.3.1-SNAPSHOT-tests.jar
[INFO] Installing /Users/paulgallagher/Code/smart-caches-core/data-security-parent/data-security-core/target/data-security-core-1.3.1-SNAPSHOT-sources.jar to /Users/paulgallagher/.m2/repository/io/telicent/smart-caches/data-security-core/1.3.1-SNAPSHOT/data-security-core-1.3.1-SNAPSHOT-sources.jar
[INFO] Installing /Users/paulgallagher/Code/smart-caches-core/data-security-parent/data-security-core/target/data-security-core-1.3.1-SNAPSHOT-javadoc.jar to /Users/paulgallagher/.m2/repository/io/telicent/smart-caches/data-security-core/1.3.1-SNAPSHOT/data-security-core-1.3.1-SNAPSHOT-javadoc.jar
[INFO] Installing /Users/paulgallagher/Code/smart-caches-core/data-security-parent/data-security-core/target/data-security-core-1.3.1-SNAPSHOT-bom.json to /Users/paulgallagher/.m2/repository/io/telicent/smart-caches/data-security-core/1.3.1-SNAPSHOT/data-security-core-1.3.1-SNAPSHOT-cyclonedx.json
[INFO] Installing /Users/paulgallagher/Code/smart-caches-core/data-security-parent/data-security-core/target/data-security-core-1.3.1-SNAPSHOT.jar.asc to /Users/paulgallagher/.m2/repository/io/telicent/smart-caches/data-security-core/1.3.1-SNAPSHOT/data-security-core-1.3.1-SNAPSHOT.jar.asc
[INFO] Installing /Users/paulgallagher/Code/smart-caches-core/data-security-parent/data-security-core/target/data-security-core-1.3.1-SNAPSHOT.pom.asc to /Users/paulgallagher/.m2/repository/io/telicent/smart-caches/data-security-core/1.3.1-SNAPSHOT/data-security-core-1.3.1-SNAPSHOT.pom.asc
[INFO] Installing /Users/paulgallagher/Code/smart-caches-core/data-security-parent/data-security-core/target/data-security-core-1.3.1-SNAPSHOT-tests.jar.asc to /Users/paulgallagher/.m2/repository/io/telicent/smart-caches/data-security-core/1.3.1-SNAPSHOT/data-security-core-1.3.1-SNAPSHOT-tests.jar.asc
[INFO] Installing /Users/paulgallagher/Code/smart-caches-core/data-security-parent/data-security-core/target/data-security-core-1.3.1-SNAPSHOT-sources.jar.asc to /Users/paulgallagher/.m2/repository/io/telicent/smart-caches/data-security-core/1.3.1-SNAPSHOT/data-security-core-1.3.1-SNAPSHOT-sources.jar.asc
[INFO] Installing /Users/paulgallagher/Code/smart-caches-core/data-security-parent/data-security-core/target/data-security-core-1.3.1-SNAPSHOT-javadoc.jar.asc to /Users/paulgallagher/.m2/repository/io/telicent/smart-caches/data-security-core/1.3.1-SNAPSHOT/data-security-core-1.3.1-SNAPSHOT-javadoc.jar.asc
[INFO] Installing /Users/paulgallagher/Code/smart-caches-core/data-security-parent/data-security-core/target/data-security-core-1.3.1-SNAPSHOT-bom.json.asc to /Users/paulgallagher/.m2/repository/io/telicent/smart-caches/data-security-core/1.3.1-SNAPSHOT/data-security-core-1.3.1-SNAPSHOT-cyclonedx.json.asc
[INFO] 
[INFO] -------------< io.telicent.smart-caches:jaxrs-base-server >-------------
[INFO] Building Telicent Smart Caches - JAX-RS Base Server 1.3.1-SNAPSHOT [14/22]
[INFO]   from jaxrs-base-server/pom.xml
[INFO] --------------------------------[ jar ]---------------------------------
[INFO] 
[INFO] --- clean:3.2.0:clean (default-clean) @ jaxrs-base-server ---
[INFO] Deleting /Users/paulgallagher/Code/smart-caches-core/jaxrs-base-server/target
[INFO] 
[INFO] --- enforcer:3.6.3:enforce (enforce-versions) @ jaxrs-base-server ---
[INFO] 
[INFO] --- license:5.1.2:check (check-licenses) @ jaxrs-base-server ---
[INFO] Checking licenses...
[INFO] License check: 104 file(s) checked (OK: 104, Missing: 0, Unknown: 0)
[INFO] 
[INFO] --- dependency:3.11.0:properties (properties) @ jaxrs-base-server ---
[INFO] 
[INFO] --- lombok:1.18.20.0:delombok (default) @ jaxrs-base-server ---
[INFO] Delombok complete.
[INFO] 
[INFO] --- buildnumber:3.3.0:create-metadata (default) @ jaxrs-base-server ---
[INFO] 
[INFO] --- resources:3.3.1:resources (default-resources) @ jaxrs-base-server ---
[INFO] Copying 2 resources from src/main/resources to target/classes
[INFO] Copying 1 resource from target/generated/build-metadata to target/classes
[INFO] 
[INFO] --- compiler:3.15.0:compile (default-compile) @ jaxrs-base-server ---
[INFO] Recompiling the module because of changed dependency.
[INFO] Compiling 45 source files with javac [debug release 21] to target/classes
[INFO] 
[INFO] --- resources:3.3.1:testResources (default-testResources) @ jaxrs-base-server ---
[INFO] Copying 3 resources from src/test/resources to target/test-classes
[INFO] 
[INFO] --- compiler:3.15.0:testCompile (default-testCompile) @ jaxrs-base-server ---
[INFO] Recompiling the module because of changed dependency.
[INFO] Compiling 58 source files with javac [debug release 21] to target/test-classes
[INFO] 
[INFO] --- jacoco:0.8.15:prepare-agent (prepare-agent) @ jaxrs-base-server ---
[INFO] argLine set to -javaagent:/Users/paulgallagher/.m2/repository/org/jacoco/org.jacoco.agent/0.8.15/org.jacoco.agent-0.8.15-runtime.jar=destfile=/Users/paulgallagher/Code/smart-caches-core/jaxrs-base-server/target/jacoco.exec,append=true,excludes=**/CrossOriginFilter.*
[INFO] 
[INFO] --- surefire:3.5.6:test (default-test) @ jaxrs-base-server ---
[INFO] Tests are skipped.
[INFO] 
[INFO] --- jar:3.5.1:jar (default-jar) @ jaxrs-base-server ---
[INFO] Building jar: /Users/paulgallagher/Code/smart-caches-core/jaxrs-base-server/target/jaxrs-base-server-1.3.1-SNAPSHOT.jar
[INFO] 
[INFO] --- jar:3.5.1:test-jar (create-test-jar) @ jaxrs-base-server ---
[INFO] Building jar: /Users/paulgallagher/Code/smart-caches-core/jaxrs-base-server/target/jaxrs-base-server-1.3.1-SNAPSHOT-tests.jar
[INFO] 
[INFO] >>> source:3.4.0:jar (attach-sources) > generate-sources @ jaxrs-base-server >>>
[INFO] 
[INFO] --- enforcer:3.6.3:enforce (enforce-versions) @ jaxrs-base-server ---
[INFO] 
[INFO] --- license:5.1.2:check (check-licenses) @ jaxrs-base-server ---
[INFO] Checking licenses...
[INFO] License check: 104 file(s) checked (OK: 104, Missing: 0, Unknown: 0)
[INFO] 
[INFO] --- dependency:3.11.0:properties (properties) @ jaxrs-base-server ---
[INFO] 
[INFO] --- lombok:1.18.20.0:delombok (default) @ jaxrs-base-server ---
[INFO] Delombok complete.
[INFO] 
[INFO] <<< source:3.4.0:jar (attach-sources) < generate-sources @ jaxrs-base-server <<<
[INFO] 
[INFO] 
[INFO] --- source:3.4.0:jar (attach-sources) @ jaxrs-base-server ---
[INFO] Building jar: /Users/paulgallagher/Code/smart-caches-core/jaxrs-base-server/target/jaxrs-base-server-1.3.1-SNAPSHOT-sources.jar
[INFO] 
[INFO] >>> source:3.4.0:test-jar (attach-test-sources) > generate-sources @ jaxrs-base-server >>>
[INFO] 
[INFO] --- enforcer:3.6.3:enforce (enforce-versions) @ jaxrs-base-server ---
[INFO] 
[INFO] --- license:5.1.2:check (check-licenses) @ jaxrs-base-server ---
[INFO] Checking licenses...
[INFO] License check: 104 file(s) checked (OK: 104, Missing: 0, Unknown: 0)
[INFO] 
[INFO] --- dependency:3.11.0:properties (properties) @ jaxrs-base-server ---
[INFO] 
[INFO] --- lombok:1.18.20.0:delombok (default) @ jaxrs-base-server ---
[INFO] Delombok complete.
[INFO] 
[INFO] <<< source:3.4.0:test-jar (attach-test-sources) < generate-sources @ jaxrs-base-server <<<
[INFO] 
[INFO] 
[INFO] --- source:3.4.0:test-jar (attach-test-sources) @ jaxrs-base-server ---
[INFO] Building jar: /Users/paulgallagher/Code/smart-caches-core/jaxrs-base-server/target/jaxrs-base-server-1.3.1-SNAPSHOT-test-sources.jar
[INFO] 
[INFO] --- javadoc:3.12.0:jar (default) @ jaxrs-base-server ---
[INFO] Building jar: /Users/paulgallagher/Code/smart-caches-core/jaxrs-base-server/target/jaxrs-base-server-1.3.1-SNAPSHOT-javadoc.jar
[INFO] 
[INFO] --- cyclonedx:2.9.3:makeAggregateBom (build-sbom-cyclonedx) @ jaxrs-base-server ---
[INFO] CycloneDX: Resolving Dependencies
[INFO] CycloneDX: Creating BOM version 1.6 with 157 component(s)
[INFO] CycloneDX: Writing and validating BOM (JSON): /Users/paulgallagher/Code/smart-caches-core/jaxrs-base-server/target/jaxrs-base-server-1.3.1-SNAPSHOT-bom.json
[INFO]            attaching as jaxrs-base-server-1.3.1-SNAPSHOT-cyclonedx.json
[INFO] 
[INFO] --- gpg:3.2.8:sign (default) @ jaxrs-base-server ---
[INFO] Signer 'gpg' is signing 7 files with key default
[INFO] 
[INFO] --- dependency:3.11.0:analyze-only (analyze) @ jaxrs-base-server ---
[WARNING] Used undeclared dependencies found:
[WARNING]    org.glassfish.jersey.core:jersey-common:jar:3.1.12:compile
[WARNING]    com.apicatalog:titanium-json-ld:jar:1.7.0:compile
[WARNING]    org.apache.commons:commons-collections4:jar:4.6.0:compile
[WARNING]    org.glassfish.hk2:hk2-api:jar:3.0.6:compile
[WARNING]    ch.qos.logback:logback-core:jar:1.6.3:provided
[WARNING] Unused declared dependencies found:
[WARNING]    org.glassfish.jersey.containers:jersey-container-grizzly2-servlet:jar:3.1.12:compile
[WARNING] Non-test scoped test only dependencies found:
[WARNING]    org.glassfish.jersey.core:jersey-common:jar:3.1.12:compile
[WARNING]    io.telicent.jena:rdf-abac-core:jar:3.1.6:compile
[WARNING]    io.telicent.public:jwt-servlet-auth-aws:jar:4.1.4:compile
[INFO] 
[INFO] --- jacoco:0.8.15:report (report) @ jaxrs-base-server ---
[INFO] Skipping JaCoCo execution due to missing execution data file.
[INFO] 
[INFO] --- jacoco:0.8.15:check (require-test-coverage) @ jaxrs-base-server ---
[INFO] Skipping JaCoCo execution because property jacoco.skip is set.
[INFO] 
[INFO] --- install:3.1.2:install (default-install) @ jaxrs-base-server ---
[INFO] Installing /Users/paulgallagher/Code/smart-caches-core/jaxrs-base-server/pom.xml to /Users/paulgallagher/.m2/repository/io/telicent/smart-caches/jaxrs-base-server/1.3.1-SNAPSHOT/jaxrs-base-server-1.3.1-SNAPSHOT.pom
[INFO] Installing /Users/paulgallagher/Code/smart-caches-core/jaxrs-base-server/target/jaxrs-base-server-1.3.1-SNAPSHOT.jar to /Users/paulgallagher/.m2/repository/io/telicent/smart-caches/jaxrs-base-server/1.3.1-SNAPSHOT/jaxrs-base-server-1.3.1-SNAPSHOT.jar
[INFO] Installing /Users/paulgallagher/Code/smart-caches-core/jaxrs-base-server/target/jaxrs-base-server-1.3.1-SNAPSHOT-tests.jar to /Users/paulgallagher/.m2/repository/io/telicent/smart-caches/jaxrs-base-server/1.3.1-SNAPSHOT/jaxrs-base-server-1.3.1-SNAPSHOT-tests.jar
[INFO] Installing /Users/paulgallagher/Code/smart-caches-core/jaxrs-base-server/target/jaxrs-base-server-1.3.1-SNAPSHOT-sources.jar to /Users/paulgallagher/.m2/repository/io/telicent/smart-caches/jaxrs-base-server/1.3.1-SNAPSHOT/jaxrs-base-server-1.3.1-SNAPSHOT-sources.jar
[INFO] Installing /Users/paulgallagher/Code/smart-caches-core/jaxrs-base-server/target/jaxrs-base-server-1.3.1-SNAPSHOT-test-sources.jar to /Users/paulgallagher/.m2/repository/io/telicent/smart-caches/jaxrs-base-server/1.3.1-SNAPSHOT/jaxrs-base-server-1.3.1-SNAPSHOT-test-sources.jar
[INFO] Installing /Users/paulgallagher/Code/smart-caches-core/jaxrs-base-server/target/jaxrs-base-server-1.3.1-SNAPSHOT-javadoc.jar to /Users/paulgallagher/.m2/repository/io/telicent/smart-caches/jaxrs-base-server/1.3.1-SNAPSHOT/jaxrs-base-server-1.3.1-SNAPSHOT-javadoc.jar
[INFO] Installing /Users/paulgallagher/Code/smart-caches-core/jaxrs-base-server/target/jaxrs-base-server-1.3.1-SNAPSHOT-bom.json to /Users/paulgallagher/.m2/repository/io/telicent/smart-caches/jaxrs-base-server/1.3.1-SNAPSHOT/jaxrs-base-server-1.3.1-SNAPSHOT-cyclonedx.json
[INFO] Installing /Users/paulgallagher/Code/smart-caches-core/jaxrs-base-server/target/jaxrs-base-server-1.3.1-SNAPSHOT.jar.asc to /Users/paulgallagher/.m2/repository/io/telicent/smart-caches/jaxrs-base-server/1.3.1-SNAPSHOT/jaxrs-base-server-1.3.1-SNAPSHOT.jar.asc
[INFO] Installing /Users/paulgallagher/Code/smart-caches-core/jaxrs-base-server/target/jaxrs-base-server-1.3.1-SNAPSHOT.pom.asc to /Users/paulgallagher/.m2/repository/io/telicent/smart-caches/jaxrs-base-server/1.3.1-SNAPSHOT/jaxrs-base-server-1.3.1-SNAPSHOT.pom.asc
[INFO] Installing /Users/paulgallagher/Code/smart-caches-core/jaxrs-base-server/target/jaxrs-base-server-1.3.1-SNAPSHOT-tests.jar.asc to /Users/paulgallagher/.m2/repository/io/telicent/smart-caches/jaxrs-base-server/1.3.1-SNAPSHOT/jaxrs-base-server-1.3.1-SNAPSHOT-tests.jar.asc
[INFO] Installing /Users/paulgallagher/Code/smart-caches-core/jaxrs-base-server/target/jaxrs-base-server-1.3.1-SNAPSHOT-sources.jar.asc to /Users/paulgallagher/.m2/repository/io/telicent/smart-caches/jaxrs-base-server/1.3.1-SNAPSHOT/jaxrs-base-server-1.3.1-SNAPSHOT-sources.jar.asc
[INFO] Installing /Users/paulgallagher/Code/smart-caches-core/jaxrs-base-server/target/jaxrs-base-server-1.3.1-SNAPSHOT-test-sources.jar.asc to /Users/paulgallagher/.m2/repository/io/telicent/smart-caches/jaxrs-base-server/1.3.1-SNAPSHOT/jaxrs-base-server-1.3.1-SNAPSHOT-test-sources.jar.asc
[INFO] Installing /Users/paulgallagher/Code/smart-caches-core/jaxrs-base-server/target/jaxrs-base-server-1.3.1-SNAPSHOT-javadoc.jar.asc to /Users/paulgallagher/.m2/repository/io/telicent/smart-caches/jaxrs-base-server/1.3.1-SNAPSHOT/jaxrs-base-server-1.3.1-SNAPSHOT-javadoc.jar.asc
[INFO] Installing /Users/paulgallagher/Code/smart-caches-core/jaxrs-base-server/target/jaxrs-base-server-1.3.1-SNAPSHOT-bom.json.asc to /Users/paulgallagher/.m2/repository/io/telicent/smart-caches/jaxrs-base-server/1.3.1-SNAPSHOT/jaxrs-base-server-1.3.1-SNAPSHOT-cyclonedx.json.asc
[INFO] 
[INFO] --------------------< io.telicent.smart-caches:cli >--------------------
[INFO] Building Telicent Smart Caches - CLI 1.3.1-SNAPSHOT              [15/22]
[INFO]   from cli/pom.xml
[INFO] --------------------------------[ pom ]---------------------------------
[INFO] 
[INFO] --- clean:3.5.0:clean (default-clean) @ cli ---
[INFO] Deleting /Users/paulgallagher/Code/smart-caches-core/cli/target
[INFO] 
[INFO] --- enforcer:3.6.3:enforce (enforce-versions) @ cli ---
[INFO] 
[INFO] --- license:5.1.2:check (check-licenses) @ cli ---
[INFO] Checking licenses...
[INFO] License check: 5 file(s) checked (OK: 5, Missing: 0, Unknown: 0)
[INFO] 
[INFO] --- lombok:1.18.20.0:delombok (default) @ cli ---
[WARNING] Skipping Delombok; no source to process.
[INFO] 
[INFO] --- buildnumber:3.3.0:create-metadata (default) @ cli ---
[INFO] 
[INFO] --- jar:3.5.1:test-jar (create-test-jar) @ cli ---
[INFO] Skipping packaging of the test-jar
[INFO] 
[INFO] >>> source:3.4.0:jar (attach-sources) > generate-sources @ cli >>>
[INFO] 
[INFO] --- enforcer:3.6.3:enforce (enforce-versions) @ cli ---
[INFO] 
[INFO] --- license:5.1.2:check (check-licenses) @ cli ---
[INFO] Checking licenses...
[INFO] License check: 5 file(s) checked (OK: 5, Missing: 0, Unknown: 0)
[INFO] 
[INFO] --- lombok:1.18.20.0:delombok (default) @ cli ---
[WARNING] Skipping Delombok; no source to process.
[INFO] 
[INFO] <<< source:3.4.0:jar (attach-sources) < generate-sources @ cli <<<
[INFO] 
[INFO] 
[INFO] --- source:3.4.0:jar (attach-sources) @ cli ---
[INFO] 
[INFO] >>> source:3.4.0:test-jar (attach-test-sources) > generate-sources @ cli >>>
[INFO] 
[INFO] --- enforcer:3.6.3:enforce (enforce-versions) @ cli ---
[INFO] 
[INFO] --- license:5.1.2:check (check-licenses) @ cli ---
[INFO] Checking licenses...
[INFO] License check: 5 file(s) checked (OK: 5, Missing: 0, Unknown: 0)
[INFO] 
[INFO] --- lombok:1.18.20.0:delombok (default) @ cli ---
[WARNING] Skipping Delombok; no source to process.
[INFO] 
[INFO] <<< source:3.4.0:test-jar (attach-test-sources) < generate-sources @ cli <<<
[INFO] 
[INFO] 
[INFO] --- source:3.4.0:test-jar (attach-test-sources) @ cli ---
[INFO] Skipping source per configuration.
[INFO] 
[INFO] --- javadoc:3.12.0:jar (default) @ cli ---
[INFO] Not executing Javadoc as the project is not a Java classpath-capable package
[INFO] 
[INFO] --- cyclonedx:2.9.3:makeAggregateBom (build-sbom-cyclonedx) @ cli ---
[INFO] CycloneDX: Resolving Dependencies
[INFO] CycloneDX: Creating BOM version 1.6 with 0 component(s)
[INFO] CycloneDX: Writing and validating BOM (JSON): /Users/paulgallagher/Code/smart-caches-core/cli/target/cli-1.3.1-SNAPSHOT-bom.json
[INFO]            attaching as cli-1.3.1-SNAPSHOT-cyclonedx.json
[INFO] 
[INFO] --- dependency:3.11.0:copy-dependencies (copy-dependencies) @ cli ---
[INFO] 
[INFO] --- dependency:3.11.0:copy-dependencies (copy-agents) @ cli ---
[INFO] 
[INFO] --- gpg:3.2.8:sign (default) @ cli ---
[INFO] Signer 'gpg' is signing 2 files with key default
[INFO] 
[INFO] --- dependency:3.11.0:analyze-only (analyze) @ cli ---
[INFO] Skipping pom project
[INFO] 
[INFO] --- install:3.1.2:install (default-install) @ cli ---
[INFO] Installing /Users/paulgallagher/Code/smart-caches-core/cli/pom.xml to /Users/paulgallagher/.m2/repository/io/telicent/smart-caches/cli/1.3.1-SNAPSHOT/cli-1.3.1-SNAPSHOT.pom
[INFO] Installing /Users/paulgallagher/Code/smart-caches-core/cli/target/cli-1.3.1-SNAPSHOT-bom.json to /Users/paulgallagher/.m2/repository/io/telicent/smart-caches/cli/1.3.1-SNAPSHOT/cli-1.3.1-SNAPSHOT-cyclonedx.json
[INFO] Installing /Users/paulgallagher/Code/smart-caches-core/cli/target/cli-1.3.1-SNAPSHOT.pom.asc to /Users/paulgallagher/.m2/repository/io/telicent/smart-caches/cli/1.3.1-SNAPSHOT/cli-1.3.1-SNAPSHOT.pom.asc
[INFO] Installing /Users/paulgallagher/Code/smart-caches-core/cli/target/cli-1.3.1-SNAPSHOT-bom.json.asc to /Users/paulgallagher/.m2/repository/io/telicent/smart-caches/cli/1.3.1-SNAPSHOT/cli-1.3.1-SNAPSHOT-cyclonedx.json.asc
[INFO] 
[INFO] -------------< io.telicent.smart-caches:cli-probe-server >--------------
[INFO] Building Telicent Smart Caches - CLI - Health Probe Server 1.3.1-SNAPSHOT [16/22]
[INFO]   from cli/cli-probe-server/pom.xml
[INFO] --------------------------------[ jar ]---------------------------------
[INFO] 
[INFO] --- clean:3.5.0:clean (default-clean) @ cli-probe-server ---
[INFO] Deleting /Users/paulgallagher/Code/smart-caches-core/cli/cli-probe-server/target
[INFO] Deleting /Users/paulgallagher/Code/smart-caches-core/cli/cli-probe-server/lib
[INFO] 
[INFO] --- enforcer:3.6.3:enforce (enforce-versions) @ cli-probe-server ---
[INFO] 
[INFO] --- license:5.1.2:check (check-licenses) @ cli-probe-server ---
[INFO] Checking licenses...
[INFO] License check: 6 file(s) checked (OK: 6, Missing: 0, Unknown: 0)
[INFO] 
[INFO] --- lombok:1.18.20.0:delombok (default) @ cli-probe-server ---
[INFO] Delombok complete.
[INFO] 
[INFO] --- buildnumber:3.3.0:create-metadata (default) @ cli-probe-server ---
[INFO] 
[INFO] --- resources:3.3.1:resources (default-resources) @ cli-probe-server ---
[INFO] skip non existing resourceDirectory /Users/paulgallagher/Code/smart-caches-core/cli/cli-probe-server/src/main/resources
[INFO] Copying 1 resource from target/generated/build-metadata to target/classes
[INFO] 
[INFO] --- compiler:3.15.0:compile (default-compile) @ cli-probe-server ---
[INFO] Recompiling the module because of changed dependency.
[INFO] Compiling 3 source files with javac [debug release 21] to target/classes
[INFO] 
[INFO] --- resources:3.3.1:testResources (default-testResources) @ cli-probe-server ---
[INFO] Copying 2 resources from src/test/resources to target/test-classes
[INFO] 
[INFO] --- compiler:3.15.0:testCompile (default-testCompile) @ cli-probe-server ---
[INFO] Recompiling the module because of changed dependency.
[INFO] Compiling 1 source file with javac [debug release 21] to target/test-classes
[INFO] 
[INFO] --- jacoco:0.8.15:prepare-agent (prepare-agent) @ cli-probe-server ---
[INFO] argLine set to -javaagent:/Users/paulgallagher/.m2/repository/org/jacoco/org.jacoco.agent/0.8.15/org.jacoco.agent-0.8.15-runtime.jar=destfile=/Users/paulgallagher/Code/smart-caches-core/cli/cli-probe-server/target/jacoco.exec,append=true
[INFO] 
[INFO] --- surefire:3.5.6:test (default-test) @ cli-probe-server ---
[INFO] Tests are skipped.
[INFO] 
[INFO] --- jar:3.5.1:jar (default-jar) @ cli-probe-server ---
[INFO] Building jar: /Users/paulgallagher/Code/smart-caches-core/cli/cli-probe-server/target/cli-probe-server-1.3.1-SNAPSHOT.jar
[INFO] 
[INFO] --- jar:3.5.1:test-jar (create-test-jar) @ cli-probe-server ---
[INFO] Skipping packaging of the test-jar
[INFO] 
[INFO] >>> source:3.4.0:jar (attach-sources) > generate-sources @ cli-probe-server >>>
[INFO] 
[INFO] --- enforcer:3.6.3:enforce (enforce-versions) @ cli-probe-server ---
[INFO] 
[INFO] --- license:5.1.2:check (check-licenses) @ cli-probe-server ---
[INFO] Checking licenses...
[INFO] License check: 6 file(s) checked (OK: 6, Missing: 0, Unknown: 0)
[INFO] 
[INFO] --- lombok:1.18.20.0:delombok (default) @ cli-probe-server ---
[INFO] Delombok complete.
[INFO] 
[INFO] <<< source:3.4.0:jar (attach-sources) < generate-sources @ cli-probe-server <<<
[INFO] 
[INFO] 
[INFO] --- source:3.4.0:jar (attach-sources) @ cli-probe-server ---
[INFO] Building jar: /Users/paulgallagher/Code/smart-caches-core/cli/cli-probe-server/target/cli-probe-server-1.3.1-SNAPSHOT-sources.jar
[INFO] 
[INFO] >>> source:3.4.0:test-jar (attach-test-sources) > generate-sources @ cli-probe-server >>>
[INFO] 
[INFO] --- enforcer:3.6.3:enforce (enforce-versions) @ cli-probe-server ---
[INFO] 
[INFO] --- license:5.1.2:check (check-licenses) @ cli-probe-server ---
[INFO] Checking licenses...
[INFO] License check: 6 file(s) checked (OK: 6, Missing: 0, Unknown: 0)
[INFO] 
[INFO] --- lombok:1.18.20.0:delombok (default) @ cli-probe-server ---
[INFO] Delombok complete.
[INFO] 
[INFO] <<< source:3.4.0:test-jar (attach-test-sources) < generate-sources @ cli-probe-server <<<
[INFO] 
[INFO] 
[INFO] --- source:3.4.0:test-jar (attach-test-sources) @ cli-probe-server ---
[INFO] Skipping source per configuration.
[INFO] 
[INFO] --- javadoc:3.12.0:jar (default) @ cli-probe-server ---
[INFO] Building jar: /Users/paulgallagher/Code/smart-caches-core/cli/cli-probe-server/target/cli-probe-server-1.3.1-SNAPSHOT-javadoc.jar
[INFO] 
[INFO] --- cyclonedx:2.9.3:makeAggregateBom (build-sbom-cyclonedx) @ cli-probe-server ---
[INFO] CycloneDX: Resolving Dependencies
[INFO] CycloneDX: Creating BOM version 1.6 with 156 component(s)
[INFO] CycloneDX: Writing and validating BOM (JSON): /Users/paulgallagher/Code/smart-caches-core/cli/cli-probe-server/target/cli-probe-server-1.3.1-SNAPSHOT-bom.json
[INFO]            attaching as cli-probe-server-1.3.1-SNAPSHOT-cyclonedx.json
[INFO] 
[INFO] --- dependency:3.11.0:copy-dependencies (copy-dependencies) @ cli-probe-server ---
[INFO] 
[INFO] --- dependency:3.11.0:copy-dependencies (copy-agents) @ cli-probe-server ---
[INFO] 
[INFO] --- gpg:3.2.8:sign (default) @ cli-probe-server ---
[INFO] Signer 'gpg' is signing 5 files with key default
[INFO] 
[INFO] --- dependency:3.11.0:analyze-only (analyze) @ cli-probe-server ---
[INFO] No dependency problems found
[INFO] 
[INFO] --- jacoco:0.8.15:report (report) @ cli-probe-server ---
[INFO] Skipping JaCoCo execution due to missing execution data file.
[INFO] 
[INFO] --- jacoco:0.8.15:check (require-test-coverage) @ cli-probe-server ---
[INFO] Skipping JaCoCo execution because property jacoco.skip is set.
[INFO] 
[INFO] --- install:3.1.2:install (default-install) @ cli-probe-server ---
[INFO] Installing /Users/paulgallagher/Code/smart-caches-core/cli/cli-probe-server/pom.xml to /Users/paulgallagher/.m2/repository/io/telicent/smart-caches/cli-probe-server/1.3.1-SNAPSHOT/cli-probe-server-1.3.1-SNAPSHOT.pom
[INFO] Installing /Users/paulgallagher/Code/smart-caches-core/cli/cli-probe-server/target/cli-probe-server-1.3.1-SNAPSHOT.jar to /Users/paulgallagher/.m2/repository/io/telicent/smart-caches/cli-probe-server/1.3.1-SNAPSHOT/cli-probe-server-1.3.1-SNAPSHOT.jar
[INFO] Installing /Users/paulgallagher/Code/smart-caches-core/cli/cli-probe-server/target/cli-probe-server-1.3.1-SNAPSHOT-sources.jar to /Users/paulgallagher/.m2/repository/io/telicent/smart-caches/cli-probe-server/1.3.1-SNAPSHOT/cli-probe-server-1.3.1-SNAPSHOT-sources.jar
[INFO] Installing /Users/paulgallagher/Code/smart-caches-core/cli/cli-probe-server/target/cli-probe-server-1.3.1-SNAPSHOT-javadoc.jar to /Users/paulgallagher/.m2/repository/io/telicent/smart-caches/cli-probe-server/1.3.1-SNAPSHOT/cli-probe-server-1.3.1-SNAPSHOT-javadoc.jar
[INFO] Installing /Users/paulgallagher/Code/smart-caches-core/cli/cli-probe-server/target/cli-probe-server-1.3.1-SNAPSHOT-bom.json to /Users/paulgallagher/.m2/repository/io/telicent/smart-caches/cli-probe-server/1.3.1-SNAPSHOT/cli-probe-server-1.3.1-SNAPSHOT-cyclonedx.json
[INFO] Installing /Users/paulgallagher/Code/smart-caches-core/cli/cli-probe-server/target/cli-probe-server-1.3.1-SNAPSHOT.jar.asc to /Users/paulgallagher/.m2/repository/io/telicent/smart-caches/cli-probe-server/1.3.1-SNAPSHOT/cli-probe-server-1.3.1-SNAPSHOT.jar.asc
[INFO] Installing /Users/paulgallagher/Code/smart-caches-core/cli/cli-probe-server/target/cli-probe-server-1.3.1-SNAPSHOT.pom.asc to /Users/paulgallagher/.m2/repository/io/telicent/smart-caches/cli-probe-server/1.3.1-SNAPSHOT/cli-probe-server-1.3.1-SNAPSHOT.pom.asc
[INFO] Installing /Users/paulgallagher/Code/smart-caches-core/cli/cli-probe-server/target/cli-probe-server-1.3.1-SNAPSHOT-sources.jar.asc to /Users/paulgallagher/.m2/repository/io/telicent/smart-caches/cli-probe-server/1.3.1-SNAPSHOT/cli-probe-server-1.3.1-SNAPSHOT-sources.jar.asc
[INFO] Installing /Users/paulgallagher/Code/smart-caches-core/cli/cli-probe-server/target/cli-probe-server-1.3.1-SNAPSHOT-javadoc.jar.asc to /Users/paulgallagher/.m2/repository/io/telicent/smart-caches/cli-probe-server/1.3.1-SNAPSHOT/cli-probe-server-1.3.1-SNAPSHOT-javadoc.jar.asc
[INFO] Installing /Users/paulgallagher/Code/smart-caches-core/cli/cli-probe-server/target/cli-probe-server-1.3.1-SNAPSHOT-bom.json.asc to /Users/paulgallagher/.m2/repository/io/telicent/smart-caches/cli-probe-server/1.3.1-SNAPSHOT/cli-probe-server-1.3.1-SNAPSHOT-cyclonedx.json.asc
[INFO] 
[INFO] --------------< io.telicent.smart-caches:action-tracker >---------------
[INFO] Building Telicent Smart Caches - Action Tracker 1.3.1-SNAPSHOT   [17/22]
[INFO]   from action-tracker/pom.xml
[INFO] --------------------------------[ jar ]---------------------------------
[INFO] 
[INFO] --- clean:3.2.0:clean (default-clean) @ action-tracker ---
[INFO] Deleting /Users/paulgallagher/Code/smart-caches-core/action-tracker/target
[INFO] 
[INFO] --- enforcer:3.6.3:enforce (enforce-versions) @ action-tracker ---
[INFO] 
[INFO] --- license:5.1.2:check (check-licenses) @ action-tracker ---
[INFO] Checking licenses...
[INFO] License check: 24 file(s) checked (OK: 24, Missing: 0, Unknown: 0)
[INFO] 
[INFO] --- lombok:1.18.20.0:delombok (default) @ action-tracker ---
[INFO] Delombok complete.
[INFO] 
[INFO] --- buildnumber:3.3.0:create-metadata (default) @ action-tracker ---
[INFO] 
[INFO] --- resources:3.3.1:resources (default-resources) @ action-tracker ---
[INFO] skip non existing resourceDirectory /Users/paulgallagher/Code/smart-caches-core/action-tracker/src/main/resources
[INFO] Copying 1 resource from target/generated/build-metadata to target/classes
[INFO] 
[INFO] --- compiler:3.15.0:compile (default-compile) @ action-tracker ---
[INFO] Recompiling the module because of changed dependency.
[INFO] Compiling 11 source files with javac [debug release 21] to target/classes
[INFO] 
[INFO] --- resources:3.3.1:testResources (default-testResources) @ action-tracker ---
[INFO] Copying 2 resources from src/test/resources to target/test-classes
[INFO] 
[INFO] --- compiler:3.15.0:testCompile (default-testCompile) @ action-tracker ---
[INFO] Recompiling the module because of changed dependency.
[INFO] Compiling 11 source files with javac [debug release 21] to target/test-classes
[INFO] 
[INFO] --- jacoco:0.8.15:prepare-agent (prepare-agent) @ action-tracker ---
[INFO] argLine set to -javaagent:/Users/paulgallagher/.m2/repository/org/jacoco/org.jacoco.agent/0.8.15/org.jacoco.agent-0.8.15-runtime.jar=destfile=/Users/paulgallagher/Code/smart-caches-core/action-tracker/target/jacoco.exec,append=true
[INFO] 
[INFO] --- surefire:3.5.6:test (default-test) @ action-tracker ---
[INFO] Tests are skipped.
[INFO] 
[INFO] --- jar:3.5.1:jar (default-jar) @ action-tracker ---
[INFO] Building jar: /Users/paulgallagher/Code/smart-caches-core/action-tracker/target/action-tracker-1.3.1-SNAPSHOT.jar
[INFO] 
[INFO] --- jar:3.5.1:test-jar (create-test-jar) @ action-tracker ---
[INFO] Skipping packaging of the test-jar
[INFO] 
[INFO] >>> source:3.4.0:jar (attach-sources) > generate-sources @ action-tracker >>>
[INFO] 
[INFO] --- enforcer:3.6.3:enforce (enforce-versions) @ action-tracker ---
[INFO] 
[INFO] --- license:5.1.2:check (check-licenses) @ action-tracker ---
[INFO] Checking licenses...
[INFO] License check: 24 file(s) checked (OK: 24, Missing: 0, Unknown: 0)
[INFO] 
[INFO] --- lombok:1.18.20.0:delombok (default) @ action-tracker ---
[INFO] Delombok complete.
[INFO] 
[INFO] <<< source:3.4.0:jar (attach-sources) < generate-sources @ action-tracker <<<
[INFO] 
[INFO] 
[INFO] --- source:3.4.0:jar (attach-sources) @ action-tracker ---
[INFO] Building jar: /Users/paulgallagher/Code/smart-caches-core/action-tracker/target/action-tracker-1.3.1-SNAPSHOT-sources.jar
[INFO] 
[INFO] >>> source:3.4.0:test-jar (attach-test-sources) > generate-sources @ action-tracker >>>
[INFO] 
[INFO] --- enforcer:3.6.3:enforce (enforce-versions) @ action-tracker ---
[INFO] 
[INFO] --- license:5.1.2:check (check-licenses) @ action-tracker ---
[INFO] Checking licenses...
[INFO] License check: 24 file(s) checked (OK: 24, Missing: 0, Unknown: 0)
[INFO] 
[INFO] --- lombok:1.18.20.0:delombok (default) @ action-tracker ---
[INFO] Delombok complete.
[INFO] 
[INFO] <<< source:3.4.0:test-jar (attach-test-sources) < generate-sources @ action-tracker <<<
[INFO] 
[INFO] 
[INFO] --- source:3.4.0:test-jar (attach-test-sources) @ action-tracker ---
[INFO] Skipping source per configuration.
[INFO] 
[INFO] --- javadoc:3.12.0:jar (default) @ action-tracker ---
[INFO] Building jar: /Users/paulgallagher/Code/smart-caches-core/action-tracker/target/action-tracker-1.3.1-SNAPSHOT-javadoc.jar
[INFO] 
[INFO] --- cyclonedx:2.9.3:makeAggregateBom (build-sbom-cyclonedx) @ action-tracker ---
[INFO] CycloneDX: Resolving Dependencies
[INFO] CycloneDX: Creating BOM version 1.6 with 49 component(s)
[INFO] CycloneDX: Writing and validating BOM (JSON): /Users/paulgallagher/Code/smart-caches-core/action-tracker/target/action-tracker-1.3.1-SNAPSHOT-bom.json
[INFO]            attaching as action-tracker-1.3.1-SNAPSHOT-cyclonedx.json
[INFO] 
[INFO] --- gpg:3.2.8:sign (default) @ action-tracker ---
[INFO] Signer 'gpg' is signing 5 files with key default
[INFO] 
[INFO] --- jacoco:0.8.15:report (report) @ action-tracker ---
[INFO] Skipping JaCoCo execution due to missing execution data file.
[INFO] 
[INFO] --- jacoco:0.8.15:check (require-test-coverage) @ action-tracker ---
[INFO] Skipping JaCoCo execution because property jacoco.skip is set.
[INFO] 
[INFO] --- install:3.1.2:install (default-install) @ action-tracker ---
[INFO] Installing /Users/paulgallagher/Code/smart-caches-core/action-tracker/pom.xml to /Users/paulgallagher/.m2/repository/io/telicent/smart-caches/action-tracker/1.3.1-SNAPSHOT/action-tracker-1.3.1-SNAPSHOT.pom
[INFO] Installing /Users/paulgallagher/Code/smart-caches-core/action-tracker/target/action-tracker-1.3.1-SNAPSHOT.jar to /Users/paulgallagher/.m2/repository/io/telicent/smart-caches/action-tracker/1.3.1-SNAPSHOT/action-tracker-1.3.1-SNAPSHOT.jar
[INFO] Installing /Users/paulgallagher/Code/smart-caches-core/action-tracker/target/action-tracker-1.3.1-SNAPSHOT-sources.jar to /Users/paulgallagher/.m2/repository/io/telicent/smart-caches/action-tracker/1.3.1-SNAPSHOT/action-tracker-1.3.1-SNAPSHOT-sources.jar
[INFO] Installing /Users/paulgallagher/Code/smart-caches-core/action-tracker/target/action-tracker-1.3.1-SNAPSHOT-javadoc.jar to /Users/paulgallagher/.m2/repository/io/telicent/smart-caches/action-tracker/1.3.1-SNAPSHOT/action-tracker-1.3.1-SNAPSHOT-javadoc.jar
[INFO] Installing /Users/paulgallagher/Code/smart-caches-core/action-tracker/target/action-tracker-1.3.1-SNAPSHOT-bom.json to /Users/paulgallagher/.m2/repository/io/telicent/smart-caches/action-tracker/1.3.1-SNAPSHOT/action-tracker-1.3.1-SNAPSHOT-cyclonedx.json
[INFO] Installing /Users/paulgallagher/Code/smart-caches-core/action-tracker/target/action-tracker-1.3.1-SNAPSHOT.jar.asc to /Users/paulgallagher/.m2/repository/io/telicent/smart-caches/action-tracker/1.3.1-SNAPSHOT/action-tracker-1.3.1-SNAPSHOT.jar.asc
[INFO] Installing /Users/paulgallagher/Code/smart-caches-core/action-tracker/target/action-tracker-1.3.1-SNAPSHOT.pom.asc to /Users/paulgallagher/.m2/repository/io/telicent/smart-caches/action-tracker/1.3.1-SNAPSHOT/action-tracker-1.3.1-SNAPSHOT.pom.asc
[INFO] Installing /Users/paulgallagher/Code/smart-caches-core/action-tracker/target/action-tracker-1.3.1-SNAPSHOT-sources.jar.asc to /Users/paulgallagher/.m2/repository/io/telicent/smart-caches/action-tracker/1.3.1-SNAPSHOT/action-tracker-1.3.1-SNAPSHOT-sources.jar.asc
[INFO] Installing /Users/paulgallagher/Code/smart-caches-core/action-tracker/target/action-tracker-1.3.1-SNAPSHOT-javadoc.jar.asc to /Users/paulgallagher/.m2/repository/io/telicent/smart-caches/action-tracker/1.3.1-SNAPSHOT/action-tracker-1.3.1-SNAPSHOT-javadoc.jar.asc
[INFO] Installing /Users/paulgallagher/Code/smart-caches-core/action-tracker/target/action-tracker-1.3.1-SNAPSHOT-bom.json.asc to /Users/paulgallagher/.m2/repository/io/telicent/smart-caches/action-tracker/1.3.1-SNAPSHOT/action-tracker-1.3.1-SNAPSHOT-cyclonedx.json.asc
[INFO] 
[INFO] -----------------< io.telicent.smart-caches:cli-core >------------------
[INFO] Building Telicent Smart Caches - CLI - Core API 1.3.1-SNAPSHOT   [18/22]
[INFO]   from cli/cli-core/pom.xml
[INFO] --------------------------------[ jar ]---------------------------------
[INFO] 
[INFO] --- clean:3.5.0:clean (default-clean) @ cli-core ---
[INFO] Deleting /Users/paulgallagher/Code/smart-caches-core/cli/cli-core/target
[INFO] Deleting /Users/paulgallagher/Code/smart-caches-core/cli/cli-core/lib
[INFO] 
[INFO] --- enforcer:3.6.3:enforce (enforce-versions) @ cli-core ---
[INFO] 
[INFO] --- license:5.1.2:check (check-licenses) @ cli-core ---
[INFO] Checking licenses...
[INFO] License check: 61 file(s) checked (OK: 61, Missing: 0, Unknown: 0)
[INFO] 
[INFO] --- dependency:3.11.0:properties (properties) @ cli-core ---
[INFO] 
[INFO] --- lombok:1.18.20.0:delombok (default) @ cli-core ---
[INFO] Delombok complete.
[INFO] 
[INFO] --- buildnumber:3.3.0:create-metadata (default) @ cli-core ---
[INFO] 
[INFO] --- resources:3.3.1:resources (default-resources) @ cli-core ---
[INFO] Copying 2 resources from src/main/resources to target/classes
[INFO] Copying 1 resource from target/generated/build-metadata to target/classes
[INFO] 
[INFO] --- compiler:3.15.0:compile (default-compile) @ cli-core ---
[INFO] Recompiling the module because of changed dependency.
[INFO] Compiling 22 source files with javac [debug release 21] to target/classes
[INFO] 
[INFO] --- resources:3.3.1:testResources (default-testResources) @ cli-core ---
[INFO] Copying 2 resources from src/test/resources to target/test-classes
[INFO] 
[INFO] --- compiler:3.15.0:testCompile (default-testCompile) @ cli-core ---
[INFO] Recompiling the module because of changed dependency.
[INFO] Compiling 36 source files with javac [debug release 21] to target/test-classes
[INFO] /Users/paulgallagher/Code/smart-caches-core/cli/cli-core/src/test/java/io/telicent/smart/cache/cli/commands/TestSmartCacheCommand.java: /Users/paulgallagher/Code/smart-caches-core/cli/cli-core/src/test/java/io/telicent/smart/cache/cli/commands/TestSmartCacheCommand.java uses unchecked or unsafe operations.
[INFO] /Users/paulgallagher/Code/smart-caches-core/cli/cli-core/src/test/java/io/telicent/smart/cache/cli/commands/TestSmartCacheCommand.java: Recompile with -Xlint:unchecked for details.
[INFO] 
[INFO] --- jacoco:0.8.15:prepare-agent (prepare-agent) @ cli-core ---
[INFO] argLine set to -javaagent:/Users/paulgallagher/.m2/repository/org/jacoco/org.jacoco.agent/0.8.15/org.jacoco.agent-0.8.15-runtime.jar=destfile=/Users/paulgallagher/Code/smart-caches-core/cli/cli-core/target/jacoco.exec,append=true
[INFO] 
[INFO] --- surefire:3.5.6:test (default-test) @ cli-core ---
[INFO] Tests are skipped.
[INFO] 
[INFO] --- jar:3.5.1:jar (default-jar) @ cli-core ---
[INFO] Building jar: /Users/paulgallagher/Code/smart-caches-core/cli/cli-core/target/cli-core-1.3.1-SNAPSHOT.jar
[INFO] 
[INFO] --- jar:3.5.1:test-jar (create-test-jar) @ cli-core ---
[INFO] Building jar: /Users/paulgallagher/Code/smart-caches-core/cli/cli-core/target/cli-core-1.3.1-SNAPSHOT-tests.jar
[INFO] 
[INFO] >>> source:3.4.0:jar (attach-sources) > generate-sources @ cli-core >>>
[INFO] 
[INFO] --- enforcer:3.6.3:enforce (enforce-versions) @ cli-core ---
[INFO] 
[INFO] --- license:5.1.2:check (check-licenses) @ cli-core ---
[INFO] Checking licenses...
[INFO] License check: 61 file(s) checked (OK: 61, Missing: 0, Unknown: 0)
[INFO] 
[INFO] --- dependency:3.11.0:properties (properties) @ cli-core ---
[INFO] 
[INFO] --- lombok:1.18.20.0:delombok (default) @ cli-core ---
[INFO] Delombok complete.
[INFO] 
[INFO] <<< source:3.4.0:jar (attach-sources) < generate-sources @ cli-core <<<
[INFO] 
[INFO] 
[INFO] --- source:3.4.0:jar (attach-sources) @ cli-core ---
[INFO] Building jar: /Users/paulgallagher/Code/smart-caches-core/cli/cli-core/target/cli-core-1.3.1-SNAPSHOT-sources.jar
[INFO] 
[INFO] >>> source:3.4.0:test-jar (attach-test-sources) > generate-sources @ cli-core >>>
[INFO] 
[INFO] --- enforcer:3.6.3:enforce (enforce-versions) @ cli-core ---
[INFO] 
[INFO] --- license:5.1.2:check (check-licenses) @ cli-core ---
[INFO] Checking licenses...
[INFO] License check: 61 file(s) checked (OK: 61, Missing: 0, Unknown: 0)
[INFO] 
[INFO] --- dependency:3.11.0:properties (properties) @ cli-core ---
[INFO] 
[INFO] --- lombok:1.18.20.0:delombok (default) @ cli-core ---
[INFO] Delombok complete.
[INFO] 
[INFO] <<< source:3.4.0:test-jar (attach-test-sources) < generate-sources @ cli-core <<<
[INFO] 
[INFO] 
[INFO] --- source:3.4.0:test-jar (attach-test-sources) @ cli-core ---
[INFO] Building jar: /Users/paulgallagher/Code/smart-caches-core/cli/cli-core/target/cli-core-1.3.1-SNAPSHOT-test-sources.jar
[INFO] 
[INFO] --- javadoc:3.12.0:jar (default) @ cli-core ---
[INFO] Building jar: /Users/paulgallagher/Code/smart-caches-core/cli/cli-core/target/cli-core-1.3.1-SNAPSHOT-javadoc.jar
[INFO] 
[INFO] --- cyclonedx:2.9.3:makeAggregateBom (build-sbom-cyclonedx) @ cli-core ---
[INFO] CycloneDX: Resolving Dependencies
[INFO] CycloneDX: Creating BOM version 1.6 with 164 component(s)
[INFO] CycloneDX: Writing and validating BOM (JSON): /Users/paulgallagher/Code/smart-caches-core/cli/cli-core/target/cli-core-1.3.1-SNAPSHOT-bom.json
[INFO]            attaching as cli-core-1.3.1-SNAPSHOT-cyclonedx.json
[INFO] 
[INFO] --- dependency:3.11.0:copy-dependencies (copy-dependencies) @ cli-core ---
[INFO] 
[INFO] --- dependency:3.11.0:copy-dependencies (copy-agents) @ cli-core ---
[INFO] 
[INFO] --- gpg:3.2.8:sign (default) @ cli-core ---
[INFO] Signer 'gpg' is signing 7 files with key default
[INFO] 
[INFO] --- jacoco:0.8.15:report (report) @ cli-core ---
[INFO] Skipping JaCoCo execution due to missing execution data file.
[INFO] 
[INFO] --- jacoco:0.8.15:check (require-test-coverage) @ cli-core ---
[INFO] Skipping JaCoCo execution because property jacoco.skip is set.
[INFO] 
[INFO] --- dependency:3.11.0:analyze-only (analyze) @ cli-core ---
[WARNING] Used undeclared dependencies found:
[WARNING]    org.apache.jena:jena-base:jar:6.2.0:compile
[WARNING] Unused declared dependencies found:
[WARNING]    at.yawk.lz4:lz4-java:jar:1.11.2:compile
[WARNING]    org.awaitility:awaitility:jar:4.3.0:test
[WARNING] Non-test scoped test only dependencies found:
[WARNING]    org.apache.jena:jena-base:jar:6.2.0:compile
[INFO] 
[INFO] --- install:3.1.2:install (default-install) @ cli-core ---
[INFO] Installing /Users/paulgallagher/Code/smart-caches-core/cli/cli-core/pom.xml to /Users/paulgallagher/.m2/repository/io/telicent/smart-caches/cli-core/1.3.1-SNAPSHOT/cli-core-1.3.1-SNAPSHOT.pom
[INFO] Installing /Users/paulgallagher/Code/smart-caches-core/cli/cli-core/target/cli-core-1.3.1-SNAPSHOT.jar to /Users/paulgallagher/.m2/repository/io/telicent/smart-caches/cli-core/1.3.1-SNAPSHOT/cli-core-1.3.1-SNAPSHOT.jar
[INFO] Installing /Users/paulgallagher/Code/smart-caches-core/cli/cli-core/target/cli-core-1.3.1-SNAPSHOT-tests.jar to /Users/paulgallagher/.m2/repository/io/telicent/smart-caches/cli-core/1.3.1-SNAPSHOT/cli-core-1.3.1-SNAPSHOT-tests.jar
[INFO] Installing /Users/paulgallagher/Code/smart-caches-core/cli/cli-core/target/cli-core-1.3.1-SNAPSHOT-sources.jar to /Users/paulgallagher/.m2/repository/io/telicent/smart-caches/cli-core/1.3.1-SNAPSHOT/cli-core-1.3.1-SNAPSHOT-sources.jar
[INFO] Installing /Users/paulgallagher/Code/smart-caches-core/cli/cli-core/target/cli-core-1.3.1-SNAPSHOT-test-sources.jar to /Users/paulgallagher/.m2/repository/io/telicent/smart-caches/cli-core/1.3.1-SNAPSHOT/cli-core-1.3.1-SNAPSHOT-test-sources.jar
[INFO] Installing /Users/paulgallagher/Code/smart-caches-core/cli/cli-core/target/cli-core-1.3.1-SNAPSHOT-javadoc.jar to /Users/paulgallagher/.m2/repository/io/telicent/smart-caches/cli-core/1.3.1-SNAPSHOT/cli-core-1.3.1-SNAPSHOT-javadoc.jar
[INFO] Installing /Users/paulgallagher/Code/smart-caches-core/cli/cli-core/target/cli-core-1.3.1-SNAPSHOT-bom.json to /Users/paulgallagher/.m2/repository/io/telicent/smart-caches/cli-core/1.3.1-SNAPSHOT/cli-core-1.3.1-SNAPSHOT-cyclonedx.json
[INFO] Installing /Users/paulgallagher/Code/smart-caches-core/cli/cli-core/target/cli-core-1.3.1-SNAPSHOT.jar.asc to /Users/paulgallagher/.m2/repository/io/telicent/smart-caches/cli-core/1.3.1-SNAPSHOT/cli-core-1.3.1-SNAPSHOT.jar.asc
[INFO] Installing /Users/paulgallagher/Code/smart-caches-core/cli/cli-core/target/cli-core-1.3.1-SNAPSHOT.pom.asc to /Users/paulgallagher/.m2/repository/io/telicent/smart-caches/cli-core/1.3.1-SNAPSHOT/cli-core-1.3.1-SNAPSHOT.pom.asc
[INFO] Installing /Users/paulgallagher/Code/smart-caches-core/cli/cli-core/target/cli-core-1.3.1-SNAPSHOT-tests.jar.asc to /Users/paulgallagher/.m2/repository/io/telicent/smart-caches/cli-core/1.3.1-SNAPSHOT/cli-core-1.3.1-SNAPSHOT-tests.jar.asc
[INFO] Installing /Users/paulgallagher/Code/smart-caches-core/cli/cli-core/target/cli-core-1.3.1-SNAPSHOT-sources.jar.asc to /Users/paulgallagher/.m2/repository/io/telicent/smart-caches/cli-core/1.3.1-SNAPSHOT/cli-core-1.3.1-SNAPSHOT-sources.jar.asc
[INFO] Installing /Users/paulgallagher/Code/smart-caches-core/cli/cli-core/target/cli-core-1.3.1-SNAPSHOT-test-sources.jar.asc to /Users/paulgallagher/.m2/repository/io/telicent/smart-caches/cli-core/1.3.1-SNAPSHOT/cli-core-1.3.1-SNAPSHOT-test-sources.jar.asc
[INFO] Installing /Users/paulgallagher/Code/smart-caches-core/cli/cli-core/target/cli-core-1.3.1-SNAPSHOT-javadoc.jar.asc to /Users/paulgallagher/.m2/repository/io/telicent/smart-caches/cli-core/1.3.1-SNAPSHOT/cli-core-1.3.1-SNAPSHOT-javadoc.jar.asc
[INFO] Installing /Users/paulgallagher/Code/smart-caches-core/cli/cli-core/target/cli-core-1.3.1-SNAPSHOT-bom.json.asc to /Users/paulgallagher/.m2/repository/io/telicent/smart-caches/cli-core/1.3.1-SNAPSHOT/cli-core-1.3.1-SNAPSHOT-cyclonedx.json.asc
[INFO] 
[INFO] -----------------< io.telicent.smart-caches:cli-debug >-----------------
[INFO] Building Telicent Smart Caches - CLI - Debug Tools 1.3.1-SNAPSHOT [19/22]
[INFO]   from cli/cli-debug/pom.xml
[INFO] --------------------------------[ jar ]---------------------------------
[INFO] 
[INFO] --- clean:3.5.0:clean (default-clean) @ cli-debug ---
[INFO] Deleting /Users/paulgallagher/Code/smart-caches-core/cli/cli-debug/target
[INFO] Deleting /Users/paulgallagher/Code/smart-caches-core/cli/cli-debug/lib
[INFO] Deleting /Users/paulgallagher/Code/smart-caches-core/cli/cli-debug/agents
[INFO] 
[INFO] --- enforcer:3.6.3:enforce (enforce-versions) @ cli-debug ---
[INFO] 
[INFO] --- license:5.1.2:check (check-licenses) @ cli-debug ---
[INFO] Checking licenses...
[INFO] License check: 24 file(s) checked (OK: 24, Missing: 0, Unknown: 0)
[INFO] 
[INFO] --- lombok:1.18.20.0:delombok (default) @ cli-debug ---
[INFO] Delombok complete.
[INFO] 
[INFO] --- buildnumber:3.3.0:create-metadata (default) @ cli-debug ---
[INFO] 
[INFO] --- resources:3.3.1:resources (default-resources) @ cli-debug ---
[INFO] Copying 1 resource from src/main/resources to target/classes
[INFO] Copying 1 resource from target/generated/build-metadata to target/classes
[INFO] 
[INFO] --- compiler:3.15.0:compile (default-compile) @ cli-debug ---
[INFO] Recompiling the module because of changed dependency.
[INFO] Compiling 5 source files with javac [debug release 21] to target/classes
[INFO] 
[INFO] --- dependency:3.11.0:unpack-dependencies (unpack-certs-helper) @ cli-debug ---
[INFO] 
[INFO] --- resources:3.3.1:testResources (default-testResources) @ cli-debug ---
[INFO] Copying 2 resources from src/test/resources to target/test-classes
[INFO] 
[INFO] --- exec:3.6.3:exec (generate-test-ssl-certs) @ cli-debug ---
[INFO] skipping execute as per configuration
[INFO] 
[INFO] --- compiler:3.15.0:testCompile (default-testCompile) @ cli-debug ---
[INFO] Recompiling the module because of changed dependency.
[INFO] Compiling 15 source files with javac [debug release 21] to target/test-classes
[INFO] 
[INFO] --- jacoco:0.8.15:prepare-agent (prepare-agent) @ cli-debug ---
[INFO] argLine set to -javaagent:/Users/paulgallagher/.m2/repository/org/jacoco/org.jacoco.agent/0.8.15/org.jacoco.agent-0.8.15-runtime.jar=destfile=/Users/paulgallagher/Code/smart-caches-core/cli/cli-debug/target/jacoco.exec,append=true
[INFO] 
[INFO] --- surefire:3.5.6:test (default-test) @ cli-debug ---
[INFO] Tests are skipped.
[INFO] 
[INFO] --- jar:3.5.1:jar (default-jar) @ cli-debug ---
[INFO] Building jar: /Users/paulgallagher/Code/smart-caches-core/cli/cli-debug/target/cli-debug-1.3.1-SNAPSHOT.jar
[INFO] 
[INFO] --- jar:3.5.1:test-jar (create-test-jar) @ cli-debug ---
[INFO] Skipping packaging of the test-jar
[INFO] 
[INFO] >>> source:3.4.0:jar (attach-sources) > generate-sources @ cli-debug >>>
[INFO] 
[INFO] --- enforcer:3.6.3:enforce (enforce-versions) @ cli-debug ---
[INFO] 
[INFO] --- license:5.1.2:check (check-licenses) @ cli-debug ---
[INFO] Checking licenses...
[INFO] License check: 24 file(s) checked (OK: 24, Missing: 0, Unknown: 0)
[INFO] 
[INFO] --- lombok:1.18.20.0:delombok (default) @ cli-debug ---
[INFO] Delombok complete.
[INFO] 
[INFO] <<< source:3.4.0:jar (attach-sources) < generate-sources @ cli-debug <<<
[INFO] 
[INFO] 
[INFO] --- source:3.4.0:jar (attach-sources) @ cli-debug ---
[INFO] Building jar: /Users/paulgallagher/Code/smart-caches-core/cli/cli-debug/target/cli-debug-1.3.1-SNAPSHOT-sources.jar
[INFO] 
[INFO] >>> source:3.4.0:test-jar (attach-test-sources) > generate-sources @ cli-debug >>>
[INFO] 
[INFO] --- enforcer:3.6.3:enforce (enforce-versions) @ cli-debug ---
[INFO] 
[INFO] --- license:5.1.2:check (check-licenses) @ cli-debug ---
[INFO] Checking licenses...
[INFO] License check: 24 file(s) checked (OK: 24, Missing: 0, Unknown: 0)
[INFO] 
[INFO] --- lombok:1.18.20.0:delombok (default) @ cli-debug ---
[INFO] Delombok complete.
[INFO] 
[INFO] <<< source:3.4.0:test-jar (attach-test-sources) < generate-sources @ cli-debug <<<
[INFO] 
[INFO] 
[INFO] --- source:3.4.0:test-jar (attach-test-sources) @ cli-debug ---
[INFO] Skipping source per configuration.
[INFO] 
[INFO] --- javadoc:3.12.0:jar (default) @ cli-debug ---
[INFO] Building jar: /Users/paulgallagher/Code/smart-caches-core/cli/cli-debug/target/cli-debug-1.3.1-SNAPSHOT-javadoc.jar
[INFO] 
[INFO] --- cyclonedx:2.9.3:makeAggregateBom (build-sbom-cyclonedx) @ cli-debug ---
[INFO] CycloneDX: Resolving Dependencies
[INFO] CycloneDX: Creating BOM version 1.6 with 166 component(s)
[INFO] CycloneDX: Writing and validating BOM (JSON): /Users/paulgallagher/Code/smart-caches-core/cli/cli-debug/target/cli-debug-1.3.1-SNAPSHOT-bom.json
[INFO]            attaching as cli-debug-1.3.1-SNAPSHOT-cyclonedx.json
[INFO] 
[INFO] --- dependency:3.11.0:copy-dependencies (copy-dependencies) @ cli-debug ---
[INFO] 
[INFO] --- dependency:3.11.0:copy-dependencies (copy-agents) @ cli-debug ---
[INFO] 
[INFO] --- failsafe:3.5.6:integration-test (default) @ cli-debug ---
[INFO] Tests are skipped.
[INFO] 
[INFO] --- gpg:3.2.8:sign (default) @ cli-debug ---
[INFO] Signer 'gpg' is signing 5 files with key default
[INFO] 
[INFO] --- jacoco:0.8.15:report (report) @ cli-debug ---
[INFO] Skipping JaCoCo execution due to missing execution data file.
[INFO] 
[INFO] --- jacoco:0.8.15:check (require-test-coverage) @ cli-debug ---
[INFO] Skipping JaCoCo execution because property jacoco.skip is set.
[INFO] 
[INFO] --- dependency:3.11.0:analyze-only (analyze) @ cli-debug ---
[WARNING] Used undeclared dependencies found:
[WARNING]    io.telicent.smart-caches:event-source-file:jar:1.3.1-SNAPSHOT:compile
[WARNING]    jakarta.ws.rs:jakarta.ws.rs-api:jar:3.1.0:compile
[WARNING] Unused declared dependencies found:
[WARNING]    at.yawk.lz4:lz4-java:jar:1.11.2:compile
[WARNING] Non-test scoped test only dependencies found:
[WARNING]    io.telicent.smart-caches:projector-driver:jar:1.3.1-SNAPSHOT:compile
[WARNING]    org.slf4j:slf4j-api:jar:2.0.18:compile
[WARNING]    ch.qos.logback:logback-classic:jar:1.6.3:compile
[WARNING]    io.telicent.smart-caches:event-source-file:jar:1.3.1-SNAPSHOT:compile
[WARNING]    org.apache.commons:commons-lang3:jar:3.20.0:compile
[INFO] 
[INFO] --- failsafe:3.5.6:verify (default) @ cli-debug ---
[INFO] Tests are skipped.
[INFO] 
[INFO] --- install:3.1.2:install (default-install) @ cli-debug ---
[INFO] Installing /Users/paulgallagher/Code/smart-caches-core/cli/cli-debug/pom.xml to /Users/paulgallagher/.m2/repository/io/telicent/smart-caches/cli-debug/1.3.1-SNAPSHOT/cli-debug-1.3.1-SNAPSHOT.pom
[INFO] Installing /Users/paulgallagher/Code/smart-caches-core/cli/cli-debug/target/cli-debug-1.3.1-SNAPSHOT.jar to /Users/paulgallagher/.m2/repository/io/telicent/smart-caches/cli-debug/1.3.1-SNAPSHOT/cli-debug-1.3.1-SNAPSHOT.jar
[INFO] Installing /Users/paulgallagher/Code/smart-caches-core/cli/cli-debug/target/cli-debug-1.3.1-SNAPSHOT-sources.jar to /Users/paulgallagher/.m2/repository/io/telicent/smart-caches/cli-debug/1.3.1-SNAPSHOT/cli-debug-1.3.1-SNAPSHOT-sources.jar
[INFO] Installing /Users/paulgallagher/Code/smart-caches-core/cli/cli-debug/target/cli-debug-1.3.1-SNAPSHOT-javadoc.jar to /Users/paulgallagher/.m2/repository/io/telicent/smart-caches/cli-debug/1.3.1-SNAPSHOT/cli-debug-1.3.1-SNAPSHOT-javadoc.jar
[INFO] Installing /Users/paulgallagher/Code/smart-caches-core/cli/cli-debug/target/cli-debug-1.3.1-SNAPSHOT-bom.json to /Users/paulgallagher/.m2/repository/io/telicent/smart-caches/cli-debug/1.3.1-SNAPSHOT/cli-debug-1.3.1-SNAPSHOT-cyclonedx.json
[INFO] Installing /Users/paulgallagher/Code/smart-caches-core/cli/cli-debug/target/cli-debug-1.3.1-SNAPSHOT.jar.asc to /Users/paulgallagher/.m2/repository/io/telicent/smart-caches/cli-debug/1.3.1-SNAPSHOT/cli-debug-1.3.1-SNAPSHOT.jar.asc
[INFO] Installing /Users/paulgallagher/Code/smart-caches-core/cli/cli-debug/target/cli-debug-1.3.1-SNAPSHOT.pom.asc to /Users/paulgallagher/.m2/repository/io/telicent/smart-caches/cli-debug/1.3.1-SNAPSHOT/cli-debug-1.3.1-SNAPSHOT.pom.asc
[INFO] Installing /Users/paulgallagher/Code/smart-caches-core/cli/cli-debug/target/cli-debug-1.3.1-SNAPSHOT-sources.jar.asc to /Users/paulgallagher/.m2/repository/io/telicent/smart-caches/cli-debug/1.3.1-SNAPSHOT/cli-debug-1.3.1-SNAPSHOT-sources.jar.asc
[INFO] Installing /Users/paulgallagher/Code/smart-caches-core/cli/cli-debug/target/cli-debug-1.3.1-SNAPSHOT-javadoc.jar.asc to /Users/paulgallagher/.m2/repository/io/telicent/smart-caches/cli-debug/1.3.1-SNAPSHOT/cli-debug-1.3.1-SNAPSHOT-javadoc.jar.asc
[INFO] Installing /Users/paulgallagher/Code/smart-caches-core/cli/cli-debug/target/cli-debug-1.3.1-SNAPSHOT-bom.json.asc to /Users/paulgallagher/.m2/repository/io/telicent/smart-caches/cli-debug/1.3.1-SNAPSHOT/cli-debug-1.3.1-SNAPSHOT-cyclonedx.json.asc
[INFO] 
[INFO] -------< io.telicent.smart-caches:data-security-plugin-rdf-abac >-------
[INFO] Building Telicent Smart Caches - Data Security Plugins - RDF ABAC Implementation 1.3.1-SNAPSHOT [20/22]
[INFO]   from data-security-parent/data-security-plugin-rdf-abac/pom.xml
[INFO] --------------------------------[ jar ]---------------------------------
[INFO] 
[INFO] --- clean:3.2.0:clean (default-clean) @ data-security-plugin-rdf-abac ---
[INFO] Deleting /Users/paulgallagher/Code/smart-caches-core/data-security-parent/data-security-plugin-rdf-abac/target
[INFO] 
[INFO] --- enforcer:3.6.3:enforce (enforce-versions) @ data-security-plugin-rdf-abac ---
[INFO] 
[INFO] --- license:5.1.2:check (check-licenses) @ data-security-plugin-rdf-abac ---
[INFO] Checking licenses...
[INFO] License check: 32 file(s) checked (OK: 32, Missing: 0, Unknown: 0)
[INFO] 
[INFO] --- dependency:3.11.0:properties (properties) @ data-security-plugin-rdf-abac ---
[INFO] 
[INFO] --- lombok:1.18.20.0:delombok (default) @ data-security-plugin-rdf-abac ---
[INFO] Delombok complete.
[INFO] 
[INFO] --- buildnumber:3.3.0:create-metadata (default) @ data-security-plugin-rdf-abac ---
[INFO] 
[INFO] --- resources:3.3.1:resources (default-resources) @ data-security-plugin-rdf-abac ---
[INFO] skip non existing resourceDirectory /Users/paulgallagher/Code/smart-caches-core/data-security-parent/data-security-plugin-rdf-abac/src/main/resources
[INFO] Copying 1 resource from target/generated/build-metadata to target/classes
[INFO] 
[INFO] --- compiler:3.15.0:compile (default-compile) @ data-security-plugin-rdf-abac ---
[INFO] Recompiling the module because of changed dependency.
[INFO] Compiling 15 source files with javac [debug release 21] to target/classes
[INFO] /Users/paulgallagher/Code/smart-caches-core/data-security-parent/data-security-plugin-rdf-abac/src/main/java/io/telicent/smart/cache/security/data/plugins/rdf/abac/RdfAbacLabelsBackup.java: Some input files use or override a deprecated API.
[INFO] /Users/paulgallagher/Code/smart-caches-core/data-security-parent/data-security-plugin-rdf-abac/src/main/java/io/telicent/smart/cache/security/data/plugins/rdf/abac/RdfAbacLabelsBackup.java: Recompile with -Xlint:deprecation for details.
[INFO] 
[INFO] --- resources:3.3.1:testResources (default-testResources) @ data-security-plugin-rdf-abac ---
[INFO] Copying 2 resources from src/test/resources to target/test-classes
[INFO] 
[INFO] --- compiler:3.15.0:testCompile (default-testCompile) @ data-security-plugin-rdf-abac ---
[INFO] Recompiling the module because of changed dependency.
[INFO] Compiling 15 source files with javac [debug release 21] to target/test-classes
[INFO] /Users/paulgallagher/Code/smart-caches-core/data-security-parent/data-security-plugin-rdf-abac/src/test/java/io/telicent/smart/cache/security/data/plugins/rdf/abac/TestRdfAbacLabelsRestore.java: /Users/paulgallagher/Code/smart-caches-core/data-security-parent/data-security-plugin-rdf-abac/src/test/java/io/telicent/smart/cache/security/data/plugins/rdf/abac/TestRdfAbacLabelsRestore.java uses or overrides a deprecated API.
[INFO] /Users/paulgallagher/Code/smart-caches-core/data-security-parent/data-security-plugin-rdf-abac/src/test/java/io/telicent/smart/cache/security/data/plugins/rdf/abac/TestRdfAbacLabelsRestore.java: Recompile with -Xlint:deprecation for details.
[INFO] 
[INFO] --- jacoco:0.8.15:prepare-agent (prepare-agent) @ data-security-plugin-rdf-abac ---
[INFO] argLine set to -javaagent:/Users/paulgallagher/.m2/repository/org/jacoco/org.jacoco.agent/0.8.15/org.jacoco.agent-0.8.15-runtime.jar=destfile=/Users/paulgallagher/Code/smart-caches-core/data-security-parent/data-security-plugin-rdf-abac/target/jacoco.exec,append=true
[INFO] 
[INFO] --- surefire:3.5.6:test (default-test) @ data-security-plugin-rdf-abac ---
[INFO] Tests are skipped.
[INFO] 
[INFO] --- jar:3.5.1:jar (default-jar) @ data-security-plugin-rdf-abac ---
[INFO] Building jar: /Users/paulgallagher/Code/smart-caches-core/data-security-parent/data-security-plugin-rdf-abac/target/data-security-plugin-rdf-abac-1.3.1-SNAPSHOT.jar
[INFO] 
[INFO] --- jar:3.5.1:test-jar (create-test-jar) @ data-security-plugin-rdf-abac ---
[INFO] Skipping packaging of the test-jar
[INFO] 
[INFO] >>> source:3.4.0:jar (attach-sources) > generate-sources @ data-security-plugin-rdf-abac >>>
[INFO] 
[INFO] --- enforcer:3.6.3:enforce (enforce-versions) @ data-security-plugin-rdf-abac ---
[INFO] 
[INFO] --- license:5.1.2:check (check-licenses) @ data-security-plugin-rdf-abac ---
[INFO] Checking licenses...
[INFO] License check: 32 file(s) checked (OK: 32, Missing: 0, Unknown: 0)
[INFO] 
[INFO] --- dependency:3.11.0:properties (properties) @ data-security-plugin-rdf-abac ---
[INFO] 
[INFO] --- lombok:1.18.20.0:delombok (default) @ data-security-plugin-rdf-abac ---
[INFO] Delombok complete.
[INFO] 
[INFO] <<< source:3.4.0:jar (attach-sources) < generate-sources @ data-security-plugin-rdf-abac <<<
[INFO] 
[INFO] 
[INFO] --- source:3.4.0:jar (attach-sources) @ data-security-plugin-rdf-abac ---
[INFO] Building jar: /Users/paulgallagher/Code/smart-caches-core/data-security-parent/data-security-plugin-rdf-abac/target/data-security-plugin-rdf-abac-1.3.1-SNAPSHOT-sources.jar
[INFO] 
[INFO] >>> source:3.4.0:test-jar (attach-test-sources) > generate-sources @ data-security-plugin-rdf-abac >>>
[INFO] 
[INFO] --- enforcer:3.6.3:enforce (enforce-versions) @ data-security-plugin-rdf-abac ---
[INFO] 
[INFO] --- license:5.1.2:check (check-licenses) @ data-security-plugin-rdf-abac ---
[INFO] Checking licenses...
[INFO] License check: 32 file(s) checked (OK: 32, Missing: 0, Unknown: 0)
[INFO] 
[INFO] --- dependency:3.11.0:properties (properties) @ data-security-plugin-rdf-abac ---
[INFO] 
[INFO] --- lombok:1.18.20.0:delombok (default) @ data-security-plugin-rdf-abac ---
[INFO] Delombok complete.
[INFO] 
[INFO] <<< source:3.4.0:test-jar (attach-test-sources) < generate-sources @ data-security-plugin-rdf-abac <<<
[INFO] 
[INFO] 
[INFO] --- source:3.4.0:test-jar (attach-test-sources) @ data-security-plugin-rdf-abac ---
[INFO] Skipping source per configuration.
[INFO] 
[INFO] --- javadoc:3.12.0:jar (default) @ data-security-plugin-rdf-abac ---
[INFO] Building jar: /Users/paulgallagher/Code/smart-caches-core/data-security-parent/data-security-plugin-rdf-abac/target/data-security-plugin-rdf-abac-1.3.1-SNAPSHOT-javadoc.jar
[INFO] 
[INFO] --- cyclonedx:2.9.3:makeAggregateBom (build-sbom-cyclonedx) @ data-security-plugin-rdf-abac ---
[INFO] CycloneDX: Resolving Dependencies
[INFO] CycloneDX: Creating BOM version 1.6 with 123 component(s)
[INFO] CycloneDX: Writing and validating BOM (JSON): /Users/paulgallagher/Code/smart-caches-core/data-security-parent/data-security-plugin-rdf-abac/target/data-security-plugin-rdf-abac-1.3.1-SNAPSHOT-bom.json
[INFO]            attaching as data-security-plugin-rdf-abac-1.3.1-SNAPSHOT-cyclonedx.json
[INFO] 
[INFO] --- gpg:3.2.8:sign (default) @ data-security-plugin-rdf-abac ---
[INFO] Signer 'gpg' is signing 5 files with key default
[INFO] 
[INFO] --- jacoco:0.8.15:report (report) @ data-security-plugin-rdf-abac ---
[INFO] Skipping JaCoCo execution due to missing execution data file.
[INFO] 
[INFO] --- jacoco:0.8.15:check (require-test-coverage) @ data-security-plugin-rdf-abac ---
[INFO] Skipping JaCoCo execution because property jacoco.skip is set.
[INFO] 
[INFO] --- dependency:3.11.0:analyze-only (analyze) @ data-security-plugin-rdf-abac ---
[WARNING] Used undeclared dependencies found:
[WARNING]    io.telicent.smart-caches:event-sources-core:jar:1.2.2:compile
[WARNING]    org.apache.jena:jena-fuseki-core:jar:6.2.0:compile
[WARNING]    org.apache.jena:jena-rdfpatch:jar:6.2.0:compile
[WARNING]    org.apache.kafka:kafka-clients:jar:3.9.2:compile
[WARNING]    org.apache.commons:commons-collections4:jar:4.6.0:compile
[WARNING]    io.telicent.smart-caches:observability-core:jar:1.3.1-SNAPSHOT:compile
[WARNING]    io.telicent.jena:jena-kafka-connector:jar:3.2.1:compile
[WARNING]    org.apache.jena:jena-arq:jar:6.2.0:compile
[WARNING]    com.github.ben-manes.caffeine:caffeine:jar:3.2.4:compile
[WARNING]    org.apache.jena:jena-core:jar:6.2.0:compile
[WARNING]    org.slf4j:slf4j-api:jar:2.0.18:compile
[WARNING]    io.telicent.smart-caches:jwt-auth-common:jar:1.3.1-SNAPSHOT:provided
[WARNING]    org.apache.commons:commons-lang3:jar:3.20.0:compile
[WARNING]    io.telicent.smart-caches.storage:common:jar:0.14.0:compile
[WARNING]    io.jsonwebtoken:jjwt-api:jar:0.13.0:provided
[WARNING]    io.telicent.smart-caches:configurator:jar:1.3.1-SNAPSHOT:compile
[WARNING]    org.apache.jena:jena-base:jar:6.2.0:compile
[WARNING] Unused declared dependencies found:
[WARNING]    io.telicent.jena:jena-fuseki-kafka-module:jar:3.2.1:compile
[WARNING]    ch.qos.logback:logback-classic:jar:1.6.3:test
[WARNING] Non-test scoped test only dependencies found:
[WARNING]    org.testng:testng:jar:7.12.0:compile
[INFO] 
[INFO] --- install:3.1.2:install (default-install) @ data-security-plugin-rdf-abac ---
[INFO] Installing /Users/paulgallagher/Code/smart-caches-core/data-security-parent/data-security-plugin-rdf-abac/pom.xml to /Users/paulgallagher/.m2/repository/io/telicent/smart-caches/data-security-plugin-rdf-abac/1.3.1-SNAPSHOT/data-security-plugin-rdf-abac-1.3.1-SNAPSHOT.pom
[INFO] Installing /Users/paulgallagher/Code/smart-caches-core/data-security-parent/data-security-plugin-rdf-abac/target/data-security-plugin-rdf-abac-1.3.1-SNAPSHOT.jar to /Users/paulgallagher/.m2/repository/io/telicent/smart-caches/data-security-plugin-rdf-abac/1.3.1-SNAPSHOT/data-security-plugin-rdf-abac-1.3.1-SNAPSHOT.jar
[INFO] Installing /Users/paulgallagher/Code/smart-caches-core/data-security-parent/data-security-plugin-rdf-abac/target/data-security-plugin-rdf-abac-1.3.1-SNAPSHOT-sources.jar to /Users/paulgallagher/.m2/repository/io/telicent/smart-caches/data-security-plugin-rdf-abac/1.3.1-SNAPSHOT/data-security-plugin-rdf-abac-1.3.1-SNAPSHOT-sources.jar
[INFO] Installing /Users/paulgallagher/Code/smart-caches-core/data-security-parent/data-security-plugin-rdf-abac/target/data-security-plugin-rdf-abac-1.3.1-SNAPSHOT-javadoc.jar to /Users/paulgallagher/.m2/repository/io/telicent/smart-caches/data-security-plugin-rdf-abac/1.3.1-SNAPSHOT/data-security-plugin-rdf-abac-1.3.1-SNAPSHOT-javadoc.jar
[INFO] Installing /Users/paulgallagher/Code/smart-caches-core/data-security-parent/data-security-plugin-rdf-abac/target/data-security-plugin-rdf-abac-1.3.1-SNAPSHOT-bom.json to /Users/paulgallagher/.m2/repository/io/telicent/smart-caches/data-security-plugin-rdf-abac/1.3.1-SNAPSHOT/data-security-plugin-rdf-abac-1.3.1-SNAPSHOT-cyclonedx.json
[INFO] Installing /Users/paulgallagher/Code/smart-caches-core/data-security-parent/data-security-plugin-rdf-abac/target/data-security-plugin-rdf-abac-1.3.1-SNAPSHOT.jar.asc to /Users/paulgallagher/.m2/repository/io/telicent/smart-caches/data-security-plugin-rdf-abac/1.3.1-SNAPSHOT/data-security-plugin-rdf-abac-1.3.1-SNAPSHOT.jar.asc
[INFO] Installing /Users/paulgallagher/Code/smart-caches-core/data-security-parent/data-security-plugin-rdf-abac/target/data-security-plugin-rdf-abac-1.3.1-SNAPSHOT.pom.asc to /Users/paulgallagher/.m2/repository/io/telicent/smart-caches/data-security-plugin-rdf-abac/1.3.1-SNAPSHOT/data-security-plugin-rdf-abac-1.3.1-SNAPSHOT.pom.asc
[INFO] Installing /Users/paulgallagher/Code/smart-caches-core/data-security-parent/data-security-plugin-rdf-abac/target/data-security-plugin-rdf-abac-1.3.1-SNAPSHOT-sources.jar.asc to /Users/paulgallagher/.m2/repository/io/telicent/smart-caches/data-security-plugin-rdf-abac/1.3.1-SNAPSHOT/data-security-plugin-rdf-abac-1.3.1-SNAPSHOT-sources.jar.asc
[INFO] Installing /Users/paulgallagher/Code/smart-caches-core/data-security-parent/data-security-plugin-rdf-abac/target/data-security-plugin-rdf-abac-1.3.1-SNAPSHOT-javadoc.jar.asc to /Users/paulgallagher/.m2/repository/io/telicent/smart-caches/data-security-plugin-rdf-abac/1.3.1-SNAPSHOT/data-security-plugin-rdf-abac-1.3.1-SNAPSHOT-javadoc.jar.asc
[INFO] Installing /Users/paulgallagher/Code/smart-caches-core/data-security-parent/data-security-plugin-rdf-abac/target/data-security-plugin-rdf-abac-1.3.1-SNAPSHOT-bom.json.asc to /Users/paulgallagher/.m2/repository/io/telicent/smart-caches/data-security-plugin-rdf-abac/1.3.1-SNAPSHOT/data-security-plugin-rdf-abac-1.3.1-SNAPSHOT-cyclonedx.json.asc
[INFO] 
[INFO] --< io.telicent.smart-caches:data-security-plugin-rdf-abac-registration >--
[INFO] Building Telicent Smart Caches - Data Security Plugins - RDF ABAC Registration 1.3.1-SNAPSHOT [21/22]
[INFO]   from data-security-parent/data-security-plugin-rdf-abac-registration/pom.xml
[INFO] --------------------------------[ jar ]---------------------------------
[INFO] 
[INFO] --- clean:3.2.0:clean (default-clean) @ data-security-plugin-rdf-abac-registration ---
[INFO] Deleting /Users/paulgallagher/Code/smart-caches-core/data-security-parent/data-security-plugin-rdf-abac-registration/target
[INFO] 
[INFO] --- enforcer:3.6.3:enforce (enforce-versions) @ data-security-plugin-rdf-abac-registration ---
[INFO] 
[INFO] --- license:5.1.2:check (check-licenses) @ data-security-plugin-rdf-abac-registration ---
[INFO] Checking licenses...
[INFO] License check: 2 file(s) checked (OK: 2, Missing: 0, Unknown: 0)
[INFO] 
[INFO] --- lombok:1.18.20.0:delombok (default) @ data-security-plugin-rdf-abac-registration ---
[WARNING] Skipping Delombok; no source to process.
[INFO] 
[INFO] --- buildnumber:3.3.0:create-metadata (default) @ data-security-plugin-rdf-abac-registration ---
[INFO] 
[INFO] --- resources:3.3.1:resources (default-resources) @ data-security-plugin-rdf-abac-registration ---
[INFO] Copying 1 resource from src/main/resources to target/classes
[INFO] Copying 1 resource from target/generated/build-metadata to target/classes
[INFO] 
[INFO] --- compiler:3.15.0:compile (default-compile) @ data-security-plugin-rdf-abac-registration ---
[INFO] No sources to compile
[INFO] 
[INFO] --- resources:3.3.1:testResources (default-testResources) @ data-security-plugin-rdf-abac-registration ---
[INFO] Copying 1 resource from src/test/resources to target/test-classes
[INFO] 
[INFO] --- compiler:3.15.0:testCompile (default-testCompile) @ data-security-plugin-rdf-abac-registration ---
[INFO] Recompiling the module because of changed dependency.
[INFO] Compiling 1 source file with javac [debug release 21] to target/test-classes
[INFO] 
[INFO] --- surefire:3.2.5:test (default-test) @ data-security-plugin-rdf-abac-registration ---
[INFO] Tests are skipped.
[INFO] 
[INFO] --- jar:3.5.1:jar (default-jar) @ data-security-plugin-rdf-abac-registration ---
[INFO] Building jar: /Users/paulgallagher/Code/smart-caches-core/data-security-parent/data-security-plugin-rdf-abac-registration/target/data-security-plugin-rdf-abac-registration-1.3.1-SNAPSHOT.jar
[INFO] 
[INFO] --- jar:3.5.1:test-jar (create-test-jar) @ data-security-plugin-rdf-abac-registration ---
[INFO] Skipping packaging of the test-jar
[INFO] 
[INFO] >>> source:3.4.0:jar (attach-sources) > generate-sources @ data-security-plugin-rdf-abac-registration >>>
[INFO] 
[INFO] --- enforcer:3.6.3:enforce (enforce-versions) @ data-security-plugin-rdf-abac-registration ---
[INFO] 
[INFO] --- license:5.1.2:check (check-licenses) @ data-security-plugin-rdf-abac-registration ---
[INFO] Checking licenses...
[INFO] License check: 2 file(s) checked (OK: 2, Missing: 0, Unknown: 0)
[INFO] 
[INFO] --- lombok:1.18.20.0:delombok (default) @ data-security-plugin-rdf-abac-registration ---
[WARNING] Skipping Delombok; no source to process.
[INFO] 
[INFO] <<< source:3.4.0:jar (attach-sources) < generate-sources @ data-security-plugin-rdf-abac-registration <<<
[INFO] 
[INFO] 
[INFO] --- source:3.4.0:jar (attach-sources) @ data-security-plugin-rdf-abac-registration ---
[INFO] Building jar: /Users/paulgallagher/Code/smart-caches-core/data-security-parent/data-security-plugin-rdf-abac-registration/target/data-security-plugin-rdf-abac-registration-1.3.1-SNAPSHOT-sources.jar
[INFO] 
[INFO] >>> source:3.4.0:test-jar (attach-test-sources) > generate-sources @ data-security-plugin-rdf-abac-registration >>>
[INFO] 
[INFO] --- enforcer:3.6.3:enforce (enforce-versions) @ data-security-plugin-rdf-abac-registration ---
[INFO] 
[INFO] --- license:5.1.2:check (check-licenses) @ data-security-plugin-rdf-abac-registration ---
[INFO] Checking licenses...
[INFO] License check: 2 file(s) checked (OK: 2, Missing: 0, Unknown: 0)
[INFO] 
[INFO] --- lombok:1.18.20.0:delombok (default) @ data-security-plugin-rdf-abac-registration ---
[WARNING] Skipping Delombok; no source to process.
[INFO] 
[INFO] <<< source:3.4.0:test-jar (attach-test-sources) < generate-sources @ data-security-plugin-rdf-abac-registration <<<
[INFO] 
[INFO] 
[INFO] --- source:3.4.0:test-jar (attach-test-sources) @ data-security-plugin-rdf-abac-registration ---
[INFO] Skipping source per configuration.
[INFO] 
[INFO] --- javadoc:3.12.0:jar (default) @ data-security-plugin-rdf-abac-registration ---
[INFO] No Javadoc in project. Archive not created.
[INFO] 
[INFO] --- cyclonedx:2.9.3:makeAggregateBom (build-sbom-cyclonedx) @ data-security-plugin-rdf-abac-registration ---
[INFO] CycloneDX: Resolving Dependencies
[INFO] CycloneDX: Creating BOM version 1.6 with 126 component(s)
[INFO] CycloneDX: Writing and validating BOM (JSON): /Users/paulgallagher/Code/smart-caches-core/data-security-parent/data-security-plugin-rdf-abac-registration/target/data-security-plugin-rdf-abac-registration-1.3.1-SNAPSHOT-bom.json
[INFO]            attaching as data-security-plugin-rdf-abac-registration-1.3.1-SNAPSHOT-cyclonedx.json
[INFO] 
[INFO] --- gpg:3.2.8:sign (default) @ data-security-plugin-rdf-abac-registration ---
[INFO] Signer 'gpg' is signing 4 files with key default
[INFO] 
[INFO] --- install:3.1.2:install (default-install) @ data-security-plugin-rdf-abac-registration ---
[INFO] Installing /Users/paulgallagher/Code/smart-caches-core/data-security-parent/data-security-plugin-rdf-abac-registration/pom.xml to /Users/paulgallagher/.m2/repository/io/telicent/smart-caches/data-security-plugin-rdf-abac-registration/1.3.1-SNAPSHOT/data-security-plugin-rdf-abac-registration-1.3.1-SNAPSHOT.pom
[INFO] Installing /Users/paulgallagher/Code/smart-caches-core/data-security-parent/data-security-plugin-rdf-abac-registration/target/data-security-plugin-rdf-abac-registration-1.3.1-SNAPSHOT.jar to /Users/paulgallagher/.m2/repository/io/telicent/smart-caches/data-security-plugin-rdf-abac-registration/1.3.1-SNAPSHOT/data-security-plugin-rdf-abac-registration-1.3.1-SNAPSHOT.jar
[INFO] Installing /Users/paulgallagher/Code/smart-caches-core/data-security-parent/data-security-plugin-rdf-abac-registration/target/data-security-plugin-rdf-abac-registration-1.3.1-SNAPSHOT-sources.jar to /Users/paulgallagher/.m2/repository/io/telicent/smart-caches/data-security-plugin-rdf-abac-registration/1.3.1-SNAPSHOT/data-security-plugin-rdf-abac-registration-1.3.1-SNAPSHOT-sources.jar
[INFO] Installing /Users/paulgallagher/Code/smart-caches-core/data-security-parent/data-security-plugin-rdf-abac-registration/target/data-security-plugin-rdf-abac-registration-1.3.1-SNAPSHOT-bom.json to /Users/paulgallagher/.m2/repository/io/telicent/smart-caches/data-security-plugin-rdf-abac-registration/1.3.1-SNAPSHOT/data-security-plugin-rdf-abac-registration-1.3.1-SNAPSHOT-cyclonedx.json
[INFO] Installing /Users/paulgallagher/Code/smart-caches-core/data-security-parent/data-security-plugin-rdf-abac-registration/target/data-security-plugin-rdf-abac-registration-1.3.1-SNAPSHOT.jar.asc to /Users/paulgallagher/.m2/repository/io/telicent/smart-caches/data-security-plugin-rdf-abac-registration/1.3.1-SNAPSHOT/data-security-plugin-rdf-abac-registration-1.3.1-SNAPSHOT.jar.asc
[INFO] Installing /Users/paulgallagher/Code/smart-caches-core/data-security-parent/data-security-plugin-rdf-abac-registration/target/data-security-plugin-rdf-abac-registration-1.3.1-SNAPSHOT.pom.asc to /Users/paulgallagher/.m2/repository/io/telicent/smart-caches/data-security-plugin-rdf-abac-registration/1.3.1-SNAPSHOT/data-security-plugin-rdf-abac-registration-1.3.1-SNAPSHOT.pom.asc
[INFO] Installing /Users/paulgallagher/Code/smart-caches-core/data-security-parent/data-security-plugin-rdf-abac-registration/target/data-security-plugin-rdf-abac-registration-1.3.1-SNAPSHOT-sources.jar.asc to /Users/paulgallagher/.m2/repository/io/telicent/smart-caches/data-security-plugin-rdf-abac-registration/1.3.1-SNAPSHOT/data-security-plugin-rdf-abac-registration-1.3.1-SNAPSHOT-sources.jar.asc
[INFO] Installing /Users/paulgallagher/Code/smart-caches-core/data-security-parent/data-security-plugin-rdf-abac-registration/target/data-security-plugin-rdf-abac-registration-1.3.1-SNAPSHOT-bom.json.asc to /Users/paulgallagher/.m2/repository/io/telicent/smart-caches/data-security-plugin-rdf-abac-registration/1.3.1-SNAPSHOT/data-security-plugin-rdf-abac-registration-1.3.1-SNAPSHOT-cyclonedx.json.asc
[INFO] 
[INFO] ----------------< io.telicent.smart-caches:benchmarks >-----------------
[INFO] Building Telicent Smart Caches - Core Benchmarks 1.3.1-SNAPSHOT  [22/22]
[INFO]   from benchmarks/pom.xml
[INFO] --------------------------------[ jar ]---------------------------------
[INFO] 
[INFO] --- clean:3.2.0:clean (default-clean) @ benchmarks ---
[INFO] Deleting /Users/paulgallagher/Code/smart-caches-core/benchmarks/target
[INFO] 
[INFO] --- enforcer:3.6.3:enforce (enforce-versions) @ benchmarks ---
[INFO] 
[INFO] --- license:5.1.2:check (check-licenses) @ benchmarks ---
[INFO] Checking licenses...
[INFO] License check: 2 file(s) checked (OK: 2, Missing: 0, Unknown: 0)
[INFO] 
[INFO] --- lombok:1.18.20.0:delombok (default) @ benchmarks ---
[INFO] Delombok complete.
[INFO] 
[INFO] --- buildnumber:3.3.0:create-metadata (default) @ benchmarks ---
[INFO] 
[INFO] --- resources:3.3.1:resources (default-resources) @ benchmarks ---
[INFO] skip non existing resourceDirectory /Users/paulgallagher/Code/smart-caches-core/benchmarks/src/main/resources
[INFO] Copying 1 resource from target/generated/build-metadata to target/classes
[INFO] 
[INFO] --- compiler:3.15.0:compile (default-compile) @ benchmarks ---
[INFO] Recompiling the module because of changed dependency.
[INFO] Compiling 2 source files with javac [debug release 21] to target/classes
[INFO] 
[INFO] --- resources:3.3.1:testResources (default-testResources) @ benchmarks ---
[INFO] skip non existing resourceDirectory /Users/paulgallagher/Code/smart-caches-core/benchmarks/src/test/resources
[INFO] 
[INFO] --- compiler:3.15.0:testCompile (default-testCompile) @ benchmarks ---
[INFO] No sources to compile
[INFO] 
[INFO] --- surefire:3.2.5:test (default-test) @ benchmarks ---
[INFO] Tests are skipped.
[INFO] 
[INFO] --- jar:3.5.1:jar (default-jar) @ benchmarks ---
[INFO] Building jar: /Users/paulgallagher/Code/smart-caches-core/benchmarks/target/benchmarks-1.3.1-SNAPSHOT.jar
[INFO] 
[INFO] --- shade:3.6.2:shade (default) @ benchmarks ---
[INFO] Dependency-reduced POM written at: /Users/paulgallagher/Code/smart-caches-core/benchmarks/dependency-reduced-pom.xml
[WARNING] jackson-core-2.22.2.jar, jackson-core-3.2.2.jar define 3 overlapping resources: 
[WARNING]   - META-INF/FastDoubleParser-LICENSE
[WARNING]   - META-INF/FastDoubleParser-ThirdParty-LICENSE
[WARNING]   - META-INF/Schubfach-LICENSE
[WARNING] maven-shade-plugin has detected that some files are
[WARNING] present in two or more JARs. When this happens, only one
[WARNING] single version of the file is copied to the uber jar.
[WARNING] Usually this is not harmful and you can skip these warnings,
[WARNING] otherwise try to manually exclude artifacts based on
[WARNING] mvn dependency:tree -Ddetail=true and the above output.
[WARNING] See https://maven.apache.org/plugins/maven-shade-plugin/
[INFO] 
[INFO] --- jar:3.5.1:test-jar (create-test-jar) @ benchmarks ---
[INFO] Skipping packaging of the test-jar
[INFO] 
[INFO] >>> source:3.4.0:jar (attach-sources) > generate-sources @ benchmarks >>>
[INFO] 
[INFO] --- enforcer:3.6.3:enforce (enforce-versions) @ benchmarks ---
[INFO] 
[INFO] --- license:5.1.2:check (check-licenses) @ benchmarks ---
[INFO] Checking licenses...
[INFO] License check: 2 file(s) checked (OK: 2, Missing: 0, Unknown: 0)
[INFO] 
[INFO] --- lombok:1.18.20.0:delombok (default) @ benchmarks ---
[INFO] Delombok complete.
[INFO] 
[INFO] <<< source:3.4.0:jar (attach-sources) < generate-sources @ benchmarks <<<
[INFO] 
[INFO] 
[INFO] --- source:3.4.0:jar (attach-sources) @ benchmarks ---
[INFO] Building jar: /Users/paulgallagher/Code/smart-caches-core/benchmarks/target/benchmarks-1.3.1-SNAPSHOT-sources.jar
[INFO] 
[INFO] >>> source:3.4.0:test-jar (attach-test-sources) > generate-sources @ benchmarks >>>
[INFO] 
[INFO] --- enforcer:3.6.3:enforce (enforce-versions) @ benchmarks ---
[INFO] 
[INFO] --- license:5.1.2:check (check-licenses) @ benchmarks ---
[INFO] Checking licenses...
[INFO] License check: 2 file(s) checked (OK: 2, Missing: 0, Unknown: 0)
[INFO] 
[INFO] --- lombok:1.18.20.0:delombok (default) @ benchmarks ---
[INFO] Delombok complete.
[INFO] 
[INFO] <<< source:3.4.0:test-jar (attach-test-sources) < generate-sources @ benchmarks <<<
[INFO] 
[INFO] 
[INFO] --- source:3.4.0:test-jar (attach-test-sources) @ benchmarks ---
[INFO] Skipping source per configuration.
[INFO] 
[INFO] --- javadoc:3.12.0:jar (default) @ benchmarks ---
[INFO] Building jar: /Users/paulgallagher/Code/smart-caches-core/benchmarks/target/benchmarks-1.3.1-SNAPSHOT-javadoc.jar
[INFO] 
[INFO] --- cyclonedx:2.9.3:makeAggregateBom (build-sbom-cyclonedx) @ benchmarks ---
[INFO] CycloneDX: Resolving Dependencies
[INFO] CycloneDX: Creating BOM version 1.6 with 23 component(s)
[INFO] CycloneDX: Writing and validating BOM (JSON): /Users/paulgallagher/Code/smart-caches-core/benchmarks/target/benchmarks-1.3.1-SNAPSHOT-bom.json
[INFO]            attaching as benchmarks-1.3.1-SNAPSHOT-cyclonedx.json
[INFO] 
[INFO] --- gpg:3.2.8:sign (default) @ benchmarks ---
[INFO] 
[INFO] --- install:3.1.2:install (default-install) @ benchmarks ---
[INFO] Installing /Users/paulgallagher/Code/smart-caches-core/benchmarks/dependency-reduced-pom.xml to /Users/paulgallagher/.m2/repository/io/telicent/smart-caches/benchmarks/1.3.1-SNAPSHOT/benchmarks-1.3.1-SNAPSHOT.pom
[INFO] Installing /Users/paulgallagher/Code/smart-caches-core/benchmarks/target/benchmarks-1.3.1-SNAPSHOT.jar to /Users/paulgallagher/.m2/repository/io/telicent/smart-caches/benchmarks/1.3.1-SNAPSHOT/benchmarks-1.3.1-SNAPSHOT.jar
[INFO] Installing /Users/paulgallagher/Code/smart-caches-core/benchmarks/target/benchmarks-1.3.1-SNAPSHOT-sources.jar to /Users/paulgallagher/.m2/repository/io/telicent/smart-caches/benchmarks/1.3.1-SNAPSHOT/benchmarks-1.3.1-SNAPSHOT-sources.jar
[INFO] Installing /Users/paulgallagher/Code/smart-caches-core/benchmarks/target/benchmarks-1.3.1-SNAPSHOT-javadoc.jar to /Users/paulgallagher/.m2/repository/io/telicent/smart-caches/benchmarks/1.3.1-SNAPSHOT/benchmarks-1.3.1-SNAPSHOT-javadoc.jar
[INFO] Installing /Users/paulgallagher/Code/smart-caches-core/benchmarks/target/benchmarks-1.3.1-SNAPSHOT-bom.json to /Users/paulgallagher/.m2/repository/io/telicent/smart-caches/benchmarks/1.3.1-SNAPSHOT/benchmarks-1.3.1-SNAPSHOT-cyclonedx.json
[INFO] ------------------------------------------------------------------------
[INFO] Reactor Summary for Telicent Smart Caches - Parent 1.3.1-SNAPSHOT:
[INFO] 
[INFO] Telicent Smart Caches - Parent ..................... SUCCESS [ 15.703 s]
[INFO] Telicent Smart Caches - Configuration API .......... SUCCESS [  6.919 s]
[INFO] Telicent Smart Caches - Observability Core API ..... SUCCESS [  6.593 s]
[INFO] Telicent Smart Caches - Projectors - Core API ...... SUCCESS [  8.779 s]
[INFO] Telicent Smart Caches - Event Sources .............. SUCCESS [  0.733 s]
[INFO] Telicent Smart Caches - Event Sources - Core API ... SUCCESS [  6.617 s]
[INFO] Telicent Smart Caches - Projectors - Driver ........ SUCCESS [  4.935 s]
[INFO] Telicent Smart Caches - Event Sources - Kafka ...... SUCCESS [ 10.253 s]
[INFO] Telicent Smart Caches - Event Sources - File ....... SUCCESS [ 12.916 s]
[INFO] Telicent Smart Caches - JWT Authentication ......... SUCCESS [  9.640 s]
[INFO] Telicent Smart Caches - Distribution Lifecycle ..... SUCCESS [  8.785 s]
[INFO] Telicent Smart Caches - Data Security Plugins - Parent SUCCESS [  2.087 s]
[INFO] Telicent Smart Caches - Data Security Plugins - Plugin API SUCCESS [ 14.156 s]
[INFO] Telicent Smart Caches - JAX-RS Base Server ......... SUCCESS [ 13.653 s]
[INFO] Telicent Smart Caches - CLI ........................ SUCCESS [  1.020 s]
[INFO] Telicent Smart Caches - CLI - Health Probe Server .. SUCCESS [  8.163 s]
[INFO] Telicent Smart Caches - Action Tracker ............. SUCCESS [  4.677 s]
[INFO] Telicent Smart Caches - CLI - Core API ............. SUCCESS [ 27.909 s]
[INFO] Telicent Smart Caches - CLI - Debug Tools .......... SUCCESS [ 11.327 s]
[INFO] Telicent Smart Caches - Data Security Plugins - RDF ABAC Implementation SUCCESS [ 11.581 s]
[INFO] Telicent Smart Caches - Data Security Plugins - RDF ABAC Registration SUCCESS [  6.588 s]
[INFO] Telicent Smart Caches - Core Benchmarks ............ SUCCESS [  3.194 s]
[INFO] ------------------------------------------------------------------------
[INFO] BUILD SUCCESS
[INFO] ------------------------------------------------------------------------
[INFO] Total time:  03:16 min
[INFO] Finished at: 2026-08-28T09:28:53+01:00
[INFO] ------------------------------------------------------------------------
